band_id,wavelength_nm,response
B01,300.0,0.0
B01,301.0,0.0
B01,302.0,0.0
B01,303.0,0.0
B01,304.0,0.0
B01,305.0,0.0
B01,306.0,0.0
B01,307.0,0.0
B01,308.0,0.0
B01,309.0,0.0
B01,310.0,0.0
B01,311.0,0.0
B01,312.0,0.0
B01,313.0,0.0
B01,314.0,0.0
B01,315.0,0.0
B01,316.0,0.0
B01,317.0,0.0
B01,318.0,0.0
B01,319.0,0.0
B01,320.0,0.0
B01,321.0,0.0
B01,322.0,0.0
B01,323.0,0.0
B01,324.0,0.0
B01,325.0,0.0
B01,326.0,0.0
B01,327.0,0.0
B01,328.0,0.0
B01,329.0,0.0
B01,330.0,0.0
B01,331.0,0.0
B01,332.0,0.0
B01,333.0,0.0
B01,334.0,0.0
B01,335.0,0.0
B01,336.0,0.0
B01,337.0,0.0
B01,338.0,0.0
B01,339.0,0.0
B01,340.0,0.0
B01,341.0,0.0
B01,342.0,0.0
B01,343.0,0.0
B01,344.0,0.0
B01,345.0,0.0
B01,346.0,0.0
B01,347.0,0.0
B01,348.0,0.0
B01,349.0,0.0
B01,350.0,0.0
B01,351.0,0.0
B01,352.0,0.0
B01,353.0,0.0
B01,354.0,0.0
B01,355.0,0.0
B01,356.0,0.0
B01,357.0,0.0
B01,358.0,0.0
B01,359.0,0.0
B01,360.0,0.0
B01,361.0,0.0
B01,362.0,0.0
B01,363.0,0.0
B01,364.0,0.0
B01,365.0,0.0
B01,366.0,0.0
B01,367.0,0.0
B01,368.0,0.0
B01,369.0,0.0
B01,370.0,0.0
B01,371.0,0.0
B01,372.0,0.0
B01,373.0,0.0
B01,374.0,0.0
B01,375.0,0.0
B01,376.0,0.0
B01,377.0,0.0
B01,378.0,0.0
B01,379.0,0.0
B01,380.0,0.0
B01,381.0,0.0
B01,382.0,0.0
B01,383.0,0.0
B01,384.0,0.0
B01,385.0,0.0
B01,386.0,0.0
B01,387.0,0.0
B01,388.0,0.0
B01,389.0,0.0
B01,390.0,0.0
B01,391.0,0.0
B01,392.0,0.0
B01,393.0,0.0
B01,394.0,0.0
B01,395.0,0.0
B01,396.0,0.0
B01,397.0,0.0
B01,398.0,0.0
B01,399.0,0.0
B01,400.0,0.0
B01,401.0,0.0
B01,402.0,0.0
B01,403.0,0.0
B01,404.0,0.0
B01,405.0,0.0
B01,406.0,0.0
B01,407.0,0.0
B01,408.0,0.0
B01,409.0,0.0
B01,410.0,0.0
B01,411.0,0.0062411
B01,412.0,0.01024045
B01,413.0,0.00402983
B01,414.0,0.00642179
B01,415.0,0.00552753
B01,416.0,0.0065525
B01,417.0,0.00409887
B01,418.0,0.006297
B01,419.0,0.00436742
B01,420.0,0.00233356
B01,421.0,0.00058162
B01,422.0,0.00202276
B01,423.0,0.00294328
B01,424.0,0.00485362
B01,425.0,0.00317041
B01,426.0,0.00237657
B01,427.0,0.00234612
B01,428.0,0.00440152
B01,429.0,0.01292397
B01,430.0,0.05001678
B01,431.0,0.18650104
B01,432.0,0.45441623
B01,433.0,0.72307877
B01,434.0,0.83999211
B01,435.0,0.86456334
B01,436.0,0.87472096
B01,437.0,0.89215296
B01,438.0,0.91090814
B01,439.0,0.92588017
B01,440.0,0.93924094
B01,441.0,0.94491826
B01,442.0,0.95078529
B01,443.0,0.96803023
B01,444.0,0.99939195
B01,445.0,1.0
B01,446.0,0.97548364
B01,447.0,0.96148351
B01,448.0,0.94986211
B01,449.0,0.91841452
B01,450.0,0.87989802
B01,451.0,0.80383677
B01,452.0,0.59752075
B01,453.0,0.30474132
B01,454.0,0.10798014
B01,455.0,0.0304465
B01,456.0,0.00885119
B01,457.0,0.0
B01,458.0,0.0
B01,459.0,0.0
B01,460.0,0.0
B01,461.0,0.0
B01,462.0,0.0
B01,463.0,0.0
B01,464.0,0.0
B01,465.0,0.0
B01,466.0,0.0
B01,467.0,0.0
B01,468.0,0.0
B01,469.0,0.0
B01,470.0,0.0
B01,471.0,0.0
B01,472.0,0.0
B01,473.0,0.0
B01,474.0,0.0
B01,475.0,0.0
B01,476.0,0.0
B01,477.0,0.0
B01,478.0,0.0
B01,479.0,0.0
B01,480.0,0.0
B01,481.0,0.0
B01,482.0,0.0
B01,483.0,0.0
B01,484.0,0.0
B01,485.0,0.0
B01,486.0,0.0
B01,487.0,0.0
B01,488.0,0.0
B01,489.0,0.0
B01,490.0,0.0
B01,491.0,0.0
B01,492.0,0.0
B01,493.0,0.0
B01,494.0,0.0
B01,495.0,0.0
B01,496.0,0.0
B01,497.0,0.0
B01,498.0,0.0
B01,499.0,0.0
B01,500.0,0.0
B01,501.0,0.0
B01,502.0,0.0
B01,503.0,0.0
B01,504.0,0.0
B01,505.0,0.0
B01,506.0,0.0
B01,507.0,0.0
B01,508.0,0.0
B01,509.0,0.0
B01,510.0,0.0
B01,511.0,0.0
B01,512.0,0.0
B01,513.0,0.0
B01,514.0,0.0
B01,515.0,0.0
B01,516.0,0.0
B01,517.0,0.0
B01,518.0,0.0
B01,519.0,0.0
B01,520.0,0.0
B01,521.0,0.0
B01,522.0,0.0
B01,523.0,0.0
B01,524.0,0.0
B01,525.0,0.0
B01,526.0,0.0
B01,527.0,0.0
B01,528.0,0.0
B01,529.0,0.0
B01,530.0,0.0
B01,531.0,0.0
B01,532.0,0.0
B01,533.0,0.0
B01,534.0,0.0
B01,535.0,0.0
B01,536.0,0.0
B01,537.0,0.0
B01,538.0,0.0
B01,539.0,0.0
B01,540.0,0.0
B01,541.0,0.0
B01,542.0,0.0
B01,543.0,0.0
B01,544.0,0.0
B01,545.0,0.0
B01,546.0,0.0
B01,547.0,0.0
B01,548.0,0.0
B01,549.0,0.0
B01,550.0,0.0
B01,551.0,0.0
B01,552.0,0.0
B01,553.0,0.0
B01,554.0,0.0
B01,555.0,0.0
B01,556.0,0.0
B01,557.0,0.0
B01,558.0,0.0
B01,559.0,0.0
B01,560.0,0.0
B01,561.0,0.0
B01,562.0,0.0
B01,563.0,0.0
B01,564.0,0.0
B01,565.0,0.0
B01,566.0,0.0
B01,567.0,0.0
B01,568.0,0.0
B01,569.0,0.0
B01,570.0,0.0
B01,571.0,0.0
B01,572.0,0.0
B01,573.0,0.0
B01,574.0,0.0
B01,575.0,0.0
B01,576.0,0.0
B01,577.0,0.0
B01,578.0,0.0
B01,579.0,0.0
B01,580.0,0.0
B01,581.0,0.0
B01,582.0,0.0
B01,583.0,0.0
B01,584.0,0.0
B01,585.0,0.0
B01,586.0,0.0
B01,587.0,0.0
B01,588.0,0.0
B01,589.0,0.0
B01,590.0,0.0
B01,591.0,0.0
B01,592.0,0.0
B01,593.0,0.0
B01,594.0,0.0
B01,595.0,0.0
B01,596.0,0.0
B01,597.0,0.0
B01,598.0,0.0
B01,599.0,0.0
B01,600.0,0.0
B01,601.0,0.0
B01,602.0,0.0
B01,603.0,0.0
B01,604.0,0.0
B01,605.0,0.0
B01,606.0,0.0
B01,607.0,0.0
B01,608.0,0.0
B01,609.0,0.0
B01,610.0,0.0
B01,611.0,0.0
B01,612.0,0.0
B01,613.0,0.0
B01,614.0,0.0
B01,615.0,0.0
B01,616.0,0.0
B01,617.0,0.0
B01,618.0,0.0
B01,619.0,0.0
B01,620.0,0.0
B01,621.0,0.0
B01,622.0,0.0
B01,623.0,0.0
B01,624.0,0.0
B01,625.0,0.0
B01,626.0,0.0
B01,627.0,0.0
B01,628.0,0.0
B01,629.0,0.0
B01,630.0,0.0
B01,631.0,0.0
B01,632.0,0.0
B01,633.0,0.0
B01,634.0,0.0
B01,635.0,0.0
B01,636.0,0.0
B01,637.0,0.0
B01,638.0,0.0
B01,639.0,0.0
B01,640.0,0.0
B01,641.0,0.0
B01,642.0,0.0
B01,643.0,0.0
B01,644.0,0.0
B01,645.0,0.0
B01,646.0,0.0
B01,647.0,0.0
B01,648.0,0.0
B01,649.0,0.0
B01,650.0,0.0
B01,651.0,0.0
B01,652.0,0.0
B01,653.0,0.0
B01,654.0,0.0
B01,655.0,0.0
B01,656.0,0.0
B01,657.0,0.0
B01,658.0,0.0
B01,659.0,0.0
B01,660.0,0.0
B01,661.0,0.0
B01,662.0,0.0
B01,663.0,0.0
B01,664.0,0.0
B01,665.0,0.0
B01,666.0,0.0
B01,667.0,0.0
B01,668.0,0.0
B01,669.0,0.0
B01,670.0,0.0
B01,671.0,0.0
B01,672.0,0.0
B01,673.0,0.0
B01,674.0,0.0
B01,675.0,0.0
B01,676.0,0.0
B01,677.0,0.0
B01,678.0,0.0
B01,679.0,0.0
B01,680.0,0.0
B01,681.0,0.0
B01,682.0,0.0
B01,683.0,0.0
B01,684.0,0.0
B01,685.0,0.0
B01,686.0,0.0
B01,687.0,0.0
B01,688.0,0.0
B01,689.0,0.0
B01,690.0,0.0
B01,691.0,0.0
B01,692.0,0.0
B01,693.0,0.0
B01,694.0,0.0
B01,695.0,0.0
B01,696.0,0.0
B01,697.0,0.0
B01,698.0,0.0
B01,699.0,0.0
B01,700.0,0.0
B01,701.0,0.0
B01,702.0,0.0
B01,703.0,0.0
B01,704.0,0.0
B01,705.0,0.0
B01,706.0,0.0
B01,707.0,0.0
B01,708.0,0.0
B01,709.0,0.0
B01,710.0,0.0
B01,711.0,0.0
B01,712.0,0.0
B01,713.0,0.0
B01,714.0,0.0
B01,715.0,0.0
B01,716.0,0.0
B01,717.0,0.0
B01,718.0,0.0
B01,719.0,0.0
B01,720.0,0.0
B01,721.0,0.0
B01,722.0,0.0
B01,723.0,0.0
B01,724.0,0.0
B01,725.0,0.0
B01,726.0,0.0
B01,727.0,0.0
B01,728.0,0.0
B01,729.0,0.0
B01,730.0,0.0
B01,731.0,0.0
B01,732.0,0.0
B01,733.0,0.0
B01,734.0,0.0
B01,735.0,0.0
B01,736.0,0.0
B01,737.0,0.0
B01,738.0,0.0
B01,739.0,0.0
B01,740.0,0.0
B01,741.0,0.0
B01,742.0,0.0
B01,743.0,0.0
B01,744.0,0.0
B01,745.0,0.0
B01,746.0,0.0
B01,747.0,0.0
B01,748.0,0.0
B01,749.0,0.0
B01,750.0,0.0
B01,751.0,0.0
B01,752.0,0.0
B01,753.0,0.0
B01,754.0,0.0
B01,755.0,0.0
B01,756.0,0.0
B01,757.0,0.0
B01,758.0,0.0
B01,759.0,0.0
B01,760.0,0.0
B01,761.0,0.0
B01,762.0,0.0
B01,763.0,0.0
B01,764.0,0.0
B01,765.0,0.0
B01,766.0,0.0
B01,767.0,0.0
B01,768.0,0.0
B01,769.0,0.0
B01,770.0,0.0
B01,771.0,0.0
B01,772.0,0.0
B01,773.0,0.0
B01,774.0,0.0
B01,775.0,0.0
B01,776.0,0.0
B01,777.0,0.0
B01,778.0,0.0
B01,779.0,0.0
B01,780.0,0.0
B01,781.0,0.0
B01,782.0,0.0
B01,783.0,0.0
B01,784.0,0.0
B01,785.0,0.0
B01,786.0,0.0
B01,787.0,0.0
B01,788.0,0.0
B01,789.0,0.0
B01,790.0,0.0
B01,791.0,0.0
B01,792.0,0.0
B01,793.0,0.0
B01,794.0,0.0
B01,795.0,0.0
B01,796.0,0.0
B01,797.0,0.0
B01,798.0,0.0
B01,799.0,0.0
B01,800.0,0.0
B01,801.0,0.0
B01,802.0,0.0
B01,803.0,0.0
B01,804.0,0.0
B01,805.0,0.0
B01,806.0,0.0
B01,807.0,0.0
B01,808.0,0.0
B01,809.0,0.0
B01,810.0,0.0
B01,811.0,0.0
B01,812.0,0.0
B01,813.0,0.0
B01,814.0,0.0
B01,815.0,0.0
B01,816.0,0.0
B01,817.0,0.0
B01,818.0,0.0
B01,819.0,0.0
B01,820.0,0.0
B01,821.0,0.0
B01,822.0,0.0
B01,823.0,0.0
B01,824.0,0.0
B01,825.0,0.0
B01,826.0,0.0
B01,827.0,0.0
B01,828.0,0.0
B01,829.0,0.0
B01,830.0,0.0
B01,831.0,0.0
B01,832.0,0.0
B01,833.0,0.0
B01,834.0,0.0
B01,835.0,0.0
B01,836.0,0.0
B01,837.0,0.0
B01,838.0,0.0
B01,839.0,0.0
B01,840.0,0.0
B01,841.0,0.0
B01,842.0,0.0
B01,843.0,0.0
B01,844.0,0.0
B01,845.0,0.0
B01,846.0,0.0
B01,847.0,0.0
B01,848.0,0.0
B01,849.0,0.0
B01,850.0,0.0
B01,851.0,0.0
B01,852.0,0.0
B01,853.0,0.0
B01,854.0,0.0
B01,855.0,0.0
B01,856.0,0.0
B01,857.0,0.0
B01,858.0,0.0
B01,859.0,0.0
B01,860.0,0.0
B01,861.0,0.0
B01,862.0,0.0
B01,863.0,0.0
B01,864.0,0.0
B01,865.0,0.0
B01,866.0,0.0
B01,867.0,0.0
B01,868.0,0.0
B01,869.0,0.0
B01,870.0,0.0
B01,871.0,0.0
B01,872.0,0.0
B01,873.0,0.0
B01,874.0,0.0
B01,875.0,0.0
B01,876.0,0.0
B01,877.0,0.0
B01,878.0,0.0
B01,879.0,0.0
B01,880.0,0.0
B01,881.0,0.0
B01,882.0,0.0
B01,883.0,0.0
B01,884.0,0.0
B01,885.0,0.0
B01,886.0,0.0
B01,887.0,0.0
B01,888.0,0.0
B01,889.0,0.0
B01,890.0,0.0
B01,891.0,0.0
B01,892.0,0.0
B01,893.0,0.0
B01,894.0,0.0
B01,895.0,0.0
B01,896.0,0.0
B01,897.0,0.0
B01,898.0,0.0
B01,899.0,0.0
B01,900.0,0.0
B01,901.0,0.0
B01,902.0,0.0
B01,903.0,0.0
B01,904.0,0.0
B01,905.0,0.0
B01,906.0,0.0
B01,907.0,0.0
B01,908.0,0.0
B01,909.0,0.0
B01,910.0,0.0
B01,911.0,0.0
B01,912.0,0.0
B01,913.0,0.0
B01,914.0,0.0
B01,915.0,0.0
B01,916.0,0.0
B01,917.0,0.0
B01,918.0,0.0
B01,919.0,0.0
B01,920.0,0.0
B01,921.0,0.0
B01,922.0,0.0
B01,923.0,0.0
B01,924.0,0.0
B01,925.0,0.0
B01,926.0,0.0
B01,927.0,0.0
B01,928.0,0.0
B01,929.0,0.0
B01,930.0,0.0
B01,931.0,0.0
B01,932.0,0.0
B01,933.0,0.0
B01,934.0,0.0
B01,935.0,0.0
B01,936.0,0.0
B01,937.0,0.0
B01,938.0,0.0
B01,939.0,0.0
B01,940.0,0.0
B01,941.0,0.0
B01,942.0,0.0
B01,943.0,0.0
B01,944.0,0.0
B01,945.0,0.0
B01,946.0,0.0
B01,947.0,0.0
B01,948.0,0.0
B01,949.0,0.0
B01,950.0,0.0
B01,951.0,0.0
B01,952.0,0.0
B01,953.0,0.0
B01,954.0,0.0
B01,955.0,0.0
B01,956.0,0.0
B01,957.0,0.0
B01,958.0,0.0
B01,959.0,0.0
B01,960.0,0.0
B01,961.0,0.0
B01,962.0,0.0
B01,963.0,0.0
B01,964.0,0.0
B01,965.0,0.0
B01,966.0,0.0
B01,967.0,0.0
B01,968.0,0.0
B01,969.0,0.0
B01,970.0,0.0
B01,971.0,0.0
B01,972.0,0.0
B01,973.0,0.0
B01,974.0,0.0
B01,975.0,0.0
B01,976.0,0.0
B01,977.0,0.0
B01,978.0,0.0
B01,979.0,0.0
B01,980.0,0.0
B01,981.0,0.0
B01,982.0,0.0
B01,983.0,0.0
B01,984.0,0.0
B01,985.0,0.0
B01,986.0,0.0
B01,987.0,0.0
B01,988.0,0.0
B01,989.0,0.0
B01,990.0,0.0
B01,991.0,0.0
B01,992.0,0.0
B01,993.0,0.0
B01,994.0,0.0
B01,995.0,0.0
B01,996.0,0.0
B01,997.0,0.0
B01,998.0,0.0
B01,999.0,0.0
B01,1000.0,0.0
B01,1001.0,0.0
B01,1002.0,0.0
B01,1003.0,0.0
B01,1004.0,0.0
B01,1005.0,0.0
B01,1006.0,0.0
B01,1007.0,0.0
B01,1008.0,0.0
B01,1009.0,0.0
B01,1010.0,0.0
B01,1011.0,0.0
B01,1012.0,0.0
B01,1013.0,0.0
B01,1014.0,0.0
B01,1015.0,0.0
B01,1016.0,0.0
B01,1017.0,0.0
B01,1018.0,0.0
B01,1019.0,0.0
B01,1020.0,0.0
B01,1021.0,0.0
B01,1022.0,0.0
B01,1023.0,0.0
B01,1024.0,0.0
B01,1025.0,0.0
B01,1026.0,0.0
B01,1027.0,0.0
B01,1028.0,0.0
B01,1029.0,0.0
B01,1030.0,0.0
B01,1031.0,0.0
B01,1032.0,0.0
B01,1033.0,0.0
B01,1034.0,0.0
B01,1035.0,0.0
B01,1036.0,0.0
B01,1037.0,0.0
B01,1038.0,0.0
B01,1039.0,0.0
B01,1040.0,0.0
B01,1041.0,0.0
B01,1042.0,0.0
B01,1043.0,0.0
B01,1044.0,0.0
B01,1045.0,0.0
B01,1046.0,0.0
B01,1047.0,0.0
B01,1048.0,0.0
B01,1049.0,0.0
B01,1050.0,0.0
B01,1051.0,0.0
B01,1052.0,0.0
B01,1053.0,0.0
B01,1054.0,0.0
B01,1055.0,0.0
B01,1056.0,0.0
B01,1057.0,0.0
B01,1058.0,0.0
B01,1059.0,0.0
B01,1060.0,0.0
B01,1061.0,0.0
B01,1062.0,0.0
B01,1063.0,0.0
B01,1064.0,0.0
B01,1065.0,0.0
B01,1066.0,0.0
B01,1067.0,0.0
B01,1068.0,0.0
B01,1069.0,0.0
B01,1070.0,0.0
B01,1071.0,0.0
B01,1072.0,0.0
B01,1073.0,0.0
B01,1074.0,0.0
B01,1075.0,0.0
B01,1076.0,0.0
B01,1077.0,0.0
B01,1078.0,0.0
B01,1079.0,0.0
B01,1080.0,0.0
B01,1081.0,0.0
B01,1082.0,0.0
B01,1083.0,0.0
B01,1084.0,0.0
B01,1085.0,0.0
B01,1086.0,0.0
B01,1087.0,0.0
B01,1088.0,0.0
B01,1089.0,0.0
B01,1090.0,0.0
B01,1091.0,0.0
B01,1092.0,0.0
B01,1093.0,0.0
B01,1094.0,0.0
B01,1095.0,0.0
B01,1096.0,0.0
B01,1097.0,0.0
B01,1098.0,0.0
B01,1099.0,0.0
B01,1100.0,0.0
B01,1101.0,0.0
B01,1102.0,0.0
B01,1103.0,0.0
B01,1104.0,0.0
B01,1105.0,0.0
B01,1106.0,0.0
B01,1107.0,0.0
B01,1108.0,0.0
B01,1109.0,0.0
B01,1110.0,0.0
B01,1111.0,0.0
B01,1112.0,0.0
B01,1113.0,0.0
B01,1114.0,0.0
B01,1115.0,0.0
B01,1116.0,0.0
B01,1117.0,0.0
B01,1118.0,0.0
B01,1119.0,0.0
B01,1120.0,0.0
B01,1121.0,0.0
B01,1122.0,0.0
B01,1123.0,0.0
B01,1124.0,0.0
B01,1125.0,0.0
B01,1126.0,0.0
B01,1127.0,0.0
B01,1128.0,0.0
B01,1129.0,0.0
B01,1130.0,0.0
B01,1131.0,0.0
B01,1132.0,0.0
B01,1133.0,0.0
B01,1134.0,0.0
B01,1135.0,0.0
B01,1136.0,0.0
B01,1137.0,0.0
B01,1138.0,0.0
B01,1139.0,0.0
B01,1140.0,0.0
B01,1141.0,0.0
B01,1142.0,0.0
B01,1143.0,0.0
B01,1144.0,0.0
B01,1145.0,0.0
B01,1146.0,0.0
B01,1147.0,0.0
B01,1148.0,0.0
B01,1149.0,0.0
B01,1150.0,0.0
B01,1151.0,0.0
B01,1152.0,0.0
B01,1153.0,0.0
B01,1154.0,0.0
B01,1155.0,0.0
B01,1156.0,0.0
B01,1157.0,0.0
B01,1158.0,0.0
B01,1159.0,0.0
B01,1160.0,0.0
B01,1161.0,0.0
B01,1162.0,0.0
B01,1163.0,0.0
B01,1164.0,0.0
B01,1165.0,0.0
B01,1166.0,0.0
B01,1167.0,0.0
B01,1168.0,0.0
B01,1169.0,0.0
B01,1170.0,0.0
B01,1171.0,0.0
B01,1172.0,0.0
B01,1173.0,0.0
B01,1174.0,0.0
B01,1175.0,0.0
B01,1176.0,0.0
B01,1177.0,0.0
B01,1178.0,0.0
B01,1179.0,0.0
B01,1180.0,0.0
B01,1181.0,0.0
B01,1182.0,0.0
B01,1183.0,0.0
B01,1184.0,0.0
B01,1185.0,0.0
B01,1186.0,0.0
B01,1187.0,0.0
B01,1188.0,0.0
B01,1189.0,0.0
B01,1190.0,0.0
B01,1191.0,0.0
B01,1192.0,0.0
B01,1193.0,0.0
B01,1194.0,0.0
B01,1195.0,0.0
B01,1196.0,0.0
B01,1197.0,0.0
B01,1198.0,0.0
B01,1199.0,0.0
B01,1200.0,0.0
B01,1201.0,0.0
B01,1202.0,0.0
B01,1203.0,0.0
B01,1204.0,0.0
B01,1205.0,0.0
B01,1206.0,0.0
B01,1207.0,0.0
B01,1208.0,0.0
B01,1209.0,0.0
B01,1210.0,0.0
B01,1211.0,0.0
B01,1212.0,0.0
B01,1213.0,0.0
B01,1214.0,0.0
B01,1215.0,0.0
B01,1216.0,0.0
B01,1217.0,0.0
B01,1218.0,0.0
B01,1219.0,0.0
B01,1220.0,0.0
B01,1221.0,0.0
B01,1222.0,0.0
B01,1223.0,0.0
B01,1224.0,0.0
B01,1225.0,0.0
B01,1226.0,0.0
B01,1227.0,0.0
B01,1228.0,0.0
B01,1229.0,0.0
B01,1230.0,0.0
B01,1231.0,0.0
B01,1232.0,0.0
B01,1233.0,0.0
B01,1234.0,0.0
B01,1235.0,0.0
B01,1236.0,0.0
B01,1237.0,0.0
B01,1238.0,0.0
B01,1239.0,0.0
B01,1240.0,0.0
B01,1241.0,0.0
B01,1242.0,0.0
B01,1243.0,0.0
B01,1244.0,0.0
B01,1245.0,0.0
B01,1246.0,0.0
B01,1247.0,0.0
B01,1248.0,0.0
B01,1249.0,0.0
B01,1250.0,0.0
B01,1251.0,0.0
B01,1252.0,0.0
B01,1253.0,0.0
B01,1254.0,0.0
B01,1255.0,0.0
B01,1256.0,0.0
B01,1257.0,0.0
B01,1258.0,0.0
B01,1259.0,0.0
B01,1260.0,0.0
B01,1261.0,0.0
B01,1262.0,0.0
B01,1263.0,0.0
B01,1264.0,0.0
B01,1265.0,0.0
B01,1266.0,0.0
B01,1267.0,0.0
B01,1268.0,0.0
B01,1269.0,0.0
B01,1270.0,0.0
B01,1271.0,0.0
B01,1272.0,0.0
B01,1273.0,0.0
B01,1274.0,0.0
B01,1275.0,0.0
B01,1276.0,0.0
B01,1277.0,0.0
B01,1278.0,0.0
B01,1279.0,0.0
B01,1280.0,0.0
B01,1281.0,0.0
B01,1282.0,0.0
B01,1283.0,0.0
B01,1284.0,0.0
B01,1285.0,0.0
B01,1286.0,0.0
B01,1287.0,0.0
B01,1288.0,0.0
B01,1289.0,0.0
B01,1290.0,0.0
B01,1291.0,0.0
B01,1292.0,0.0
B01,1293.0,0.0
B01,1294.0,0.0
B01,1295.0,0.0
B01,1296.0,0.0
B01,1297.0,0.0
B01,1298.0,0.0
B01,1299.0,0.0
B01,1300.0,0.0
B01,1301.0,0.0
B01,1302.0,0.0
B01,1303.0,0.0
B01,1304.0,0.0
B01,1305.0,0.0
B01,1306.0,0.0
B01,1307.0,0.0
B01,1308.0,0.0
B01,1309.0,0.0
B01,1310.0,0.0
B01,1311.0,0.0
B01,1312.0,0.0
B01,1313.0,0.0
B01,1314.0,0.0
B01,1315.0,0.0
B01,1316.0,0.0
B01,1317.0,0.0
B01,1318.0,0.0
B01,1319.0,0.0
B01,1320.0,0.0
B01,1321.0,0.0
B01,1322.0,0.0
B01,1323.0,0.0
B01,1324.0,0.0
B01,1325.0,0.0
B01,1326.0,0.0
B01,1327.0,0.0
B01,1328.0,0.0
B01,1329.0,0.0
B01,1330.0,0.0
B01,1331.0,0.0
B01,1332.0,0.0
B01,1333.0,0.0
B01,1334.0,0.0
B01,1335.0,0.0
B01,1336.0,0.0
B01,1337.0,0.0
B01,1338.0,0.0
B01,1339.0,0.0
B01,1340.0,0.0
B01,1341.0,0.0
B01,1342.0,0.0
B01,1343.0,0.0
B01,1344.0,0.0
B01,1345.0,0.0
B01,1346.0,0.0
B01,1347.0,0.0
B01,1348.0,0.0
B01,1349.0,0.0
B01,1350.0,0.0
B01,1351.0,0.0
B01,1352.0,0.0
B01,1353.0,0.0
B01,1354.0,0.0
B01,1355.0,0.0
B01,1356.0,0.0
B01,1357.0,0.0
B01,1358.0,0.0
B01,1359.0,0.0
B01,1360.0,0.0
B01,1361.0,0.0
B01,1362.0,0.0
B01,1363.0,0.0
B01,1364.0,0.0
B01,1365.0,0.0
B01,1366.0,0.0
B01,1367.0,0.0
B01,1368.0,0.0
B01,1369.0,0.0
B01,1370.0,0.0
B01,1371.0,0.0
B01,1372.0,0.0
B01,1373.0,0.0
B01,1374.0,0.0
B01,1375.0,0.0
B01,1376.0,0.0
B01,1377.0,0.0
B01,1378.0,0.0
B01,1379.0,0.0
B01,1380.0,0.0
B01,1381.0,0.0
B01,1382.0,0.0
B01,1383.0,0.0
B01,1384.0,0.0
B01,1385.0,0.0
B01,1386.0,0.0
B01,1387.0,0.0
B01,1388.0,0.0
B01,1389.0,0.0
B01,1390.0,0.0
B01,1391.0,0.0
B01,1392.0,0.0
B01,1393.0,0.0
B01,1394.0,0.0
B01,1395.0,0.0
B01,1396.0,0.0
B01,1397.0,0.0
B01,1398.0,0.0
B01,1399.0,0.0
B01,1400.0,0.0
B01,1401.0,0.0
B01,1402.0,0.0
B01,1403.0,0.0
B01,1404.0,0.0
B01,1405.0,0.0
B01,1406.0,0.0
B01,1407.0,0.0
B01,1408.0,0.0
B01,1409.0,0.0
B01,1410.0,0.0
B01,1411.0,0.0
B01,1412.0,0.0
B01,1413.0,0.0
B01,1414.0,0.0
B01,1415.0,0.0
B01,1416.0,0.0
B01,1417.0,0.0
B01,1418.0,0.0
B01,1419.0,0.0
B01,1420.0,0.0
B01,1421.0,0.0
B01,1422.0,0.0
B01,1423.0,0.0
B01,1424.0,0.0
B01,1425.0,0.0
B01,1426.0,0.0
B01,1427.0,0.0
B01,1428.0,0.0
B01,1429.0,0.0
B01,1430.0,0.0
B01,1431.0,0.0
B01,1432.0,0.0
B01,1433.0,0.0
B01,1434.0,0.0
B01,1435.0,0.0
B01,1436.0,0.0
B01,1437.0,0.0
B01,1438.0,0.0
B01,1439.0,0.0
B01,1440.0,0.0
B01,1441.0,0.0
B01,1442.0,0.0
B01,1443.0,0.0
B01,1444.0,0.0
B01,1445.0,0.0
B01,1446.0,0.0
B01,1447.0,0.0
B01,1448.0,0.0
B01,1449.0,0.0
B01,1450.0,0.0
B01,1451.0,0.0
B01,1452.0,0.0
B01,1453.0,0.0
B01,1454.0,0.0
B01,1455.0,0.0
B01,1456.0,0.0
B01,1457.0,0.0
B01,1458.0,0.0
B01,1459.0,0.0
B01,1460.0,0.0
B01,1461.0,0.0
B01,1462.0,0.0
B01,1463.0,0.0
B01,1464.0,0.0
B01,1465.0,0.0
B01,1466.0,0.0
B01,1467.0,0.0
B01,1468.0,0.0
B01,1469.0,0.0
B01,1470.0,0.0
B01,1471.0,0.0
B01,1472.0,0.0
B01,1473.0,0.0
B01,1474.0,0.0
B01,1475.0,0.0
B01,1476.0,0.0
B01,1477.0,0.0
B01,1478.0,0.0
B01,1479.0,0.0
B01,1480.0,0.0
B01,1481.0,0.0
B01,1482.0,0.0
B01,1483.0,0.0
B01,1484.0,0.0
B01,1485.0,0.0
B01,1486.0,0.0
B01,1487.0,0.0
B01,1488.0,0.0
B01,1489.0,0.0
B01,1490.0,0.0
B01,1491.0,0.0
B01,1492.0,0.0
B01,1493.0,0.0
B01,1494.0,0.0
B01,1495.0,0.0
B01,1496.0,0.0
B01,1497.0,0.0
B01,1498.0,0.0
B01,1499.0,0.0
B01,1500.0,0.0
B01,1501.0,0.0
B01,1502.0,0.0
B01,1503.0,0.0
B01,1504.0,0.0
B01,1505.0,0.0
B01,1506.0,0.0
B01,1507.0,0.0
B01,1508.0,0.0
B01,1509.0,0.0
B01,1510.0,0.0
B01,1511.0,0.0
B01,1512.0,0.0
B01,1513.0,0.0
B01,1514.0,0.0
B01,1515.0,0.0
B01,1516.0,0.0
B01,1517.0,0.0
B01,1518.0,0.0
B01,1519.0,0.0
B01,1520.0,0.0
B01,1521.0,0.0
B01,1522.0,0.0
B01,1523.0,0.0
B01,1524.0,0.0
B01,1525.0,0.0
B01,1526.0,0.0
B01,1527.0,0.0
B01,1528.0,0.0
B01,1529.0,0.0
B01,1530.0,0.0
B01,1531.0,0.0
B01,1532.0,0.0
B01,1533.0,0.0
B01,1534.0,0.0
B01,1535.0,0.0
B01,1536.0,0.0
B01,1537.0,0.0
B01,1538.0,0.0
B01,1539.0,0.0
B01,1540.0,0.0
B01,1541.0,0.0
B01,1542.0,0.0
B01,1543.0,0.0
B01,1544.0,0.0
B01,1545.0,0.0
B01,1546.0,0.0
B01,1547.0,0.0
B01,1548.0,0.0
B01,1549.0,0.0
B01,1550.0,0.0
B01,1551.0,0.0
B01,1552.0,0.0
B01,1553.0,0.0
B01,1554.0,0.0
B01,1555.0,0.0
B01,1556.0,0.0
B01,1557.0,0.0
B01,1558.0,0.0
B01,1559.0,0.0
B01,1560.0,0.0
B01,1561.0,0.0
B01,1562.0,0.0
B01,1563.0,0.0
B01,1564.0,0.0
B01,1565.0,0.0
B01,1566.0,0.0
B01,1567.0,0.0
B01,1568.0,0.0
B01,1569.0,0.0
B01,1570.0,0.0
B01,1571.0,0.0
B01,1572.0,0.0
B01,1573.0,0.0
B01,1574.0,0.0
B01,1575.0,0.0
B01,1576.0,0.0
B01,1577.0,0.0
B01,1578.0,0.0
B01,1579.0,0.0
B01,1580.0,0.0
B01,1581.0,0.0
B01,1582.0,0.0
B01,1583.0,0.0
B01,1584.0,0.0
B01,1585.0,0.0
B01,1586.0,0.0
B01,1587.0,0.0
B01,1588.0,0.0
B01,1589.0,0.0
B01,1590.0,0.0
B01,1591.0,0.0
B01,1592.0,0.0
B01,1593.0,0.0
B01,1594.0,0.0
B01,1595.0,0.0
B01,1596.0,0.0
B01,1597.0,0.0
B01,1598.0,0.0
B01,1599.0,0.0
B01,1600.0,0.0
B01,1601.0,0.0
B01,1602.0,0.0
B01,1603.0,0.0
B01,1604.0,0.0
B01,1605.0,0.0
B01,1606.0,0.0
B01,1607.0,0.0
B01,1608.0,0.0
B01,1609.0,0.0
B01,1610.0,0.0
B01,1611.0,0.0
B01,1612.0,0.0
B01,1613.0,0.0
B01,1614.0,0.0
B01,1615.0,0.0
B01,1616.0,0.0
B01,1617.0,0.0
B01,1618.0,0.0
B01,1619.0,0.0
B01,1620.0,0.0
B01,1621.0,0.0
B01,1622.0,0.0
B01,1623.0,0.0
B01,1624.0,0.0
B01,1625.0,0.0
B01,1626.0,0.0
B01,1627.0,0.0
B01,1628.0,0.0
B01,1629.0,0.0
B01,1630.0,0.0
B01,1631.0,0.0
B01,1632.0,0.0
B01,1633.0,0.0
B01,1634.0,0.0
B01,1635.0,0.0
B01,1636.0,0.0
B01,1637.0,0.0
B01,1638.0,0.0
B01,1639.0,0.0
B01,1640.0,0.0
B01,1641.0,0.0
B01,1642.0,0.0
B01,1643.0,0.0
B01,1644.0,0.0
B01,1645.0,0.0
B01,1646.0,0.0
B01,1647.0,0.0
B01,1648.0,0.0
B01,1649.0,0.0
B01,1650.0,0.0
B01,1651.0,0.0
B01,1652.0,0.0
B01,1653.0,0.0
B01,1654.0,0.0
B01,1655.0,0.0
B01,1656.0,0.0
B01,1657.0,0.0
B01,1658.0,0.0
B01,1659.0,0.0
B01,1660.0,0.0
B01,1661.0,0.0
B01,1662.0,0.0
B01,1663.0,0.0
B01,1664.0,0.0
B01,1665.0,0.0
B01,1666.0,0.0
B01,1667.0,0.0
B01,1668.0,0.0
B01,1669.0,0.0
B01,1670.0,0.0
B01,1671.0,0.0
B01,1672.0,0.0
B01,1673.0,0.0
B01,1674.0,0.0
B01,1675.0,0.0
B01,1676.0,0.0
B01,1677.0,0.0
B01,1678.0,0.0
B01,1679.0,0.0
B01,1680.0,0.0
B01,1681.0,0.0
B01,1682.0,0.0
B01,1683.0,0.0
B01,1684.0,0.0
B01,1685.0,0.0
B01,1686.0,0.0
B01,1687.0,0.0
B01,1688.0,0.0
B01,1689.0,0.0
B01,1690.0,0.0
B01,1691.0,0.0
B01,1692.0,0.0
B01,1693.0,0.0
B01,1694.0,0.0
B01,1695.0,0.0
B01,1696.0,0.0
B01,1697.0,0.0
B01,1698.0,0.0
B01,1699.0,0.0
B01,1700.0,0.0
B01,1701.0,0.0
B01,1702.0,0.0
B01,1703.0,0.0
B01,1704.0,0.0
B01,1705.0,0.0
B01,1706.0,0.0
B01,1707.0,0.0
B01,1708.0,0.0
B01,1709.0,0.0
B01,1710.0,0.0
B01,1711.0,0.0
B01,1712.0,0.0
B01,1713.0,0.0
B01,1714.0,0.0
B01,1715.0,0.0
B01,1716.0,0.0
B01,1717.0,0.0
B01,1718.0,0.0
B01,1719.0,0.0
B01,1720.0,0.0
B01,1721.0,0.0
B01,1722.0,0.0
B01,1723.0,0.0
B01,1724.0,0.0
B01,1725.0,0.0
B01,1726.0,0.0
B01,1727.0,0.0
B01,1728.0,0.0
B01,1729.0,0.0
B01,1730.0,0.0
B01,1731.0,0.0
B01,1732.0,0.0
B01,1733.0,0.0
B01,1734.0,0.0
B01,1735.0,0.0
B01,1736.0,0.0
B01,1737.0,0.0
B01,1738.0,0.0
B01,1739.0,0.0
B01,1740.0,0.0
B01,1741.0,0.0
B01,1742.0,0.0
B01,1743.0,0.0
B01,1744.0,0.0
B01,1745.0,0.0
B01,1746.0,0.0
B01,1747.0,0.0
B01,1748.0,0.0
B01,1749.0,0.0
B01,1750.0,0.0
B01,1751.0,0.0
B01,1752.0,0.0
B01,1753.0,0.0
B01,1754.0,0.0
B01,1755.0,0.0
B01,1756.0,0.0
B01,1757.0,0.0
B01,1758.0,0.0
B01,1759.0,0.0
B01,1760.0,0.0
B01,1761.0,0.0
B01,1762.0,0.0
B01,1763.0,0.0
B01,1764.0,0.0
B01,1765.0,0.0
B01,1766.0,0.0
B01,1767.0,0.0
B01,1768.0,0.0
B01,1769.0,0.0
B01,1770.0,0.0
B01,1771.0,0.0
B01,1772.0,0.0
B01,1773.0,0.0
B01,1774.0,0.0
B01,1775.0,0.0
B01,1776.0,0.0
B01,1777.0,0.0
B01,1778.0,0.0
B01,1779.0,0.0
B01,1780.0,0.0
B01,1781.0,0.0
B01,1782.0,0.0
B01,1783.0,0.0
B01,1784.0,0.0
B01,1785.0,0.0
B01,1786.0,0.0
B01,1787.0,0.0
B01,1788.0,0.0
B01,1789.0,0.0
B01,1790.0,0.0
B01,1791.0,0.0
B01,1792.0,0.0
B01,1793.0,0.0
B01,1794.0,0.0
B01,1795.0,0.0
B01,1796.0,0.0
B01,1797.0,0.0
B01,1798.0,0.0
B01,1799.0,0.0
B01,1800.0,0.0
B01,1801.0,0.0
B01,1802.0,0.0
B01,1803.0,0.0
B01,1804.0,0.0
B01,1805.0,0.0
B01,1806.0,0.0
B01,1807.0,0.0
B01,1808.0,0.0
B01,1809.0,0.0
B01,1810.0,0.0
B01,1811.0,0.0
B01,1812.0,0.0
B01,1813.0,0.0
B01,1814.0,0.0
B01,1815.0,0.0
B01,1816.0,0.0
B01,1817.0,0.0
B01,1818.0,0.0
B01,1819.0,0.0
B01,1820.0,0.0
B01,1821.0,0.0
B01,1822.0,0.0
B01,1823.0,0.0
B01,1824.0,0.0
B01,1825.0,0.0
B01,1826.0,0.0
B01,1827.0,0.0
B01,1828.0,0.0
B01,1829.0,0.0
B01,1830.0,0.0
B01,1831.0,0.0
B01,1832.0,0.0
B01,1833.0,0.0
B01,1834.0,0.0
B01,1835.0,0.0
B01,1836.0,0.0
B01,1837.0,0.0
B01,1838.0,0.0
B01,1839.0,0.0
B01,1840.0,0.0
B01,1841.0,0.0
B01,1842.0,0.0
B01,1843.0,0.0
B01,1844.0,0.0
B01,1845.0,0.0
B01,1846.0,0.0
B01,1847.0,0.0
B01,1848.0,0.0
B01,1849.0,0.0
B01,1850.0,0.0
B01,1851.0,0.0
B01,1852.0,0.0
B01,1853.0,0.0
B01,1854.0,0.0
B01,1855.0,0.0
B01,1856.0,0.0
B01,1857.0,0.0
B01,1858.0,0.0
B01,1859.0,0.0
B01,1860.0,0.0
B01,1861.0,0.0
B01,1862.0,0.0
B01,1863.0,0.0
B01,1864.0,0.0
B01,1865.0,0.0
B01,1866.0,0.0
B01,1867.0,0.0
B01,1868.0,0.0
B01,1869.0,0.0
B01,1870.0,0.0
B01,1871.0,0.0
B01,1872.0,0.0
B01,1873.0,0.0
B01,1874.0,0.0
B01,1875.0,0.0
B01,1876.0,0.0
B01,1877.0,0.0
B01,1878.0,0.0
B01,1879.0,0.0
B01,1880.0,0.0
B01,1881.0,0.0
B01,1882.0,0.0
B01,1883.0,0.0
B01,1884.0,0.0
B01,1885.0,0.0
B01,1886.0,0.0
B01,1887.0,0.0
B01,1888.0,0.0
B01,1889.0,0.0
B01,1890.0,0.0
B01,1891.0,0.0
B01,1892.0,0.0
B01,1893.0,0.0
B01,1894.0,0.0
B01,1895.0,0.0
B01,1896.0,0.0
B01,1897.0,0.0
B01,1898.0,0.0
B01,1899.0,0.0
B01,1900.0,0.0
B01,1901.0,0.0
B01,1902.0,0.0
B01,1903.0,0.0
B01,1904.0,0.0
B01,1905.0,0.0
B01,1906.0,0.0
B01,1907.0,0.0
B01,1908.0,0.0
B01,1909.0,0.0
B01,1910.0,0.0
B01,1911.0,0.0
B01,1912.0,0.0
B01,1913.0,0.0
B01,1914.0,0.0
B01,1915.0,0.0
B01,1916.0,0.0
B01,1917.0,0.0
B01,1918.0,0.0
B01,1919.0,0.0
B01,1920.0,0.0
B01,1921.0,0.0
B01,1922.0,0.0
B01,1923.0,0.0
B01,1924.0,0.0
B01,1925.0,0.0
B01,1926.0,0.0
B01,1927.0,0.0
B01,1928.0,0.0
B01,1929.0,0.0
B01,1930.0,0.0
B01,1931.0,0.0
B01,1932.0,0.0
B01,1933.0,0.0
B01,1934.0,0.0
B01,1935.0,0.0
B01,1936.0,0.0
B01,1937.0,0.0
B01,1938.0,0.0
B01,1939.0,0.0
B01,1940.0,0.0
B01,1941.0,0.0
B01,1942.0,0.0
B01,1943.0,0.0
B01,1944.0,0.0
B01,1945.0,0.0
B01,1946.0,0.0
B01,1947.0,0.0
B01,1948.0,0.0
B01,1949.0,0.0
B01,1950.0,0.0
B01,1951.0,0.0
B01,1952.0,0.0
B01,1953.0,0.0
B01,1954.0,0.0
B01,1955.0,0.0
B01,1956.0,0.0
B01,1957.0,0.0
B01,1958.0,0.0
B01,1959.0,0.0
B01,1960.0,0.0
B01,1961.0,0.0
B01,1962.0,0.0
B01,1963.0,0.0
B01,1964.0,0.0
B01,1965.0,0.0
B01,1966.0,0.0
B01,1967.0,0.0
B01,1968.0,0.0
B01,1969.0,0.0
B01,1970.0,0.0
B01,1971.0,0.0
B01,1972.0,0.0
B01,1973.0,0.0
B01,1974.0,0.0
B01,1975.0,0.0
B01,1976.0,0.0
B01,1977.0,0.0
B01,1978.0,0.0
B01,1979.0,0.0
B01,1980.0,0.0
B01,1981.0,0.0
B01,1982.0,0.0
B01,1983.0,0.0
B01,1984.0,0.0
B01,1985.0,0.0
B01,1986.0,0.0
B01,1987.0,0.0
B01,1988.0,0.0
B01,1989.0,0.0
B01,1990.0,0.0
B01,1991.0,0.0
B01,1992.0,0.0
B01,1993.0,0.0
B01,1994.0,0.0
B01,1995.0,0.0
B01,1996.0,0.0
B01,1997.0,0.0
B01,1998.0,0.0
B01,1999.0,0.0
B01,2000.0,0.0
B01,2001.0,0.0
B01,2002.0,0.0
B01,2003.0,0.0
B01,2004.0,0.0
B01,2005.0,0.0
B01,2006.0,0.0
B01,2007.0,0.0
B01,2008.0,0.0
B01,2009.0,0.0
B01,2010.0,0.0
B01,2011.0,0.0
B01,2012.0,0.0
B01,2013.0,0.0
B01,2014.0,0.0
B01,2015.0,0.0
B01,2016.0,0.0
B01,2017.0,0.0
B01,2018.0,0.0
B01,2019.0,0.0
B01,2020.0,0.0
B01,2021.0,0.0
B01,2022.0,0.0
B01,2023.0,0.0
B01,2024.0,0.0
B01,2025.0,0.0
B01,2026.0,0.0
B01,2027.0,0.0
B01,2028.0,0.0
B01,2029.0,0.0
B01,2030.0,0.0
B01,2031.0,0.0
B01,2032.0,0.0
B01,2033.0,0.0
B01,2034.0,0.0
B01,2035.0,0.0
B01,2036.0,0.0
B01,2037.0,0.0
B01,2038.0,0.0
B01,2039.0,0.0
B01,2040.0,0.0
B01,2041.0,0.0
B01,2042.0,0.0
B01,2043.0,0.0
B01,2044.0,0.0
B01,2045.0,0.0
B01,2046.0,0.0
B01,2047.0,0.0
B01,2048.0,0.0
B01,2049.0,0.0
B01,2050.0,0.0
B01,2051.0,0.0
B01,2052.0,0.0
B01,2053.0,0.0
B01,2054.0,0.0
B01,2055.0,0.0
B01,2056.0,0.0
B01,2057.0,0.0
B01,2058.0,0.0
B01,2059.0,0.0
B01,2060.0,0.0
B01,2061.0,0.0
B01,2062.0,0.0
B01,2063.0,0.0
B01,2064.0,0.0
B01,2065.0,0.0
B01,2066.0,0.0
B01,2067.0,0.0
B01,2068.0,0.0
B01,2069.0,0.0
B01,2070.0,0.0
B01,2071.0,0.0
B01,2072.0,0.0
B01,2073.0,0.0
B01,2074.0,0.0
B01,2075.0,0.0
B01,2076.0,0.0
B01,2077.0,0.0
B01,2078.0,0.0
B01,2079.0,0.0
B01,2080.0,0.0
B01,2081.0,0.0
B01,2082.0,0.0
B01,2083.0,0.0
B01,2084.0,0.0
B01,2085.0,0.0
B01,2086.0,0.0
B01,2087.0,0.0
B01,2088.0,0.0
B01,2089.0,0.0
B01,2090.0,0.0
B01,2091.0,0.0
B01,2092.0,0.0
B01,2093.0,0.0
B01,2094.0,0.0
B01,2095.0,0.0
B01,2096.0,0.0
B01,2097.0,0.0
B01,2098.0,0.0
B01,2099.0,0.0
B01,2100.0,0.0
B01,2101.0,0.0
B01,2102.0,0.0
B01,2103.0,0.0
B01,2104.0,0.0
B01,2105.0,0.0
B01,2106.0,0.0
B01,2107.0,0.0
B01,2108.0,0.0
B01,2109.0,0.0
B01,2110.0,0.0
B01,2111.0,0.0
B01,2112.0,0.0
B01,2113.0,0.0
B01,2114.0,0.0
B01,2115.0,0.0
B01,2116.0,0.0
B01,2117.0,0.0
B01,2118.0,0.0
B01,2119.0,0.0
B01,2120.0,0.0
B01,2121.0,0.0
B01,2122.0,0.0
B01,2123.0,0.0
B01,2124.0,0.0
B01,2125.0,0.0
B01,2126.0,0.0
B01,2127.0,0.0
B01,2128.0,0.0
B01,2129.0,0.0
B01,2130.0,0.0
B01,2131.0,0.0
B01,2132.0,0.0
B01,2133.0,0.0
B01,2134.0,0.0
B01,2135.0,0.0
B01,2136.0,0.0
B01,2137.0,0.0
B01,2138.0,0.0
B01,2139.0,0.0
B01,2140.0,0.0
B01,2141.0,0.0
B01,2142.0,0.0
B01,2143.0,0.0
B01,2144.0,0.0
B01,2145.0,0.0
B01,2146.0,0.0
B01,2147.0,0.0
B01,2148.0,0.0
B01,2149.0,0.0
B01,2150.0,0.0
B01,2151.0,0.0
B01,2152.0,0.0
B01,2153.0,0.0
B01,2154.0,0.0
B01,2155.0,0.0
B01,2156.0,0.0
B01,2157.0,0.0
B01,2158.0,0.0
B01,2159.0,0.0
B01,2160.0,0.0
B01,2161.0,0.0
B01,2162.0,0.0
B01,2163.0,0.0
B01,2164.0,0.0
B01,2165.0,0.0
B01,2166.0,0.0
B01,2167.0,0.0
B01,2168.0,0.0
B01,2169.0,0.0
B01,2170.0,0.0
B01,2171.0,0.0
B01,2172.0,0.0
B01,2173.0,0.0
B01,2174.0,0.0
B01,2175.0,0.0
B01,2176.0,0.0
B01,2177.0,0.0
B01,2178.0,0.0
B01,2179.0,0.0
B01,2180.0,0.0
B01,2181.0,0.0
B01,2182.0,0.0
B01,2183.0,0.0
B01,2184.0,0.0
B01,2185.0,0.0
B01,2186.0,0.0
B01,2187.0,0.0
B01,2188.0,0.0
B01,2189.0,0.0
B01,2190.0,0.0
B01,2191.0,0.0
B01,2192.0,0.0
B01,2193.0,0.0
B01,2194.0,0.0
B01,2195.0,0.0
B01,2196.0,0.0
B01,2197.0,0.0
B01,2198.0,0.0
B01,2199.0,0.0
B01,2200.0,0.0
B01,2201.0,0.0
B01,2202.0,0.0
B01,2203.0,0.0
B01,2204.0,0.0
B01,2205.0,0.0
B01,2206.0,0.0
B01,2207.0,0.0
B01,2208.0,0.0
B01,2209.0,0.0
B01,2210.0,0.0
B01,2211.0,0.0
B01,2212.0,0.0
B01,2213.0,0.0
B01,2214.0,0.0
B01,2215.0,0.0
B01,2216.0,0.0
B01,2217.0,0.0
B01,2218.0,0.0
B01,2219.0,0.0
B01,2220.0,0.0
B01,2221.0,0.0
B01,2222.0,0.0
B01,2223.0,0.0
B01,2224.0,0.0
B01,2225.0,0.0
B01,2226.0,0.0
B01,2227.0,0.0
B01,2228.0,0.0
B01,2229.0,0.0
B01,2230.0,0.0
B01,2231.0,0.0
B01,2232.0,0.0
B01,2233.0,0.0
B01,2234.0,0.0
B01,2235.0,0.0
B01,2236.0,0.0
B01,2237.0,0.0
B01,2238.0,0.0
B01,2239.0,0.0
B01,2240.0,0.0
B01,2241.0,0.0
B01,2242.0,0.0
B01,2243.0,0.0
B01,2244.0,0.0
B01,2245.0,0.0
B01,2246.0,0.0
B01,2247.0,0.0
B01,2248.0,0.0
B01,2249.0,0.0
B01,2250.0,0.0
B01,2251.0,0.0
B01,2252.0,0.0
B01,2253.0,0.0
B01,2254.0,0.0
B01,2255.0,0.0
B01,2256.0,0.0
B01,2257.0,0.0
B01,2258.0,0.0
B01,2259.0,0.0
B01,2260.0,0.0
B01,2261.0,0.0
B01,2262.0,0.0
B01,2263.0,0.0
B01,2264.0,0.0
B01,2265.0,0.0
B01,2266.0,0.0
B01,2267.0,0.0
B01,2268.0,0.0
B01,2269.0,0.0
B01,2270.0,0.0
B01,2271.0,0.0
B01,2272.0,0.0
B01,2273.0,0.0
B01,2274.0,0.0
B01,2275.0,0.0
B01,2276.0,0.0
B01,2277.0,0.0
B01,2278.0,0.0
B01,2279.0,0.0
B01,2280.0,0.0
B01,2281.0,0.0
B01,2282.0,0.0
B01,2283.0,0.0
B01,2284.0,0.0
B01,2285.0,0.0
B01,2286.0,0.0
B01,2287.0,0.0
B01,2288.0,0.0
B01,2289.0,0.0
B01,2290.0,0.0
B01,2291.0,0.0
B01,2292.0,0.0
B01,2293.0,0.0
B01,2294.0,0.0
B01,2295.0,0.0
B01,2296.0,0.0
B01,2297.0,0.0
B01,2298.0,0.0
B01,2299.0,0.0
B01,2300.0,0.0
B01,2301.0,0.0
B01,2302.0,0.0
B01,2303.0,0.0
B01,2304.0,0.0
B01,2305.0,0.0
B01,2306.0,0.0
B01,2307.0,0.0
B01,2308.0,0.0
B01,2309.0,0.0
B01,2310.0,0.0
B01,2311.0,0.0
B01,2312.0,0.0
B01,2313.0,0.0
B01,2314.0,0.0
B01,2315.0,0.0
B01,2316.0,0.0
B01,2317.0,0.0
B01,2318.0,0.0
B01,2319.0,0.0
B01,2320.0,0.0
B01,2321.0,0.0
B01,2322.0,0.0
B01,2323.0,0.0
B01,2324.0,0.0
B01,2325.0,0.0
B01,2326.0,0.0
B01,2327.0,0.0
B01,2328.0,0.0
B01,2329.0,0.0
B01,2330.0,0.0
B01,2331.0,0.0
B01,2332.0,0.0
B01,2333.0,0.0
B01,2334.0,0.0
B01,2335.0,0.0
B01,2336.0,0.0
B01,2337.0,0.0
B01,2338.0,0.0
B01,2339.0,0.0
B01,2340.0,0.0
B01,2341.0,0.0
B01,2342.0,0.0
B01,2343.0,0.0
B01,2344.0,0.0
B01,2345.0,0.0
B01,2346.0,0.0
B01,2347.0,0.0
B01,2348.0,0.0
B01,2349.0,0.0
B01,2350.0,0.0
B01,2351.0,0.0
B01,2352.0,0.0
B01,2353.0,0.0
B01,2354.0,0.0
B01,2355.0,0.0
B01,2356.0,0.0
B01,2357.0,0.0
B01,2358.0,0.0
B01,2359.0,0.0
B01,2360.0,0.0
B01,2361.0,0.0
B01,2362.0,0.0
B01,2363.0,0.0
B01,2364.0,0.0
B01,2365.0,0.0
B01,2366.0,0.0
B01,2367.0,0.0
B01,2368.0,0.0
B01,2369.0,0.0
B01,2370.0,0.0
B01,2371.0,0.0
B01,2372.0,0.0
B01,2373.0,0.0
B01,2374.0,0.0
B01,2375.0,0.0
B01,2376.0,0.0
B01,2377.0,0.0
B01,2378.0,0.0
B01,2379.0,0.0
B01,2380.0,0.0
B01,2381.0,0.0
B01,2382.0,0.0
B01,2383.0,0.0
B01,2384.0,0.0
B01,2385.0,0.0
B01,2386.0,0.0
B01,2387.0,0.0
B01,2388.0,0.0
B01,2389.0,0.0
B01,2390.0,0.0
B01,2391.0,0.0
B01,2392.0,0.0
B01,2393.0,0.0
B01,2394.0,0.0
B01,2395.0,0.0
B01,2396.0,0.0
B01,2397.0,0.0
B01,2398.0,0.0
B01,2399.0,0.0
B01,2400.0,0.0
B01,2401.0,0.0
B01,2402.0,0.0
B01,2403.0,0.0
B01,2404.0,0.0
B01,2405.0,0.0
B01,2406.0,0.0
B01,2407.0,0.0
B01,2408.0,0.0
B01,2409.0,0.0
B01,2410.0,0.0
B01,2411.0,0.0
B01,2412.0,0.0
B01,2413.0,0.0
B01,2414.0,0.0
B01,2415.0,0.0
B01,2416.0,0.0
B01,2417.0,0.0
B01,2418.0,0.0
B01,2419.0,0.0
B01,2420.0,0.0
B01,2421.0,0.0
B01,2422.0,0.0
B01,2423.0,0.0
B01,2424.0,0.0
B01,2425.0,0.0
B01,2426.0,0.0
B01,2427.0,0.0
B01,2428.0,0.0
B01,2429.0,0.0
B01,2430.0,0.0
B01,2431.0,0.0
B01,2432.0,0.0
B01,2433.0,0.0
B01,2434.0,0.0
B01,2435.0,0.0
B01,2436.0,0.0
B01,2437.0,0.0
B01,2438.0,0.0
B01,2439.0,0.0
B01,2440.0,0.0
B01,2441.0,0.0
B01,2442.0,0.0
B01,2443.0,0.0
B01,2444.0,0.0
B01,2445.0,0.0
B01,2446.0,0.0
B01,2447.0,0.0
B01,2448.0,0.0
B01,2449.0,0.0
B01,2450.0,0.0
B01,2451.0,0.0
B01,2452.0,0.0
B01,2453.0,0.0
B01,2454.0,0.0
B01,2455.0,0.0
B01,2456.0,0.0
B01,2457.0,0.0
B01,2458.0,0.0
B01,2459.0,0.0
B01,2460.0,0.0
B01,2461.0,0.0
B01,2462.0,0.0
B01,2463.0,0.0
B01,2464.0,0.0
B01,2465.0,0.0
B01,2466.0,0.0
B01,2467.0,0.0
B01,2468.0,0.0
B01,2469.0,0.0
B01,2470.0,0.0
B01,2471.0,0.0
B01,2472.0,0.0
B01,2473.0,0.0
B01,2474.0,0.0
B01,2475.0,0.0
B01,2476.0,0.0
B01,2477.0,0.0
B01,2478.0,0.0
B01,2479.0,0.0
B01,2480.0,0.0
B01,2481.0,0.0
B01,2482.0,0.0
B01,2483.0,0.0
B01,2484.0,0.0
B01,2485.0,0.0
B01,2486.0,0.0
B01,2487.0,0.0
B01,2488.0,0.0
B01,2489.0,0.0
B01,2490.0,0.0
B01,2491.0,0.0
B01,2492.0,0.0
B01,2493.0,0.0
B01,2494.0,0.0
B01,2495.0,0.0
B01,2496.0,0.0
B01,2497.0,0.0
B01,2498.0,0.0
B01,2499.0,0.0
B01,2500.0,0.0
B01,2501.0,0.0
B01,2502.0,0.0
B01,2503.0,0.0
B01,2504.0,0.0
B01,2505.0,0.0
B01,2506.0,0.0
B01,2507.0,0.0
B01,2508.0,0.0
B01,2509.0,0.0
B01,2510.0,0.0
B01,2511.0,0.0
B01,2512.0,0.0
B01,2513.0,0.0
B01,2514.0,0.0
B01,2515.0,0.0
B01,2516.0,0.0
B01,2517.0,0.0
B01,2518.0,0.0
B01,2519.0,0.0
B01,2520.0,0.0
B01,2521.0,0.0
B01,2522.0,0.0
B01,2523.0,0.0
B01,2524.0,0.0
B01,2525.0,0.0
B01,2526.0,0.0
B01,2527.0,0.0
B01,2528.0,0.0
B01,2529.0,0.0
B01,2530.0,0.0
B01,2531.0,0.0
B01,2532.0,0.0
B01,2533.0,0.0
B01,2534.0,0.0
B01,2535.0,0.0
B01,2536.0,0.0
B01,2537.0,0.0
B01,2538.0,0.0
B01,2539.0,0.0
B01,2540.0,0.0
B01,2541.0,0.0
B01,2542.0,0.0
B01,2543.0,0.0
B01,2544.0,0.0
B01,2545.0,0.0
B01,2546.0,0.0
B01,2547.0,0.0
B01,2548.0,0.0
B01,2549.0,0.0
B01,2550.0,0.0
B01,2551.0,0.0
B01,2552.0,0.0
B01,2553.0,0.0
B01,2554.0,0.0
B01,2555.0,0.0
B01,2556.0,0.0
B01,2557.0,0.0
B01,2558.0,0.0
B01,2559.0,0.0
B01,2560.0,0.0
B01,2561.0,0.0
B01,2562.0,0.0
B01,2563.0,0.0
B01,2564.0,0.0
B01,2565.0,0.0
B01,2566.0,0.0
B01,2567.0,0.0
B01,2568.0,0.0
B01,2569.0,0.0
B01,2570.0,0.0
B01,2571.0,0.0
B01,2572.0,0.0
B01,2573.0,0.0
B01,2574.0,0.0
B01,2575.0,0.0
B01,2576.0,0.0
B01,2577.0,0.0
B01,2578.0,0.0
B01,2579.0,0.0
B01,2580.0,0.0
B01,2581.0,0.0
B01,2582.0,0.0
B01,2583.0,0.0
B01,2584.0,0.0
B01,2585.0,0.0
B01,2586.0,0.0
B01,2587.0,0.0
B01,2588.0,0.0
B01,2589.0,0.0
B01,2590.0,0.0
B01,2591.0,0.0
B01,2592.0,0.0
B01,2593.0,0.0
B01,2594.0,0.0
B01,2595.0,0.0
B01,2596.0,0.0
B01,2597.0,0.0
B01,2598.0,0.0
B01,2599.0,0.0
B01,2600.0,0.0
B02,300.0,0.0
B02,301.0,0.0
B02,302.0,0.0
B02,303.0,0.0
B02,304.0,0.0
B02,305.0,0.0
B02,306.0,0.0
B02,307.0,0.0
B02,308.0,0.0
B02,309.0,0.0
B02,310.0,0.0
B02,311.0,0.0
B02,312.0,0.0
B02,313.0,0.0
B02,314.0,0.0
B02,315.0,0.0
B02,316.0,0.0
B02,317.0,0.0
B02,318.0,0.0
B02,319.0,0.0
B02,320.0,0.0
B02,321.0,0.0
B02,322.0,0.0
B02,323.0,0.0
B02,324.0,0.0
B02,325.0,0.0
B02,326.0,0.0
B02,327.0,0.0
B02,328.0,0.0
B02,329.0,0.0
B02,330.0,0.0
B02,331.0,0.0
B02,332.0,0.0
B02,333.0,0.0
B02,334.0,0.0
B02,335.0,0.0
B02,336.0,0.0
B02,337.0,0.0
B02,338.0,0.0
B02,339.0,0.0
B02,340.0,0.0
B02,341.0,0.0
B02,342.0,0.0
B02,343.0,0.0
B02,344.0,0.0
B02,345.0,0.0
B02,346.0,0.0
B02,347.0,0.0
B02,348.0,0.0
B02,349.0,0.0
B02,350.0,0.0
B02,351.0,0.0
B02,352.0,0.0
B02,353.0,0.0
B02,354.0,0.0
B02,355.0,0.0
B02,356.0,0.0
B02,357.0,0.0
B02,358.0,0.0
B02,359.0,0.0
B02,360.0,0.0
B02,361.0,0.0
B02,362.0,0.0
B02,363.0,0.0
B02,364.0,0.0
B02,365.0,0.0
B02,366.0,0.0
B02,367.0,0.0
B02,368.0,0.0
B02,369.0,0.0
B02,370.0,0.0
B02,371.0,0.0
B02,372.0,0.0
B02,373.0,0.0
B02,374.0,0.0
B02,375.0,0.0
B02,376.0,0.0
B02,377.0,0.0
B02,378.0,0.0
B02,379.0,0.0
B02,380.0,0.0
B02,381.0,0.0
B02,382.0,0.0
B02,383.0,0.0
B02,384.0,0.0
B02,385.0,0.0
B02,386.0,0.0
B02,387.0,0.0
B02,388.0,0.0
B02,389.0,0.0
B02,390.0,0.0
B02,391.0,0.0
B02,392.0,0.0
B02,393.0,0.0
B02,394.0,0.0
B02,395.0,0.0
B02,396.0,0.0
B02,397.0,0.0
B02,398.0,0.0
B02,399.0,0.0
B02,400.0,0.0
B02,401.0,0.0
B02,402.0,0.0
B02,403.0,0.0
B02,404.0,0.0
B02,405.0,0.0
B02,406.0,0.0
B02,407.0,0.0
B02,408.0,0.0
B02,409.0,0.0
B02,410.0,0.0
B02,411.0,0.0
B02,412.0,0.0
B02,413.0,0.0
B02,414.0,0.0
B02,415.0,0.0
B02,416.0,0.0
B02,417.0,0.0
B02,418.0,0.0
B02,419.0,0.0
B02,420.0,0.0
B02,421.0,0.0
B02,422.0,0.0
B02,423.0,0.0
B02,424.0,0.0
B02,425.0,0.0
B02,426.0,0.0
B02,427.0,0.0
B02,428.0,0.0
B02,429.0,0.0
B02,430.0,0.0
B02,431.0,0.0
B02,432.0,0.0
B02,433.0,0.0
B02,434.0,0.0
B02,435.0,0.0
B02,436.0,0.0
B02,437.0,0.0
B02,438.0,0.0
B02,439.0,0.0
B02,440.0,0.0
B02,441.0,0.0
B02,442.0,0.0
B02,443.0,0.0
B02,444.0,0.0
B02,445.0,0.0
B02,446.0,0.0
B02,447.0,0.0
B02,448.0,0.0
B02,449.0,0.0
B02,450.0,0.0
B02,451.0,0.0
B02,452.0,0.0
B02,453.0,0.0
B02,454.0,0.0
B02,455.0,0.0
B02,456.0,0.05529541
B02,457.0,0.12005068
B02,458.0,0.25199051
B02,459.0,0.4623617
B02,460.0,0.65162379
B02,461.0,0.77642171
B02,462.0,0.82319091
B02,463.0,0.83083116
B02,464.0,0.83382106
B02,465.0,0.837526
B02,466.0,0.86304286
B02,467.0,0.88226141
B02,468.0,0.90486326
B02,469.0,0.92043837
B02,470.0,0.93602675
B02,471.0,0.930533
B02,472.0,0.92714067
B02,473.0,0.9161479
B02,474.0,0.90551724
B02,475.0,0.89745515
B02,476.0,0.90266694
B02,477.0,0.90854264
B02,478.0,0.92047913
B02,479.0,0.92417935
B02,480.0,0.91845025
B02,481.0,0.90743244
B02,482.0,0.89733983
B02,483.0,0.88646415
B02,484.0,0.87189983
B02,485.0,0.85643973
B02,486.0,0.84473414
B02,487.0,0.84190734
B02,488.0,0.85644111
B02,489.0,0.87782724
B02,490.0,0.90261174
B02,491.0,0.91840544
B02,492.0,0.94585847
B02,493.0,0.96887192
B02,494.0,0.99336135
B02,495.0,0.99927899
B02,496.0,1.0
B02,497.0,0.99520325
B02,498.0,0.98412711
B02,499.0,0.97947473
B02,500.0,0.97808297
B02,501.0,0.97213439
B02,502.0,0.96277794
B02,503.0,0.95342234
B02,504.0,0.93802376
B02,505.0,0.92460144
B02,506.0,0.90932642
B02,507.0,0.90192251
B02,508.0,0.89184298
B02,509.0,0.88963556
B02,510.0,0.89146958
B02,511.0,0.89877911
B02,512.0,0.91056869
B02,513.0,0.92427362
B02,514.0,0.93823555
B02,515.0,0.95311791
B02,516.0,0.97150808
B02,517.0,0.98737003
B02,518.0,0.99658514
B02,519.0,0.99367959
B02,520.0,0.98144714
B02,521.0,0.95874415
B02,522.0,0.89291635
B02,523.0,0.73566218
B02,524.0,0.52060373
B02,525.0,0.3322804
B02,526.0,0.19492197
B02,527.0,0.11732617
B02,528.0,0.07507304
B02,529.0,0.05094154
B02,530.0,0.03213016
B02,531.0,0.01510217
B02,532.0,0.00447984
B02,533.0,0.0
B02,534.0,0.0
B02,535.0,0.0
B02,536.0,0.0
B02,537.0,0.0
B02,538.0,0.0
B02,539.0,0.0
B02,540.0,0.0
B02,541.0,0.0
B02,542.0,0.0
B02,543.0,0.0
B02,544.0,0.0
B02,545.0,0.0
B02,546.0,0.0
B02,547.0,0.0
B02,548.0,0.0
B02,549.0,0.0
B02,550.0,0.0
B02,551.0,0.0
B02,552.0,0.0
B02,553.0,0.0
B02,554.0,0.0
B02,555.0,0.0
B02,556.0,0.0
B02,557.0,0.0
B02,558.0,0.0
B02,559.0,0.0
B02,560.0,0.0
B02,561.0,0.0
B02,562.0,0.0
B02,563.0,0.0
B02,564.0,0.0
B02,565.0,0.0
B02,566.0,0.0
B02,567.0,0.0
B02,568.0,0.0
B02,569.0,0.0
B02,570.0,0.0
B02,571.0,0.0
B02,572.0,0.0
B02,573.0,0.0
B02,574.0,0.0
B02,575.0,0.0
B02,576.0,0.0
B02,577.0,0.0
B02,578.0,0.0
B02,579.0,0.0
B02,580.0,0.0
B02,581.0,0.0
B02,582.0,0.0
B02,583.0,0.0
B02,584.0,0.0
B02,585.0,0.0
B02,586.0,0.0
B02,587.0,0.0
B02,588.0,0.0
B02,589.0,0.0
B02,590.0,0.0
B02,591.0,0.0
B02,592.0,0.0
B02,593.0,0.0
B02,594.0,0.0
B02,595.0,0.0
B02,596.0,0.0
B02,597.0,0.0
B02,598.0,0.0
B02,599.0,0.0
B02,600.0,0.0
B02,601.0,0.0
B02,602.0,0.0
B02,603.0,0.0
B02,604.0,0.0
B02,605.0,0.0
B02,606.0,0.0
B02,607.0,0.0
B02,608.0,0.0
B02,609.0,0.0
B02,610.0,0.0
B02,611.0,0.0
B02,612.0,0.0
B02,613.0,0.0
B02,614.0,0.0
B02,615.0,0.0
B02,616.0,0.0
B02,617.0,0.0
B02,618.0,0.0
B02,619.0,0.0
B02,620.0,0.0
B02,621.0,0.0
B02,622.0,0.0
B02,623.0,0.0
B02,624.0,0.0
B02,625.0,0.0
B02,626.0,0.0
B02,627.0,0.0
B02,628.0,0.0
B02,629.0,0.0
B02,630.0,0.0
B02,631.0,0.0
B02,632.0,0.0
B02,633.0,0.0
B02,634.0,0.0
B02,635.0,0.0
B02,636.0,0.0
B02,637.0,0.0
B02,638.0,0.0
B02,639.0,0.0
B02,640.0,0.0
B02,641.0,0.0
B02,642.0,0.0
B02,643.0,0.0
B02,644.0,0.0
B02,645.0,0.0
B02,646.0,0.0
B02,647.0,0.0
B02,648.0,0.0
B02,649.0,0.0
B02,650.0,0.0
B02,651.0,0.0
B02,652.0,0.0
B02,653.0,0.0
B02,654.0,0.0
B02,655.0,0.0
B02,656.0,0.0
B02,657.0,0.0
B02,658.0,0.0
B02,659.0,0.0
B02,660.0,0.0
B02,661.0,0.0
B02,662.0,0.0
B02,663.0,0.0
B02,664.0,0.0
B02,665.0,0.0
B02,666.0,0.0
B02,667.0,0.0
B02,668.0,0.0
B02,669.0,0.0
B02,670.0,0.0
B02,671.0,0.0
B02,672.0,0.0
B02,673.0,0.0
B02,674.0,0.0
B02,675.0,0.0
B02,676.0,0.0
B02,677.0,0.0
B02,678.0,0.0
B02,679.0,0.0
B02,680.0,0.0
B02,681.0,0.0
B02,682.0,0.0
B02,683.0,0.0
B02,684.0,0.0
B02,685.0,0.0
B02,686.0,0.0
B02,687.0,0.0
B02,688.0,0.0
B02,689.0,0.0
B02,690.0,0.0
B02,691.0,0.0
B02,692.0,0.0
B02,693.0,0.0
B02,694.0,0.0
B02,695.0,0.0
B02,696.0,0.0
B02,697.0,0.0
B02,698.0,0.0
B02,699.0,0.0
B02,700.0,0.0
B02,701.0,0.0
B02,702.0,0.0
B02,703.0,0.0
B02,704.0,0.0
B02,705.0,0.0
B02,706.0,0.0
B02,707.0,0.0
B02,708.0,0.0
B02,709.0,0.0
B02,710.0,0.0
B02,711.0,0.0
B02,712.0,0.0
B02,713.0,0.0
B02,714.0,0.0
B02,715.0,0.0
B02,716.0,0.0
B02,717.0,0.0
B02,718.0,0.0
B02,719.0,0.0
B02,720.0,0.0
B02,721.0,0.0
B02,722.0,0.0
B02,723.0,0.0
B02,724.0,0.0
B02,725.0,0.0
B02,726.0,0.0
B02,727.0,0.0
B02,728.0,0.0
B02,729.0,0.0
B02,730.0,0.0
B02,731.0,0.0
B02,732.0,0.0
B02,733.0,0.0
B02,734.0,0.0
B02,735.0,0.0
B02,736.0,0.0
B02,737.0,0.0
B02,738.0,0.0
B02,739.0,0.0
B02,740.0,0.0
B02,741.0,0.0
B02,742.0,0.0
B02,743.0,0.0
B02,744.0,0.0
B02,745.0,0.0
B02,746.0,0.0
B02,747.0,0.0
B02,748.0,0.0
B02,749.0,0.0
B02,750.0,0.0
B02,751.0,0.0
B02,752.0,0.0
B02,753.0,0.0
B02,754.0,0.0
B02,755.0,0.0
B02,756.0,0.0
B02,757.0,0.0
B02,758.0,0.0
B02,759.0,0.0
B02,760.0,0.0
B02,761.0,0.0
B02,762.0,0.0
B02,763.0,0.0
B02,764.0,0.0
B02,765.0,0.0
B02,766.0,0.0
B02,767.0,0.0
B02,768.0,0.0
B02,769.0,0.0
B02,770.0,0.0
B02,771.0,0.0
B02,772.0,0.0
B02,773.0,0.0
B02,774.0,0.0
B02,775.0,0.0
B02,776.0,0.0
B02,777.0,0.0
B02,778.0,0.0
B02,779.0,0.0
B02,780.0,0.0
B02,781.0,0.0
B02,782.0,0.0
B02,783.0,0.0
B02,784.0,0.0
B02,785.0,0.0
B02,786.0,0.0
B02,787.0,0.0
B02,788.0,0.0
B02,789.0,0.0
B02,790.0,0.0
B02,791.0,0.0
B02,792.0,0.0
B02,793.0,0.0
B02,794.0,0.0
B02,795.0,0.0
B02,796.0,0.0
B02,797.0,0.0
B02,798.0,0.0
B02,799.0,0.0
B02,800.0,0.0
B02,801.0,0.0
B02,802.0,0.0
B02,803.0,0.0
B02,804.0,0.0
B02,805.0,0.0
B02,806.0,0.0
B02,807.0,0.0
B02,808.0,0.0
B02,809.0,0.0
B02,810.0,0.0
B02,811.0,0.0
B02,812.0,0.0
B02,813.0,0.0
B02,814.0,0.0
B02,815.0,0.0
B02,816.0,0.0
B02,817.0,0.0
B02,818.0,0.0
B02,819.0,0.0
B02,820.0,0.0
B02,821.0,0.0
B02,822.0,0.0
B02,823.0,0.0
B02,824.0,0.0
B02,825.0,0.0
B02,826.0,0.0
B02,827.0,0.0
B02,828.0,0.0
B02,829.0,0.0
B02,830.0,0.0
B02,831.0,0.0
B02,832.0,0.0
B02,833.0,0.0
B02,834.0,0.0
B02,835.0,0.0
B02,836.0,0.0
B02,837.0,0.0
B02,838.0,0.0
B02,839.0,0.0
B02,840.0,0.0
B02,841.0,0.0
B02,842.0,0.0
B02,843.0,0.0
B02,844.0,0.0
B02,845.0,0.0
B02,846.0,0.0
B02,847.0,0.0
B02,848.0,0.0
B02,849.0,0.0
B02,850.0,0.0
B02,851.0,0.0
B02,852.0,0.0
B02,853.0,0.0
B02,854.0,0.0
B02,855.0,0.0
B02,856.0,0.0
B02,857.0,0.0
B02,858.0,0.0
B02,859.0,0.0
B02,860.0,0.0
B02,861.0,0.0
B02,862.0,0.0
B02,863.0,0.0
B02,864.0,0.0
B02,865.0,0.0
B02,866.0,0.0
B02,867.0,0.0
B02,868.0,0.0
B02,869.0,0.0
B02,870.0,0.0
B02,871.0,0.0
B02,872.0,0.0
B02,873.0,0.0
B02,874.0,0.0
B02,875.0,0.0
B02,876.0,0.0
B02,877.0,0.0
B02,878.0,0.0
B02,879.0,0.0
B02,880.0,0.0
B02,881.0,0.0
B02,882.0,0.0
B02,883.0,0.0
B02,884.0,0.0
B02,885.0,0.0
B02,886.0,0.0
B02,887.0,0.0
B02,888.0,0.0
B02,889.0,0.0
B02,890.0,0.0
B02,891.0,0.0
B02,892.0,0.0
B02,893.0,0.0
B02,894.0,0.0
B02,895.0,0.0
B02,896.0,0.0
B02,897.0,0.0
B02,898.0,0.0
B02,899.0,0.0
B02,900.0,0.0
B02,901.0,0.0
B02,902.0,0.0
B02,903.0,0.0
B02,904.0,0.0
B02,905.0,0.0
B02,906.0,0.0
B02,907.0,0.0
B02,908.0,0.0
B02,909.0,0.0
B02,910.0,0.0
B02,911.0,0.0
B02,912.0,0.0
B02,913.0,0.0
B02,914.0,0.0
B02,915.0,0.0
B02,916.0,0.0
B02,917.0,0.0
B02,918.0,0.0
B02,919.0,0.0
B02,920.0,0.0
B02,921.0,0.0
B02,922.0,0.0
B02,923.0,0.0
B02,924.0,0.0
B02,925.0,0.0
B02,926.0,0.0
B02,927.0,0.0
B02,928.0,0.0
B02,929.0,0.0
B02,930.0,0.0
B02,931.0,0.0
B02,932.0,0.0
B02,933.0,0.0
B02,934.0,0.0
B02,935.0,0.0
B02,936.0,0.0
B02,937.0,0.0
B02,938.0,0.0
B02,939.0,0.0
B02,940.0,0.0
B02,941.0,0.0
B02,942.0,0.0
B02,943.0,0.0
B02,944.0,0.0
B02,945.0,0.0
B02,946.0,0.0
B02,947.0,0.0
B02,948.0,0.0
B02,949.0,0.0
B02,950.0,0.0
B02,951.0,0.0
B02,952.0,0.0
B02,953.0,0.0
B02,954.0,0.0
B02,955.0,0.0
B02,956.0,0.0
B02,957.0,0.0
B02,958.0,0.0
B02,959.0,0.0
B02,960.0,0.0
B02,961.0,0.0
B02,962.0,0.0
B02,963.0,0.0
B02,964.0,0.0
B02,965.0,0.0
B02,966.0,0.0
B02,967.0,0.0
B02,968.0,0.0
B02,969.0,0.0
B02,970.0,0.0
B02,971.0,0.0
B02,972.0,0.0
B02,973.0,0.0
B02,974.0,0.0
B02,975.0,0.0
B02,976.0,0.0
B02,977.0,0.0
B02,978.0,0.0
B02,979.0,0.0
B02,980.0,0.0
B02,981.0,0.0
B02,982.0,0.0
B02,983.0,0.0
B02,984.0,0.0
B02,985.0,0.0
B02,986.0,0.0
B02,987.0,0.0
B02,988.0,0.0
B02,989.0,0.0
B02,990.0,0.0
B02,991.0,0.0
B02,992.0,0.0
B02,993.0,0.0
B02,994.0,0.0
B02,995.0,0.0
B02,996.0,0.0
B02,997.0,0.0
B02,998.0,0.0
B02,999.0,0.0
B02,1000.0,0.0
B02,1001.0,0.0
B02,1002.0,0.0
B02,1003.0,0.0
B02,1004.0,0.0
B02,1005.0,0.0
B02,1006.0,0.0
B02,1007.0,0.0
B02,1008.0,0.0
B02,1009.0,0.0
B02,1010.0,0.0
B02,1011.0,0.0
B02,1012.0,0.0
B02,1013.0,0.0
B02,1014.0,0.0
B02,1015.0,0.0
B02,1016.0,0.0
B02,1017.0,0.0
B02,1018.0,0.0
B02,1019.0,0.0
B02,1020.0,0.0
B02,1021.0,0.0
B02,1022.0,0.0
B02,1023.0,0.0
B02,1024.0,0.0
B02,1025.0,0.0
B02,1026.0,0.0
B02,1027.0,0.0
B02,1028.0,0.0
B02,1029.0,0.0
B02,1030.0,0.0
B02,1031.0,0.0
B02,1032.0,0.0
B02,1033.0,0.0
B02,1034.0,0.0
B02,1035.0,0.0
B02,1036.0,0.0
B02,1037.0,0.0
B02,1038.0,0.0
B02,1039.0,0.0
B02,1040.0,0.0
B02,1041.0,0.0
B02,1042.0,0.0
B02,1043.0,0.0
B02,1044.0,0.0
B02,1045.0,0.0
B02,1046.0,0.0
B02,1047.0,0.0
B02,1048.0,0.0
B02,1049.0,0.0
B02,1050.0,0.0
B02,1051.0,0.0
B02,1052.0,0.0
B02,1053.0,0.0
B02,1054.0,0.0
B02,1055.0,0.0
B02,1056.0,0.0
B02,1057.0,0.0
B02,1058.0,0.0
B02,1059.0,0.0
B02,1060.0,0.0
B02,1061.0,0.0
B02,1062.0,0.0
B02,1063.0,0.0
B02,1064.0,0.0
B02,1065.0,0.0
B02,1066.0,0.0
B02,1067.0,0.0
B02,1068.0,0.0
B02,1069.0,0.0
B02,1070.0,0.0
B02,1071.0,0.0
B02,1072.0,0.0
B02,1073.0,0.0
B02,1074.0,0.0
B02,1075.0,0.0
B02,1076.0,0.0
B02,1077.0,0.0
B02,1078.0,0.0
B02,1079.0,0.0
B02,1080.0,0.0
B02,1081.0,0.0
B02,1082.0,0.0
B02,1083.0,0.0
B02,1084.0,0.0
B02,1085.0,0.0
B02,1086.0,0.0
B02,1087.0,0.0
B02,1088.0,0.0
B02,1089.0,0.0
B02,1090.0,0.0
B02,1091.0,0.0
B02,1092.0,0.0
B02,1093.0,0.0
B02,1094.0,0.0
B02,1095.0,0.0
B02,1096.0,0.0
B02,1097.0,0.0
B02,1098.0,0.0
B02,1099.0,0.0
B02,1100.0,0.0
B02,1101.0,0.0
B02,1102.0,0.0
B02,1103.0,0.0
B02,1104.0,0.0
B02,1105.0,0.0
B02,1106.0,0.0
B02,1107.0,0.0
B02,1108.0,0.0
B02,1109.0,0.0
B02,1110.0,0.0
B02,1111.0,0.0
B02,1112.0,0.0
B02,1113.0,0.0
B02,1114.0,0.0
B02,1115.0,0.0
B02,1116.0,0.0
B02,1117.0,0.0
B02,1118.0,0.0
B02,1119.0,0.0
B02,1120.0,0.0
B02,1121.0,0.0
B02,1122.0,0.0
B02,1123.0,0.0
B02,1124.0,0.0
B02,1125.0,0.0
B02,1126.0,0.0
B02,1127.0,0.0
B02,1128.0,0.0
B02,1129.0,0.0
B02,1130.0,0.0
B02,1131.0,0.0
B02,1132.0,0.0
B02,1133.0,0.0
B02,1134.0,0.0
B02,1135.0,0.0
B02,1136.0,0.0
B02,1137.0,0.0
B02,1138.0,0.0
B02,1139.0,0.0
B02,1140.0,0.0
B02,1141.0,0.0
B02,1142.0,0.0
B02,1143.0,0.0
B02,1144.0,0.0
B02,1145.0,0.0
B02,1146.0,0.0
B02,1147.0,0.0
B02,1148.0,0.0
B02,1149.0,0.0
B02,1150.0,0.0
B02,1151.0,0.0
B02,1152.0,0.0
B02,1153.0,0.0
B02,1154.0,0.0
B02,1155.0,0.0
B02,1156.0,0.0
B02,1157.0,0.0
B02,1158.0,0.0
B02,1159.0,0.0
B02,1160.0,0.0
B02,1161.0,0.0
B02,1162.0,0.0
B02,1163.0,0.0
B02,1164.0,0.0
B02,1165.0,0.0
B02,1166.0,0.0
B02,1167.0,0.0
B02,1168.0,0.0
B02,1169.0,0.0
B02,1170.0,0.0
B02,1171.0,0.0
B02,1172.0,0.0
B02,1173.0,0.0
B02,1174.0,0.0
B02,1175.0,0.0
B02,1176.0,0.0
B02,1177.0,0.0
B02,1178.0,0.0
B02,1179.0,0.0
B02,1180.0,0.0
B02,1181.0,0.0
B02,1182.0,0.0
B02,1183.0,0.0
B02,1184.0,0.0
B02,1185.0,0.0
B02,1186.0,0.0
B02,1187.0,0.0
B02,1188.0,0.0
B02,1189.0,0.0
B02,1190.0,0.0
B02,1191.0,0.0
B02,1192.0,0.0
B02,1193.0,0.0
B02,1194.0,0.0
B02,1195.0,0.0
B02,1196.0,0.0
B02,1197.0,0.0
B02,1198.0,0.0
B02,1199.0,0.0
B02,1200.0,0.0
B02,1201.0,0.0
B02,1202.0,0.0
B02,1203.0,0.0
B02,1204.0,0.0
B02,1205.0,0.0
B02,1206.0,0.0
B02,1207.0,0.0
B02,1208.0,0.0
B02,1209.0,0.0
B02,1210.0,0.0
B02,1211.0,0.0
B02,1212.0,0.0
B02,1213.0,0.0
B02,1214.0,0.0
B02,1215.0,0.0
B02,1216.0,0.0
B02,1217.0,0.0
B02,1218.0,0.0
B02,1219.0,0.0
B02,1220.0,0.0
B02,1221.0,0.0
B02,1222.0,0.0
B02,1223.0,0.0
B02,1224.0,0.0
B02,1225.0,0.0
B02,1226.0,0.0
B02,1227.0,0.0
B02,1228.0,0.0
B02,1229.0,0.0
B02,1230.0,0.0
B02,1231.0,0.0
B02,1232.0,0.0
B02,1233.0,0.0
B02,1234.0,0.0
B02,1235.0,0.0
B02,1236.0,0.0
B02,1237.0,0.0
B02,1238.0,0.0
B02,1239.0,0.0
B02,1240.0,0.0
B02,1241.0,0.0
B02,1242.0,0.0
B02,1243.0,0.0
B02,1244.0,0.0
B02,1245.0,0.0
B02,1246.0,0.0
B02,1247.0,0.0
B02,1248.0,0.0
B02,1249.0,0.0
B02,1250.0,0.0
B02,1251.0,0.0
B02,1252.0,0.0
B02,1253.0,0.0
B02,1254.0,0.0
B02,1255.0,0.0
B02,1256.0,0.0
B02,1257.0,0.0
B02,1258.0,0.0
B02,1259.0,0.0
B02,1260.0,0.0
B02,1261.0,0.0
B02,1262.0,0.0
B02,1263.0,0.0
B02,1264.0,0.0
B02,1265.0,0.0
B02,1266.0,0.0
B02,1267.0,0.0
B02,1268.0,0.0
B02,1269.0,0.0
B02,1270.0,0.0
B02,1271.0,0.0
B02,1272.0,0.0
B02,1273.0,0.0
B02,1274.0,0.0
B02,1275.0,0.0
B02,1276.0,0.0
B02,1277.0,0.0
B02,1278.0,0.0
B02,1279.0,0.0
B02,1280.0,0.0
B02,1281.0,0.0
B02,1282.0,0.0
B02,1283.0,0.0
B02,1284.0,0.0
B02,1285.0,0.0
B02,1286.0,0.0
B02,1287.0,0.0
B02,1288.0,0.0
B02,1289.0,0.0
B02,1290.0,0.0
B02,1291.0,0.0
B02,1292.0,0.0
B02,1293.0,0.0
B02,1294.0,0.0
B02,1295.0,0.0
B02,1296.0,0.0
B02,1297.0,0.0
B02,1298.0,0.0
B02,1299.0,0.0
B02,1300.0,0.0
B02,1301.0,0.0
B02,1302.0,0.0
B02,1303.0,0.0
B02,1304.0,0.0
B02,1305.0,0.0
B02,1306.0,0.0
B02,1307.0,0.0
B02,1308.0,0.0
B02,1309.0,0.0
B02,1310.0,0.0
B02,1311.0,0.0
B02,1312.0,0.0
B02,1313.0,0.0
B02,1314.0,0.0
B02,1315.0,0.0
B02,1316.0,0.0
B02,1317.0,0.0
B02,1318.0,0.0
B02,1319.0,0.0
B02,1320.0,0.0
B02,1321.0,0.0
B02,1322.0,0.0
B02,1323.0,0.0
B02,1324.0,0.0
B02,1325.0,0.0
B02,1326.0,0.0
B02,1327.0,0.0
B02,1328.0,0.0
B02,1329.0,0.0
B02,1330.0,0.0
B02,1331.0,0.0
B02,1332.0,0.0
B02,1333.0,0.0
B02,1334.0,0.0
B02,1335.0,0.0
B02,1336.0,0.0
B02,1337.0,0.0
B02,1338.0,0.0
B02,1339.0,0.0
B02,1340.0,0.0
B02,1341.0,0.0
B02,1342.0,0.0
B02,1343.0,0.0
B02,1344.0,0.0
B02,1345.0,0.0
B02,1346.0,0.0
B02,1347.0,0.0
B02,1348.0,0.0
B02,1349.0,0.0
B02,1350.0,0.0
B02,1351.0,0.0
B02,1352.0,0.0
B02,1353.0,0.0
B02,1354.0,0.0
B02,1355.0,0.0
B02,1356.0,0.0
B02,1357.0,0.0
B02,1358.0,0.0
B02,1359.0,0.0
B02,1360.0,0.0
B02,1361.0,0.0
B02,1362.0,0.0
B02,1363.0,0.0
B02,1364.0,0.0
B02,1365.0,0.0
B02,1366.0,0.0
B02,1367.0,0.0
B02,1368.0,0.0
B02,1369.0,0.0
B02,1370.0,0.0
B02,1371.0,0.0
B02,1372.0,0.0
B02,1373.0,0.0
B02,1374.0,0.0
B02,1375.0,0.0
B02,1376.0,0.0
B02,1377.0,0.0
B02,1378.0,0.0
B02,1379.0,0.0
B02,1380.0,0.0
B02,1381.0,0.0
B02,1382.0,0.0
B02,1383.0,0.0
B02,1384.0,0.0
B02,1385.0,0.0
B02,1386.0,0.0
B02,1387.0,0.0
B02,1388.0,0.0
B02,1389.0,0.0
B02,1390.0,0.0
B02,1391.0,0.0
B02,1392.0,0.0
B02,1393.0,0.0
B02,1394.0,0.0
B02,1395.0,0.0
B02,1396.0,0.0
B02,1397.0,0.0
B02,1398.0,0.0
B02,1399.0,0.0
B02,1400.0,0.0
B02,1401.0,0.0
B02,1402.0,0.0
B02,1403.0,0.0
B02,1404.0,0.0
B02,1405.0,0.0
B02,1406.0,0.0
B02,1407.0,0.0
B02,1408.0,0.0
B02,1409.0,0.0
B02,1410.0,0.0
B02,1411.0,0.0
B02,1412.0,0.0
B02,1413.0,0.0
B02,1414.0,0.0
B02,1415.0,0.0
B02,1416.0,0.0
B02,1417.0,0.0
B02,1418.0,0.0
B02,1419.0,0.0
B02,1420.0,0.0
B02,1421.0,0.0
B02,1422.0,0.0
B02,1423.0,0.0
B02,1424.0,0.0
B02,1425.0,0.0
B02,1426.0,0.0
B02,1427.0,0.0
B02,1428.0,0.0
B02,1429.0,0.0
B02,1430.0,0.0
B02,1431.0,0.0
B02,1432.0,0.0
B02,1433.0,0.0
B02,1434.0,0.0
B02,1435.0,0.0
B02,1436.0,0.0
B02,1437.0,0.0
B02,1438.0,0.0
B02,1439.0,0.0
B02,1440.0,0.0
B02,1441.0,0.0
B02,1442.0,0.0
B02,1443.0,0.0
B02,1444.0,0.0
B02,1445.0,0.0
B02,1446.0,0.0
B02,1447.0,0.0
B02,1448.0,0.0
B02,1449.0,0.0
B02,1450.0,0.0
B02,1451.0,0.0
B02,1452.0,0.0
B02,1453.0,0.0
B02,1454.0,0.0
B02,1455.0,0.0
B02,1456.0,0.0
B02,1457.0,0.0
B02,1458.0,0.0
B02,1459.0,0.0
B02,1460.0,0.0
B02,1461.0,0.0
B02,1462.0,0.0
B02,1463.0,0.0
B02,1464.0,0.0
B02,1465.0,0.0
B02,1466.0,0.0
B02,1467.0,0.0
B02,1468.0,0.0
B02,1469.0,0.0
B02,1470.0,0.0
B02,1471.0,0.0
B02,1472.0,0.0
B02,1473.0,0.0
B02,1474.0,0.0
B02,1475.0,0.0
B02,1476.0,0.0
B02,1477.0,0.0
B02,1478.0,0.0
B02,1479.0,0.0
B02,1480.0,0.0
B02,1481.0,0.0
B02,1482.0,0.0
B02,1483.0,0.0
B02,1484.0,0.0
B02,1485.0,0.0
B02,1486.0,0.0
B02,1487.0,0.0
B02,1488.0,0.0
B02,1489.0,0.0
B02,1490.0,0.0
B02,1491.0,0.0
B02,1492.0,0.0
B02,1493.0,0.0
B02,1494.0,0.0
B02,1495.0,0.0
B02,1496.0,0.0
B02,1497.0,0.0
B02,1498.0,0.0
B02,1499.0,0.0
B02,1500.0,0.0
B02,1501.0,0.0
B02,1502.0,0.0
B02,1503.0,0.0
B02,1504.0,0.0
B02,1505.0,0.0
B02,1506.0,0.0
B02,1507.0,0.0
B02,1508.0,0.0
B02,1509.0,0.0
B02,1510.0,0.0
B02,1511.0,0.0
B02,1512.0,0.0
B02,1513.0,0.0
B02,1514.0,0.0
B02,1515.0,0.0
B02,1516.0,0.0
B02,1517.0,0.0
B02,1518.0,0.0
B02,1519.0,0.0
B02,1520.0,0.0
B02,1521.0,0.0
B02,1522.0,0.0
B02,1523.0,0.0
B02,1524.0,0.0
B02,1525.0,0.0
B02,1526.0,0.0
B02,1527.0,0.0
B02,1528.0,0.0
B02,1529.0,0.0
B02,1530.0,0.0
B02,1531.0,0.0
B02,1532.0,0.0
B02,1533.0,0.0
B02,1534.0,0.0
B02,1535.0,0.0
B02,1536.0,0.0
B02,1537.0,0.0
B02,1538.0,0.0
B02,1539.0,0.0
B02,1540.0,0.0
B02,1541.0,0.0
B02,1542.0,0.0
B02,1543.0,0.0
B02,1544.0,0.0
B02,1545.0,0.0
B02,1546.0,0.0
B02,1547.0,0.0
B02,1548.0,0.0
B02,1549.0,0.0
B02,1550.0,0.0
B02,1551.0,0.0
B02,1552.0,0.0
B02,1553.0,0.0
B02,1554.0,0.0
B02,1555.0,0.0
B02,1556.0,0.0
B02,1557.0,0.0
B02,1558.0,0.0
B02,1559.0,0.0
B02,1560.0,0.0
B02,1561.0,0.0
B02,1562.0,0.0
B02,1563.0,0.0
B02,1564.0,0.0
B02,1565.0,0.0
B02,1566.0,0.0
B02,1567.0,0.0
B02,1568.0,0.0
B02,1569.0,0.0
B02,1570.0,0.0
B02,1571.0,0.0
B02,1572.0,0.0
B02,1573.0,0.0
B02,1574.0,0.0
B02,1575.0,0.0
B02,1576.0,0.0
B02,1577.0,0.0
B02,1578.0,0.0
B02,1579.0,0.0
B02,1580.0,0.0
B02,1581.0,0.0
B02,1582.0,0.0
B02,1583.0,0.0
B02,1584.0,0.0
B02,1585.0,0.0
B02,1586.0,0.0
B02,1587.0,0.0
B02,1588.0,0.0
B02,1589.0,0.0
B02,1590.0,0.0
B02,1591.0,0.0
B02,1592.0,0.0
B02,1593.0,0.0
B02,1594.0,0.0
B02,1595.0,0.0
B02,1596.0,0.0
B02,1597.0,0.0
B02,1598.0,0.0
B02,1599.0,0.0
B02,1600.0,0.0
B02,1601.0,0.0
B02,1602.0,0.0
B02,1603.0,0.0
B02,1604.0,0.0
B02,1605.0,0.0
B02,1606.0,0.0
B02,1607.0,0.0
B02,1608.0,0.0
B02,1609.0,0.0
B02,1610.0,0.0
B02,1611.0,0.0
B02,1612.0,0.0
B02,1613.0,0.0
B02,1614.0,0.0
B02,1615.0,0.0
B02,1616.0,0.0
B02,1617.0,0.0
B02,1618.0,0.0
B02,1619.0,0.0
B02,1620.0,0.0
B02,1621.0,0.0
B02,1622.0,0.0
B02,1623.0,0.0
B02,1624.0,0.0
B02,1625.0,0.0
B02,1626.0,0.0
B02,1627.0,0.0
B02,1628.0,0.0
B02,1629.0,0.0
B02,1630.0,0.0
B02,1631.0,0.0
B02,1632.0,0.0
B02,1633.0,0.0
B02,1634.0,0.0
B02,1635.0,0.0
B02,1636.0,0.0
B02,1637.0,0.0
B02,1638.0,0.0
B02,1639.0,0.0
B02,1640.0,0.0
B02,1641.0,0.0
B02,1642.0,0.0
B02,1643.0,0.0
B02,1644.0,0.0
B02,1645.0,0.0
B02,1646.0,0.0
B02,1647.0,0.0
B02,1648.0,0.0
B02,1649.0,0.0
B02,1650.0,0.0
B02,1651.0,0.0
B02,1652.0,0.0
B02,1653.0,0.0
B02,1654.0,0.0
B02,1655.0,0.0
B02,1656.0,0.0
B02,1657.0,0.0
B02,1658.0,0.0
B02,1659.0,0.0
B02,1660.0,0.0
B02,1661.0,0.0
B02,1662.0,0.0
B02,1663.0,0.0
B02,1664.0,0.0
B02,1665.0,0.0
B02,1666.0,0.0
B02,1667.0,0.0
B02,1668.0,0.0
B02,1669.0,0.0
B02,1670.0,0.0
B02,1671.0,0.0
B02,1672.0,0.0
B02,1673.0,0.0
B02,1674.0,0.0
B02,1675.0,0.0
B02,1676.0,0.0
B02,1677.0,0.0
B02,1678.0,0.0
B02,1679.0,0.0
B02,1680.0,0.0
B02,1681.0,0.0
B02,1682.0,0.0
B02,1683.0,0.0
B02,1684.0,0.0
B02,1685.0,0.0
B02,1686.0,0.0
B02,1687.0,0.0
B02,1688.0,0.0
B02,1689.0,0.0
B02,1690.0,0.0
B02,1691.0,0.0
B02,1692.0,0.0
B02,1693.0,0.0
B02,1694.0,0.0
B02,1695.0,0.0
B02,1696.0,0.0
B02,1697.0,0.0
B02,1698.0,0.0
B02,1699.0,0.0
B02,1700.0,0.0
B02,1701.0,0.0
B02,1702.0,0.0
B02,1703.0,0.0
B02,1704.0,0.0
B02,1705.0,0.0
B02,1706.0,0.0
B02,1707.0,0.0
B02,1708.0,0.0
B02,1709.0,0.0
B02,1710.0,0.0
B02,1711.0,0.0
B02,1712.0,0.0
B02,1713.0,0.0
B02,1714.0,0.0
B02,1715.0,0.0
B02,1716.0,0.0
B02,1717.0,0.0
B02,1718.0,0.0
B02,1719.0,0.0
B02,1720.0,0.0
B02,1721.0,0.0
B02,1722.0,0.0
B02,1723.0,0.0
B02,1724.0,0.0
B02,1725.0,0.0
B02,1726.0,0.0
B02,1727.0,0.0
B02,1728.0,0.0
B02,1729.0,0.0
B02,1730.0,0.0
B02,1731.0,0.0
B02,1732.0,0.0
B02,1733.0,0.0
B02,1734.0,0.0
B02,1735.0,0.0
B02,1736.0,0.0
B02,1737.0,0.0
B02,1738.0,0.0
B02,1739.0,0.0
B02,1740.0,0.0
B02,1741.0,0.0
B02,1742.0,0.0
B02,1743.0,0.0
B02,1744.0,0.0
B02,1745.0,0.0
B02,1746.0,0.0
B02,1747.0,0.0
B02,1748.0,0.0
B02,1749.0,0.0
B02,1750.0,0.0
B02,1751.0,0.0
B02,1752.0,0.0
B02,1753.0,0.0
B02,1754.0,0.0
B02,1755.0,0.0
B02,1756.0,0.0
B02,1757.0,0.0
B02,1758.0,0.0
B02,1759.0,0.0
B02,1760.0,0.0
B02,1761.0,0.0
B02,1762.0,0.0
B02,1763.0,0.0
B02,1764.0,0.0
B02,1765.0,0.0
B02,1766.0,0.0
B02,1767.0,0.0
B02,1768.0,0.0
B02,1769.0,0.0
B02,1770.0,0.0
B02,1771.0,0.0
B02,1772.0,0.0
B02,1773.0,0.0
B02,1774.0,0.0
B02,1775.0,0.0
B02,1776.0,0.0
B02,1777.0,0.0
B02,1778.0,0.0
B02,1779.0,0.0
B02,1780.0,0.0
B02,1781.0,0.0
B02,1782.0,0.0
B02,1783.0,0.0
B02,1784.0,0.0
B02,1785.0,0.0
B02,1786.0,0.0
B02,1787.0,0.0
B02,1788.0,0.0
B02,1789.0,0.0
B02,1790.0,0.0
B02,1791.0,0.0
B02,1792.0,0.0
B02,1793.0,0.0
B02,1794.0,0.0
B02,1795.0,0.0
B02,1796.0,0.0
B02,1797.0,0.0
B02,1798.0,0.0
B02,1799.0,0.0
B02,1800.0,0.0
B02,1801.0,0.0
B02,1802.0,0.0
B02,1803.0,0.0
B02,1804.0,0.0
B02,1805.0,0.0
B02,1806.0,0.0
B02,1807.0,0.0
B02,1808.0,0.0
B02,1809.0,0.0
B02,1810.0,0.0
B02,1811.0,0.0
B02,1812.0,0.0
B02,1813.0,0.0
B02,1814.0,0.0
B02,1815.0,0.0
B02,1816.0,0.0
B02,1817.0,0.0
B02,1818.0,0.0
B02,1819.0,0.0
B02,1820.0,0.0
B02,1821.0,0.0
B02,1822.0,0.0
B02,1823.0,0.0
B02,1824.0,0.0
B02,1825.0,0.0
B02,1826.0,0.0
B02,1827.0,0.0
B02,1828.0,0.0
B02,1829.0,0.0
B02,1830.0,0.0
B02,1831.0,0.0
B02,1832.0,0.0
B02,1833.0,0.0
B02,1834.0,0.0
B02,1835.0,0.0
B02,1836.0,0.0
B02,1837.0,0.0
B02,1838.0,0.0
B02,1839.0,0.0
B02,1840.0,0.0
B02,1841.0,0.0
B02,1842.0,0.0
B02,1843.0,0.0
B02,1844.0,0.0
B02,1845.0,0.0
B02,1846.0,0.0
B02,1847.0,0.0
B02,1848.0,0.0
B02,1849.0,0.0
B02,1850.0,0.0
B02,1851.0,0.0
B02,1852.0,0.0
B02,1853.0,0.0
B02,1854.0,0.0
B02,1855.0,0.0
B02,1856.0,0.0
B02,1857.0,0.0
B02,1858.0,0.0
B02,1859.0,0.0
B02,1860.0,0.0
B02,1861.0,0.0
B02,1862.0,0.0
B02,1863.0,0.0
B02,1864.0,0.0
B02,1865.0,0.0
B02,1866.0,0.0
B02,1867.0,0.0
B02,1868.0,0.0
B02,1869.0,0.0
B02,1870.0,0.0
B02,1871.0,0.0
B02,1872.0,0.0
B02,1873.0,0.0
B02,1874.0,0.0
B02,1875.0,0.0
B02,1876.0,0.0
B02,1877.0,0.0
B02,1878.0,0.0
B02,1879.0,0.0
B02,1880.0,0.0
B02,1881.0,0.0
B02,1882.0,0.0
B02,1883.0,0.0
B02,1884.0,0.0
B02,1885.0,0.0
B02,1886.0,0.0
B02,1887.0,0.0
B02,1888.0,0.0
B02,1889.0,0.0
B02,1890.0,0.0
B02,1891.0,0.0
B02,1892.0,0.0
B02,1893.0,0.0
B02,1894.0,0.0
B02,1895.0,0.0
B02,1896.0,0.0
B02,1897.0,0.0
B02,1898.0,0.0
B02,1899.0,0.0
B02,1900.0,0.0
B02,1901.0,0.0
B02,1902.0,0.0
B02,1903.0,0.0
B02,1904.0,0.0
B02,1905.0,0.0
B02,1906.0,0.0
B02,1907.0,0.0
B02,1908.0,0.0
B02,1909.0,0.0
B02,1910.0,0.0
B02,1911.0,0.0
B02,1912.0,0.0
B02,1913.0,0.0
B02,1914.0,0.0
B02,1915.0,0.0
B02,1916.0,0.0
B02,1917.0,0.0
B02,1918.0,0.0
B02,1919.0,0.0
B02,1920.0,0.0
B02,1921.0,0.0
B02,1922.0,0.0
B02,1923.0,0.0
B02,1924.0,0.0
B02,1925.0,0.0
B02,1926.0,0.0
B02,1927.0,0.0
B02,1928.0,0.0
B02,1929.0,0.0
B02,1930.0,0.0
B02,1931.0,0.0
B02,1932.0,0.0
B02,1933.0,0.0
B02,1934.0,0.0
B02,1935.0,0.0
B02,1936.0,0.0
B02,1937.0,0.0
B02,1938.0,0.0
B02,1939.0,0.0
B02,1940.0,0.0
B02,1941.0,0.0
B02,1942.0,0.0
B02,1943.0,0.0
B02,1944.0,0.0
B02,1945.0,0.0
B02,1946.0,0.0
B02,1947.0,0.0
B02,1948.0,0.0
B02,1949.0,0.0
B02,1950.0,0.0
B02,1951.0,0.0
B02,1952.0,0.0
B02,1953.0,0.0
B02,1954.0,0.0
B02,1955.0,0.0
B02,1956.0,0.0
B02,1957.0,0.0
B02,1958.0,0.0
B02,1959.0,0.0
B02,1960.0,0.0
B02,1961.0,0.0
B02,1962.0,0.0
B02,1963.0,0.0
B02,1964.0,0.0
B02,1965.0,0.0
B02,1966.0,0.0
B02,1967.0,0.0
B02,1968.0,0.0
B02,1969.0,0.0
B02,1970.0,0.0
B02,1971.0,0.0
B02,1972.0,0.0
B02,1973.0,0.0
B02,1974.0,0.0
B02,1975.0,0.0
B02,1976.0,0.0
B02,1977.0,0.0
B02,1978.0,0.0
B02,1979.0,0.0
B02,1980.0,0.0
B02,1981.0,0.0
B02,1982.0,0.0
B02,1983.0,0.0
B02,1984.0,0.0
B02,1985.0,0.0
B02,1986.0,0.0
B02,1987.0,0.0
B02,1988.0,0.0
B02,1989.0,0.0
B02,1990.0,0.0
B02,1991.0,0.0
B02,1992.0,0.0
B02,1993.0,0.0
B02,1994.0,0.0
B02,1995.0,0.0
B02,1996.0,0.0
B02,1997.0,0.0
B02,1998.0,0.0
B02,1999.0,0.0
B02,2000.0,0.0
B02,2001.0,0.0
B02,2002.0,0.0
B02,2003.0,0.0
B02,2004.0,0.0
B02,2005.0,0.0
B02,2006.0,0.0
B02,2007.0,0.0
B02,2008.0,0.0
B02,2009.0,0.0
B02,2010.0,0.0
B02,2011.0,0.0
B02,2012.0,0.0
B02,2013.0,0.0
B02,2014.0,0.0
B02,2015.0,0.0
B02,2016.0,0.0
B02,2017.0,0.0
B02,2018.0,0.0
B02,2019.0,0.0
B02,2020.0,0.0
B02,2021.0,0.0
B02,2022.0,0.0
B02,2023.0,0.0
B02,2024.0,0.0
B02,2025.0,0.0
B02,2026.0,0.0
B02,2027.0,0.0
B02,2028.0,0.0
B02,2029.0,0.0
B02,2030.0,0.0
B02,2031.0,0.0
B02,2032.0,0.0
B02,2033.0,0.0
B02,2034.0,0.0
B02,2035.0,0.0
B02,2036.0,0.0
B02,2037.0,0.0
B02,2038.0,0.0
B02,2039.0,0.0
B02,2040.0,0.0
B02,2041.0,0.0
B02,2042.0,0.0
B02,2043.0,0.0
B02,2044.0,0.0
B02,2045.0,0.0
B02,2046.0,0.0
B02,2047.0,0.0
B02,2048.0,0.0
B02,2049.0,0.0
B02,2050.0,0.0
B02,2051.0,0.0
B02,2052.0,0.0
B02,2053.0,0.0
B02,2054.0,0.0
B02,2055.0,0.0
B02,2056.0,0.0
B02,2057.0,0.0
B02,2058.0,0.0
B02,2059.0,0.0
B02,2060.0,0.0
B02,2061.0,0.0
B02,2062.0,0.0
B02,2063.0,0.0
B02,2064.0,0.0
B02,2065.0,0.0
B02,2066.0,0.0
B02,2067.0,0.0
B02,2068.0,0.0
B02,2069.0,0.0
B02,2070.0,0.0
B02,2071.0,0.0
B02,2072.0,0.0
B02,2073.0,0.0
B02,2074.0,0.0
B02,2075.0,0.0
B02,2076.0,0.0
B02,2077.0,0.0
B02,2078.0,0.0
B02,2079.0,0.0
B02,2080.0,0.0
B02,2081.0,0.0
B02,2082.0,0.0
B02,2083.0,0.0
B02,2084.0,0.0
B02,2085.0,0.0
B02,2086.0,0.0
B02,2087.0,0.0
B02,2088.0,0.0
B02,2089.0,0.0
B02,2090.0,0.0
B02,2091.0,0.0
B02,2092.0,0.0
B02,2093.0,0.0
B02,2094.0,0.0
B02,2095.0,0.0
B02,2096.0,0.0
B02,2097.0,0.0
B02,2098.0,0.0
B02,2099.0,0.0
B02,2100.0,0.0
B02,2101.0,0.0
B02,2102.0,0.0
B02,2103.0,0.0
B02,2104.0,0.0
B02,2105.0,0.0
B02,2106.0,0.0
B02,2107.0,0.0
B02,2108.0,0.0
B02,2109.0,0.0
B02,2110.0,0.0
B02,2111.0,0.0
B02,2112.0,0.0
B02,2113.0,0.0
B02,2114.0,0.0
B02,2115.0,0.0
B02,2116.0,0.0
B02,2117.0,0.0
B02,2118.0,0.0
B02,2119.0,0.0
B02,2120.0,0.0
B02,2121.0,0.0
B02,2122.0,0.0
B02,2123.0,0.0
B02,2124.0,0.0
B02,2125.0,0.0
B02,2126.0,0.0
B02,2127.0,0.0
B02,2128.0,0.0
B02,2129.0,0.0
B02,2130.0,0.0
B02,2131.0,0.0
B02,2132.0,0.0
B02,2133.0,0.0
B02,2134.0,0.0
B02,2135.0,0.0
B02,2136.0,0.0
B02,2137.0,0.0
B02,2138.0,0.0
B02,2139.0,0.0
B02,2140.0,0.0
B02,2141.0,0.0
B02,2142.0,0.0
B02,2143.0,0.0
B02,2144.0,0.0
B02,2145.0,0.0
B02,2146.0,0.0
B02,2147.0,0.0
B02,2148.0,0.0
B02,2149.0,0.0
B02,2150.0,0.0
B02,2151.0,0.0
B02,2152.0,0.0
B02,2153.0,0.0
B02,2154.0,0.0
B02,2155.0,0.0
B02,2156.0,0.0
B02,2157.0,0.0
B02,2158.0,0.0
B02,2159.0,0.0
B02,2160.0,0.0
B02,2161.0,0.0
B02,2162.0,0.0
B02,2163.0,0.0
B02,2164.0,0.0
B02,2165.0,0.0
B02,2166.0,0.0
B02,2167.0,0.0
B02,2168.0,0.0
B02,2169.0,0.0
B02,2170.0,0.0
B02,2171.0,0.0
B02,2172.0,0.0
B02,2173.0,0.0
B02,2174.0,0.0
B02,2175.0,0.0
B02,2176.0,0.0
B02,2177.0,0.0
B02,2178.0,0.0
B02,2179.0,0.0
B02,2180.0,0.0
B02,2181.0,0.0
B02,2182.0,0.0
B02,2183.0,0.0
B02,2184.0,0.0
B02,2185.0,0.0
B02,2186.0,0.0
B02,2187.0,0.0
B02,2188.0,0.0
B02,2189.0,0.0
B02,2190.0,0.0
B02,2191.0,0.0
B02,2192.0,0.0
B02,2193.0,0.0
B02,2194.0,0.0
B02,2195.0,0.0
B02,2196.0,0.0
B02,2197.0,0.0
B02,2198.0,0.0
B02,2199.0,0.0
B02,2200.0,0.0
B02,2201.0,0.0
B02,2202.0,0.0
B02,2203.0,0.0
B02,2204.0,0.0
B02,2205.0,0.0
B02,2206.0,0.0
B02,2207.0,0.0
B02,2208.0,0.0
B02,2209.0,0.0
B02,2210.0,0.0
B02,2211.0,0.0
B02,2212.0,0.0
B02,2213.0,0.0
B02,2214.0,0.0
B02,2215.0,0.0
B02,2216.0,0.0
B02,2217.0,0.0
B02,2218.0,0.0
B02,2219.0,0.0
B02,2220.0,0.0
B02,2221.0,0.0
B02,2222.0,0.0
B02,2223.0,0.0
B02,2224.0,0.0
B02,2225.0,0.0
B02,2226.0,0.0
B02,2227.0,0.0
B02,2228.0,0.0
B02,2229.0,0.0
B02,2230.0,0.0
B02,2231.0,0.0
B02,2232.0,0.0
B02,2233.0,0.0
B02,2234.0,0.0
B02,2235.0,0.0
B02,2236.0,0.0
B02,2237.0,0.0
B02,2238.0,0.0
B02,2239.0,0.0
B02,2240.0,0.0
B02,2241.0,0.0
B02,2242.0,0.0
B02,2243.0,0.0
B02,2244.0,0.0
B02,2245.0,0.0
B02,2246.0,0.0
B02,2247.0,0.0
B02,2248.0,0.0
B02,2249.0,0.0
B02,2250.0,0.0
B02,2251.0,0.0
B02,2252.0,0.0
B02,2253.0,0.0
B02,2254.0,0.0
B02,2255.0,0.0
B02,2256.0,0.0
B02,2257.0,0.0
B02,2258.0,0.0
B02,2259.0,0.0
B02,2260.0,0.0
B02,2261.0,0.0
B02,2262.0,0.0
B02,2263.0,0.0
B02,2264.0,0.0
B02,2265.0,0.0
B02,2266.0,0.0
B02,2267.0,0.0
B02,2268.0,0.0
B02,2269.0,0.0
B02,2270.0,0.0
B02,2271.0,0.0
B02,2272.0,0.0
B02,2273.0,0.0
B02,2274.0,0.0
B02,2275.0,0.0
B02,2276.0,0.0
B02,2277.0,0.0
B02,2278.0,0.0
B02,2279.0,0.0
B02,2280.0,0.0
B02,2281.0,0.0
B02,2282.0,0.0
B02,2283.0,0.0
B02,2284.0,0.0
B02,2285.0,0.0
B02,2286.0,0.0
B02,2287.0,0.0
B02,2288.0,0.0
B02,2289.0,0.0
B02,2290.0,0.0
B02,2291.0,0.0
B02,2292.0,0.0
B02,2293.0,0.0
B02,2294.0,0.0
B02,2295.0,0.0
B02,2296.0,0.0
B02,2297.0,0.0
B02,2298.0,0.0
B02,2299.0,0.0
B02,2300.0,0.0
B02,2301.0,0.0
B02,2302.0,0.0
B02,2303.0,0.0
B02,2304.0,0.0
B02,2305.0,0.0
B02,2306.0,0.0
B02,2307.0,0.0
B02,2308.0,0.0
B02,2309.0,0.0
B02,2310.0,0.0
B02,2311.0,0.0
B02,2312.0,0.0
B02,2313.0,0.0
B02,2314.0,0.0
B02,2315.0,0.0
B02,2316.0,0.0
B02,2317.0,0.0
B02,2318.0,0.0
B02,2319.0,0.0
B02,2320.0,0.0
B02,2321.0,0.0
B02,2322.0,0.0
B02,2323.0,0.0
B02,2324.0,0.0
B02,2325.0,0.0
B02,2326.0,0.0
B02,2327.0,0.0
B02,2328.0,0.0
B02,2329.0,0.0
B02,2330.0,0.0
B02,2331.0,0.0
B02,2332.0,0.0
B02,2333.0,0.0
B02,2334.0,0.0
B02,2335.0,0.0
B02,2336.0,0.0
B02,2337.0,0.0
B02,2338.0,0.0
B02,2339.0,0.0
B02,2340.0,0.0
B02,2341.0,0.0
B02,2342.0,0.0
B02,2343.0,0.0
B02,2344.0,0.0
B02,2345.0,0.0
B02,2346.0,0.0
B02,2347.0,0.0
B02,2348.0,0.0
B02,2349.0,0.0
B02,2350.0,0.0
B02,2351.0,0.0
B02,2352.0,0.0
B02,2353.0,0.0
B02,2354.0,0.0
B02,2355.0,0.0
B02,2356.0,0.0
B02,2357.0,0.0
B02,2358.0,0.0
B02,2359.0,0.0
B02,2360.0,0.0
B02,2361.0,0.0
B02,2362.0,0.0
B02,2363.0,0.0
B02,2364.0,0.0
B02,2365.0,0.0
B02,2366.0,0.0
B02,2367.0,0.0
B02,2368.0,0.0
B02,2369.0,0.0
B02,2370.0,0.0
B02,2371.0,0.0
B02,2372.0,0.0
B02,2373.0,0.0
B02,2374.0,0.0
B02,2375.0,0.0
B02,2376.0,0.0
B02,2377.0,0.0
B02,2378.0,0.0
B02,2379.0,0.0
B02,2380.0,0.0
B02,2381.0,0.0
B02,2382.0,0.0
B02,2383.0,0.0
B02,2384.0,0.0
B02,2385.0,0.0
B02,2386.0,0.0
B02,2387.0,0.0
B02,2388.0,0.0
B02,2389.0,0.0
B02,2390.0,0.0
B02,2391.0,0.0
B02,2392.0,0.0
B02,2393.0,0.0
B02,2394.0,0.0
B02,2395.0,0.0
B02,2396.0,0.0
B02,2397.0,0.0
B02,2398.0,0.0
B02,2399.0,0.0
B02,2400.0,0.0
B02,2401.0,0.0
B02,2402.0,0.0
B02,2403.0,0.0
B02,2404.0,0.0
B02,2405.0,0.0
B02,2406.0,0.0
B02,2407.0,0.0
B02,2408.0,0.0
B02,2409.0,0.0
B02,2410.0,0.0
B02,2411.0,0.0
B02,2412.0,0.0
B02,2413.0,0.0
B02,2414.0,0.0
B02,2415.0,0.0
B02,2416.0,0.0
B02,2417.0,0.0
B02,2418.0,0.0
B02,2419.0,0.0
B02,2420.0,0.0
B02,2421.0,0.0
B02,2422.0,0.0
B02,2423.0,0.0
B02,2424.0,0.0
B02,2425.0,0.0
B02,2426.0,0.0
B02,2427.0,0.0
B02,2428.0,0.0
B02,2429.0,0.0
B02,2430.0,0.0
B02,2431.0,0.0
B02,2432.0,0.0
B02,2433.0,0.0
B02,2434.0,0.0
B02,2435.0,0.0
B02,2436.0,0.0
B02,2437.0,0.0
B02,2438.0,0.0
B02,2439.0,0.0
B02,2440.0,0.0
B02,2441.0,0.0
B02,2442.0,0.0
B02,2443.0,0.0
B02,2444.0,0.0
B02,2445.0,0.0
B02,2446.0,0.0
B02,2447.0,0.0
B02,2448.0,0.0
B02,2449.0,0.0
B02,2450.0,0.0
B02,2451.0,0.0
B02,2452.0,0.0
B02,2453.0,0.0
B02,2454.0,0.0
B02,2455.0,0.0
B02,2456.0,0.0
B02,2457.0,0.0
B02,2458.0,0.0
B02,2459.0,0.0
B02,2460.0,0.0
B02,2461.0,0.0
B02,2462.0,0.0
B02,2463.0,0.0
B02,2464.0,0.0
B02,2465.0,0.0
B02,2466.0,0.0
B02,2467.0,0.0
B02,2468.0,0.0
B02,2469.0,0.0
B02,2470.0,0.0
B02,2471.0,0.0
B02,2472.0,0.0
B02,2473.0,0.0
B02,2474.0,0.0
B02,2475.0,0.0
B02,2476.0,0.0
B02,2477.0,0.0
B02,2478.0,0.0
B02,2479.0,0.0
B02,2480.0,0.0
B02,2481.0,0.0
B02,2482.0,0.0
B02,2483.0,0.0
B02,2484.0,0.0
B02,2485.0,0.0
B02,2486.0,0.0
B02,2487.0,0.0
B02,2488.0,0.0
B02,2489.0,0.0
B02,2490.0,0.0
B02,2491.0,0.0
B02,2492.0,0.0
B02,2493.0,0.0
B02,2494.0,0.0
B02,2495.0,0.0
B02,2496.0,0.0
B02,2497.0,0.0
B02,2498.0,0.0
B02,2499.0,0.0
B02,2500.0,0.0
B02,2501.0,0.0
B02,2502.0,0.0
B02,2503.0,0.0
B02,2504.0,0.0
B02,2505.0,0.0
B02,2506.0,0.0
B02,2507.0,0.0
B02,2508.0,0.0
B02,2509.0,0.0
B02,2510.0,0.0
B02,2511.0,0.0
B02,2512.0,0.0
B02,2513.0,0.0
B02,2514.0,0.0
B02,2515.0,0.0
B02,2516.0,0.0
B02,2517.0,0.0
B02,2518.0,0.0
B02,2519.0,0.0
B02,2520.0,0.0
B02,2521.0,0.0
B02,2522.0,0.0
B02,2523.0,0.0
B02,2524.0,0.0
B02,2525.0,0.0
B02,2526.0,0.0
B02,2527.0,0.0
B02,2528.0,0.0
B02,2529.0,0.0
B02,2530.0,0.0
B02,2531.0,0.0
B02,2532.0,0.0
B02,2533.0,0.0
B02,2534.0,0.0
B02,2535.0,0.0
B02,2536.0,0.0
B02,2537.0,0.0
B02,2538.0,0.0
B02,2539.0,0.0
B02,2540.0,0.0
B02,2541.0,0.0
B02,2542.0,0.0
B02,2543.0,0.0
B02,2544.0,0.0
B02,2545.0,0.0
B02,2546.0,0.0
B02,2547.0,0.0
B02,2548.0,0.0
B02,2549.0,0.0
B02,2550.0,0.0
B02,2551.0,0.0
B02,2552.0,0.0
B02,2553.0,0.0
B02,2554.0,0.0
B02,2555.0,0.0
B02,2556.0,0.0
B02,2557.0,0.0
B02,2558.0,0.0
B02,2559.0,0.0
B02,2560.0,0.0
B02,2561.0,0.0
B02,2562.0,0.0
B02,2563.0,0.0
B02,2564.0,0.0
B02,2565.0,0.0
B02,2566.0,0.0
B02,2567.0,0.0
B02,2568.0,0.0
B02,2569.0,0.0
B02,2570.0,0.0
B02,2571.0,0.0
B02,2572.0,0.0
B02,2573.0,0.0
B02,2574.0,0.0
B02,2575.0,0.0
B02,2576.0,0.0
B02,2577.0,0.0
B02,2578.0,0.0
B02,2579.0,0.0
B02,2580.0,0.0
B02,2581.0,0.0
B02,2582.0,0.0
B02,2583.0,0.0
B02,2584.0,0.0
B02,2585.0,0.0
B02,2586.0,0.0
B02,2587.0,0.0
B02,2588.0,0.0
B02,2589.0,0.0
B02,2590.0,0.0
B02,2591.0,0.0
B02,2592.0,0.0
B02,2593.0,0.0
B02,2594.0,0.0
B02,2595.0,0.0
B02,2596.0,0.0
B02,2597.0,0.0
B02,2598.0,0.0
B02,2599.0,0.0
B02,2600.0,0.0
B03,300.0,0.0
B03,301.0,0.0
B03,302.0,0.0
B03,303.0,0.0
B03,304.0,0.0
B03,305.0,0.0
B03,306.0,0.0
B03,307.0,0.0
B03,308.0,0.0
B03,309.0,0.0
B03,310.0,0.0
B03,311.0,0.0
B03,312.0,0.0
B03,313.0,0.0
B03,314.0,0.0
B03,315.0,0.0
B03,316.0,0.0
B03,317.0,0.0
B03,318.0,0.0
B03,319.0,0.0
B03,320.0,0.0
B03,321.0,0.0
B03,322.0,0.0
B03,323.0,0.0
B03,324.0,0.0
B03,325.0,0.0
B03,326.0,0.0
B03,327.0,0.0
B03,328.0,0.0
B03,329.0,0.0
B03,330.0,0.0
B03,331.0,0.0
B03,332.0,0.0
B03,333.0,0.0
B03,334.0,0.0
B03,335.0,0.0
B03,336.0,0.0
B03,337.0,0.0
B03,338.0,0.0
B03,339.0,0.0
B03,340.0,0.0
B03,341.0,0.0
B03,342.0,0.0
B03,343.0,0.0
B03,344.0,0.0
B03,345.0,0.0
B03,346.0,0.0
B03,347.0,0.0
B03,348.0,0.0
B03,349.0,0.0
B03,350.0,0.0
B03,351.0,0.0
B03,352.0,0.0
B03,353.0,0.0
B03,354.0,0.0
B03,355.0,0.0
B03,356.0,0.0
B03,357.0,0.0
B03,358.0,0.0
B03,359.0,0.0
B03,360.0,0.0
B03,361.0,0.0
B03,362.0,0.0
B03,363.0,0.0
B03,364.0,0.0
B03,365.0,0.0
B03,366.0,0.0
B03,367.0,0.0
B03,368.0,0.0
B03,369.0,0.0
B03,370.0,0.0
B03,371.0,0.0
B03,372.0,0.0
B03,373.0,0.0
B03,374.0,0.0
B03,375.0,0.0
B03,376.0,0.0
B03,377.0,0.0
B03,378.0,0.0
B03,379.0,0.0
B03,380.0,0.0
B03,381.0,0.0
B03,382.0,0.0
B03,383.0,0.0
B03,384.0,0.0
B03,385.0,0.0
B03,386.0,0.0
B03,387.0,0.0
B03,388.0,0.0
B03,389.0,0.0
B03,390.0,0.0
B03,391.0,0.0
B03,392.0,0.0
B03,393.0,0.0
B03,394.0,0.0
B03,395.0,0.0
B03,396.0,0.0
B03,397.0,0.0
B03,398.0,0.0
B03,399.0,0.0
B03,400.0,0.0
B03,401.0,0.0
B03,402.0,0.0
B03,403.0,0.0
B03,404.0,0.0
B03,405.0,0.0
B03,406.0,0.0
B03,407.0,0.0
B03,408.0,0.0
B03,409.0,0.0
B03,410.0,0.0
B03,411.0,0.0
B03,412.0,0.0
B03,413.0,0.0
B03,414.0,0.0
B03,415.0,0.0
B03,416.0,0.0
B03,417.0,0.0
B03,418.0,0.0
B03,419.0,0.0
B03,420.0,0.0
B03,421.0,0.0
B03,422.0,0.0
B03,423.0,0.0
B03,424.0,0.0
B03,425.0,0.0
B03,426.0,0.0
B03,427.0,0.0
B03,428.0,0.0
B03,429.0,0.0
B03,430.0,0.0
B03,431.0,0.0
B03,432.0,0.0
B03,433.0,0.0
B03,434.0,0.0
B03,435.0,0.0
B03,436.0,0.0
B03,437.0,0.0
B03,438.0,0.0
B03,439.0,0.0
B03,440.0,0.0
B03,441.0,0.0
B03,442.0,0.0
B03,443.0,0.0
B03,444.0,0.0
B03,445.0,0.0
B03,446.0,0.0
B03,447.0,0.0
B03,448.0,0.0
B03,449.0,0.0
B03,450.0,0.0
B03,451.0,0.0
B03,452.0,0.0
B03,453.0,0.0
B03,454.0,0.0
B03,455.0,0.0
B03,456.0,0.0
B03,457.0,0.0
B03,458.0,0.0
B03,459.0,0.0
B03,460.0,0.0
B03,461.0,0.0
B03,462.0,0.0
B03,463.0,0.0
B03,464.0,0.0
B03,465.0,0.0
B03,466.0,0.0
B03,467.0,0.0
B03,468.0,0.0
B03,469.0,0.0
B03,470.0,0.0
B03,471.0,0.0
B03,472.0,0.0
B03,473.0,0.0
B03,474.0,0.0
B03,475.0,0.0
B03,476.0,0.0
B03,477.0,0.0
B03,478.0,0.0
B03,479.0,0.0
B03,480.0,0.0
B03,481.0,0.0
B03,482.0,0.0
B03,483.0,0.0
B03,484.0,0.0
B03,485.0,0.0
B03,486.0,0.0
B03,487.0,0.0
B03,488.0,0.0
B03,489.0,0.0
B03,490.0,0.0
B03,491.0,0.0
B03,492.0,0.0
B03,493.0,0.0
B03,494.0,0.0
B03,495.0,0.0
B03,496.0,0.0
B03,497.0,0.0
B03,498.0,0.0
B03,499.0,0.0
B03,500.0,0.0
B03,501.0,0.0
B03,502.0,0.0
B03,503.0,0.0
B03,504.0,0.0
B03,505.0,0.0
B03,506.0,0.0
B03,507.0,0.0
B03,508.0,0.0
B03,509.0,0.0
B03,510.0,0.0
B03,511.0,0.0
B03,512.0,0.0
B03,513.0,0.0
B03,514.0,0.0
B03,515.0,0.0
B03,516.0,0.0
B03,517.0,0.0
B03,518.0,0.0
B03,519.0,0.0
B03,520.0,0.0
B03,521.0,0.0
B03,522.0,0.0
B03,523.0,0.0
B03,524.0,0.0
B03,525.0,0.0
B03,526.0,0.0
B03,527.0,0.0
B03,528.0,0.0
B03,529.0,0.0
B03,530.0,0.0
B03,531.0,0.0
B03,532.0,0.0
B03,533.0,0.0
B03,534.0,0.0
B03,535.0,0.0
B03,536.0,0.00188039
B03,537.0,0.01545903
B03,538.0,0.03660414
B03,539.0,0.08100583
B03,540.0,0.16917887
B03,541.0,0.33278274
B03,542.0,0.58622794
B03,543.0,0.80916412
B03,544.0,0.913051
B03,545.0,0.94472284
B03,546.0,0.94898813
B03,547.0,0.94369132
B03,548.0,0.92845674
B03,549.0,0.91256938
B03,550.0,0.90078036
B03,551.0,0.89958598
B03,552.0,0.90547138
B03,553.0,0.92045355
B03,554.0,0.94065665
B03,555.0,0.96199681
B03,556.0,0.98186744
B03,557.0,0.9985841
B03,558.0,1.0
B03,559.0,0.99279888
B03,560.0,0.97801325
B03,561.0,0.95301174
B03,562.0,0.9266333
B03,563.0,0.89359131
B03,564.0,0.86941793
B03,565.0,0.84827
B03,566.0,0.83908301
B03,567.0,0.83206209
B03,568.0,0.8291787
B03,569.0,0.83305844
B03,570.0,0.84630939
B03,571.0,0.86396307
B03,572.0,0.87268076
B03,573.0,0.86818339
B03,574.0,0.8554947
B03,575.0,0.80839054
B03,576.0,0.67650876
B03,577.0,0.45584205
B03,578.0,0.24737576
B03,579.0,0.12765465
B03,580.0,0.0589016
B03,581.0,0.02564742
B03,582.0,0.00515905
B03,583.0,0.0
B03,584.0,0.0
B03,585.0,0.0
B03,586.0,0.0
B03,587.0,0.0
B03,588.0,0.0
B03,589.0,0.0
B03,590.0,0.0
B03,591.0,0.0
B03,592.0,0.0
B03,593.0,0.0
B03,594.0,0.0
B03,595.0,0.0
B03,596.0,0.0
B03,597.0,0.0
B03,598.0,0.0
B03,599.0,0.0
B03,600.0,0.0
B03,601.0,0.0
B03,602.0,0.0
B03,603.0,0.0
B03,604.0,0.0
B03,605.0,0.0
B03,606.0,0.0
B03,607.0,0.0
B03,608.0,0.0
B03,609.0,0.0
B03,610.0,0.0
B03,611.0,0.0
B03,612.0,0.0
B03,613.0,0.0
B03,614.0,0.0
B03,615.0,0.0
B03,616.0,0.0
B03,617.0,0.0
B03,618.0,0.0
B03,619.0,0.0
B03,620.0,0.0
B03,621.0,0.0
B03,622.0,0.0
B03,623.0,0.0
B03,624.0,0.0
B03,625.0,0.0
B03,626.0,0.0
B03,627.0,0.0
B03,628.0,0.0
B03,629.0,0.0
B03,630.0,0.0
B03,631.0,0.0
B03,632.0,0.0
B03,633.0,0.0
B03,634.0,0.0
B03,635.0,0.0
B03,636.0,0.0
B03,637.0,0.0
B03,638.0,0.0
B03,639.0,0.0
B03,640.0,0.0
B03,641.0,0.0
B03,642.0,0.0
B03,643.0,0.0
B03,644.0,0.0
B03,645.0,0.0
B03,646.0,0.0
B03,647.0,0.0
B03,648.0,0.0
B03,649.0,0.0
B03,650.0,0.0
B03,651.0,0.0
B03,652.0,0.0
B03,653.0,0.0
B03,654.0,0.0
B03,655.0,0.0
B03,656.0,0.0
B03,657.0,0.0
B03,658.0,0.0
B03,659.0,0.0
B03,660.0,0.0
B03,661.0,0.0
B03,662.0,0.0
B03,663.0,0.0
B03,664.0,0.0
B03,665.0,0.0
B03,666.0,0.0
B03,667.0,0.0
B03,668.0,0.0
B03,669.0,0.0
B03,670.0,0.0
B03,671.0,0.0
B03,672.0,0.0
B03,673.0,0.0
B03,674.0,0.0
B03,675.0,0.0
B03,676.0,0.0
B03,677.0,0.0
B03,678.0,0.0
B03,679.0,0.0
B03,680.0,0.0
B03,681.0,0.0
B03,682.0,0.0
B03,683.0,0.0
B03,684.0,0.0
B03,685.0,0.0
B03,686.0,0.0
B03,687.0,0.0
B03,688.0,0.0
B03,689.0,0.0
B03,690.0,0.0
B03,691.0,0.0
B03,692.0,0.0
B03,693.0,0.0
B03,694.0,0.0
B03,695.0,0.0
B03,696.0,0.0
B03,697.0,0.0
B03,698.0,0.0
B03,699.0,0.0
B03,700.0,0.0
B03,701.0,0.0
B03,702.0,0.0
B03,703.0,0.0
B03,704.0,0.0
B03,705.0,0.0
B03,706.0,0.0
B03,707.0,0.0
B03,708.0,0.0
B03,709.0,0.0
B03,710.0,0.0
B03,711.0,0.0
B03,712.0,0.0
B03,713.0,0.0
B03,714.0,0.0
B03,715.0,0.0
B03,716.0,0.0
B03,717.0,0.0
B03,718.0,0.0
B03,719.0,0.0
B03,720.0,0.0
B03,721.0,0.0
B03,722.0,0.0
B03,723.0,0.0
B03,724.0,0.0
B03,725.0,0.0
B03,726.0,0.0
B03,727.0,0.0
B03,728.0,0.0
B03,729.0,0.0
B03,730.0,0.0
B03,731.0,0.0
B03,732.0,0.0
B03,733.0,0.0
B03,734.0,0.0
B03,735.0,0.0
B03,736.0,0.0
B03,737.0,0.0
B03,738.0,0.0
B03,739.0,0.0
B03,740.0,0.0
B03,741.0,0.0
B03,742.0,0.0
B03,743.0,0.0
B03,744.0,0.0
B03,745.0,0.0
B03,746.0,0.0
B03,747.0,0.0
B03,748.0,0.0
B03,749.0,0.0
B03,750.0,0.0
B03,751.0,0.0
B03,752.0,0.0
B03,753.0,0.0
B03,754.0,0.0
B03,755.0,0.0
B03,756.0,0.0
B03,757.0,0.0
B03,758.0,0.0
B03,759.0,0.0
B03,760.0,0.0
B03,761.0,0.0
B03,762.0,0.0
B03,763.0,0.0
B03,764.0,0.0
B03,765.0,0.0
B03,766.0,0.0
B03,767.0,0.0
B03,768.0,0.0
B03,769.0,0.0
B03,770.0,0.0
B03,771.0,0.0
B03,772.0,0.0
B03,773.0,0.0
B03,774.0,0.0
B03,775.0,0.0
B03,776.0,0.0
B03,777.0,0.0
B03,778.0,0.0
B03,779.0,0.0
B03,780.0,0.0
B03,781.0,0.0
B03,782.0,0.0
B03,783.0,0.0
B03,784.0,0.0
B03,785.0,0.0
B03,786.0,0.0
B03,787.0,0.0
B03,788.0,0.0
B03,789.0,0.0
B03,790.0,0.0
B03,791.0,0.0
B03,792.0,0.0
B03,793.0,0.0
B03,794.0,0.0
B03,795.0,0.0
B03,796.0,0.0
B03,797.0,0.0
B03,798.0,0.0
B03,799.0,0.0
B03,800.0,0.0
B03,801.0,0.0
B03,802.0,0.0
B03,803.0,0.0
B03,804.0,0.0
B03,805.0,0.0
B03,806.0,0.0
B03,807.0,0.0
B03,808.0,0.0
B03,809.0,0.0
B03,810.0,0.0
B03,811.0,0.0
B03,812.0,0.0
B03,813.0,0.0
B03,814.0,0.0
B03,815.0,0.0
B03,816.0,0.0
B03,817.0,0.0
B03,818.0,0.0
B03,819.0,0.0
B03,820.0,0.0
B03,821.0,0.0
B03,822.0,0.0
B03,823.0,0.0
B03,824.0,0.0
B03,825.0,0.0
B03,826.0,0.0
B03,827.0,0.0
B03,828.0,0.0
B03,829.0,0.0
B03,830.0,0.0
B03,831.0,0.0
B03,832.0,0.0
B03,833.0,0.0
B03,834.0,0.0
B03,835.0,0.0
B03,836.0,0.0
B03,837.0,0.0
B03,838.0,0.0
B03,839.0,0.0
B03,840.0,0.0
B03,841.0,0.0
B03,842.0,0.0
B03,843.0,0.0
B03,844.0,0.0
B03,845.0,0.0
B03,846.0,0.0
B03,847.0,0.0
B03,848.0,0.0
B03,849.0,0.0
B03,850.0,0.0
B03,851.0,0.0
B03,852.0,0.0
B03,853.0,0.0
B03,854.0,0.0
B03,855.0,0.0
B03,856.0,0.0
B03,857.0,0.0
B03,858.0,0.0
B03,859.0,0.0
B03,860.0,0.0
B03,861.0,0.0
B03,862.0,0.0
B03,863.0,0.0
B03,864.0,0.0
B03,865.0,0.0
B03,866.0,0.0
B03,867.0,0.0
B03,868.0,0.0
B03,869.0,0.0
B03,870.0,0.0
B03,871.0,0.0
B03,872.0,0.0
B03,873.0,0.0
B03,874.0,0.0
B03,875.0,0.0
B03,876.0,0.0
B03,877.0,0.0
B03,878.0,0.0
B03,879.0,0.0
B03,880.0,0.0
B03,881.0,0.0
B03,882.0,0.0
B03,883.0,0.0
B03,884.0,0.0
B03,885.0,0.0
B03,886.0,0.0
B03,887.0,0.0
B03,888.0,0.0
B03,889.0,0.0
B03,890.0,0.0
B03,891.0,0.0
B03,892.0,0.0
B03,893.0,0.0
B03,894.0,0.0
B03,895.0,0.0
B03,896.0,0.0
B03,897.0,0.0
B03,898.0,0.0
B03,899.0,0.0
B03,900.0,0.0
B03,901.0,0.0
B03,902.0,0.0
B03,903.0,0.0
B03,904.0,0.0
B03,905.0,0.0
B03,906.0,0.0
B03,907.0,0.0
B03,908.0,0.0
B03,909.0,0.0
B03,910.0,0.0
B03,911.0,0.0
B03,912.0,0.0
B03,913.0,0.0
B03,914.0,0.0
B03,915.0,0.0
B03,916.0,0.0
B03,917.0,0.0
B03,918.0,0.0
B03,919.0,0.0
B03,920.0,0.0
B03,921.0,0.0
B03,922.0,0.0
B03,923.0,0.0
B03,924.0,0.0
B03,925.0,0.0
B03,926.0,0.0
B03,927.0,0.0
B03,928.0,0.0
B03,929.0,0.0
B03,930.0,0.0
B03,931.0,0.0
B03,932.0,0.0
B03,933.0,0.0
B03,934.0,0.0
B03,935.0,0.0
B03,936.0,0.0
B03,937.0,0.0
B03,938.0,0.0
B03,939.0,0.0
B03,940.0,0.0
B03,941.0,0.0
B03,942.0,0.0
B03,943.0,0.0
B03,944.0,0.0
B03,945.0,0.0
B03,946.0,0.0
B03,947.0,0.0
B03,948.0,0.0
B03,949.0,0.0
B03,950.0,0.0
B03,951.0,0.0
B03,952.0,0.0
B03,953.0,0.0
B03,954.0,0.0
B03,955.0,0.0
B03,956.0,0.0
B03,957.0,0.0
B03,958.0,0.0
B03,959.0,0.0
B03,960.0,0.0
B03,961.0,0.0
B03,962.0,0.0
B03,963.0,0.0
B03,964.0,0.0
B03,965.0,0.0
B03,966.0,0.0
B03,967.0,0.0
B03,968.0,0.0
B03,969.0,0.0
B03,970.0,0.0
B03,971.0,0.0
B03,972.0,0.0
B03,973.0,0.0
B03,974.0,0.0
B03,975.0,0.0
B03,976.0,0.0
B03,977.0,0.0
B03,978.0,0.0
B03,979.0,0.0
B03,980.0,0.0
B03,981.0,0.0
B03,982.0,0.0
B03,983.0,0.0
B03,984.0,0.0
B03,985.0,0.0
B03,986.0,0.0
B03,987.0,0.0
B03,988.0,0.0
B03,989.0,0.0
B03,990.0,0.0
B03,991.0,0.0
B03,992.0,0.0
B03,993.0,0.0
B03,994.0,0.0
B03,995.0,0.0
B03,996.0,0.0
B03,997.0,0.0
B03,998.0,0.0
B03,999.0,0.0
B03,1000.0,0.0
B03,1001.0,0.0
B03,1002.0,0.0
B03,1003.0,0.0
B03,1004.0,0.0
B03,1005.0,0.0
B03,1006.0,0.0
B03,1007.0,0.0
B03,1008.0,0.0
B03,1009.0,0.0
B03,1010.0,0.0
B03,1011.0,0.0
B03,1012.0,0.0
B03,1013.0,0.0
B03,1014.0,0.0
B03,1015.0,0.0
B03,1016.0,0.0
B03,1017.0,0.0
B03,1018.0,0.0
B03,1019.0,0.0
B03,1020.0,0.0
B03,1021.0,0.0
B03,1022.0,0.0
B03,1023.0,0.0
B03,1024.0,0.0
B03,1025.0,0.0
B03,1026.0,0.0
B03,1027.0,0.0
B03,1028.0,0.0
B03,1029.0,0.0
B03,1030.0,0.0
B03,1031.0,0.0
B03,1032.0,0.0
B03,1033.0,0.0
B03,1034.0,0.0
B03,1035.0,0.0
B03,1036.0,0.0
B03,1037.0,0.0
B03,1038.0,0.0
B03,1039.0,0.0
B03,1040.0,0.0
B03,1041.0,0.0
B03,1042.0,0.0
B03,1043.0,0.0
B03,1044.0,0.0
B03,1045.0,0.0
B03,1046.0,0.0
B03,1047.0,0.0
B03,1048.0,0.0
B03,1049.0,0.0
B03,1050.0,0.0
B03,1051.0,0.0
B03,1052.0,0.0
B03,1053.0,0.0
B03,1054.0,0.0
B03,1055.0,0.0
B03,1056.0,0.0
B03,1057.0,0.0
B03,1058.0,0.0
B03,1059.0,0.0
B03,1060.0,0.0
B03,1061.0,0.0
B03,1062.0,0.0
B03,1063.0,0.0
B03,1064.0,0.0
B03,1065.0,0.0
B03,1066.0,0.0
B03,1067.0,0.0
B03,1068.0,0.0
B03,1069.0,0.0
B03,1070.0,0.0
B03,1071.0,0.0
B03,1072.0,0.0
B03,1073.0,0.0
B03,1074.0,0.0
B03,1075.0,0.0
B03,1076.0,0.0
B03,1077.0,0.0
B03,1078.0,0.0
B03,1079.0,0.0
B03,1080.0,0.0
B03,1081.0,0.0
B03,1082.0,0.0
B03,1083.0,0.0
B03,1084.0,0.0
B03,1085.0,0.0
B03,1086.0,0.0
B03,1087.0,0.0
B03,1088.0,0.0
B03,1089.0,0.0
B03,1090.0,0.0
B03,1091.0,0.0
B03,1092.0,0.0
B03,1093.0,0.0
B03,1094.0,0.0
B03,1095.0,0.0
B03,1096.0,0.0
B03,1097.0,0.0
B03,1098.0,0.0
B03,1099.0,0.0
B03,1100.0,0.0
B03,1101.0,0.0
B03,1102.0,0.0
B03,1103.0,0.0
B03,1104.0,0.0
B03,1105.0,0.0
B03,1106.0,0.0
B03,1107.0,0.0
B03,1108.0,0.0
B03,1109.0,0.0
B03,1110.0,0.0
B03,1111.0,0.0
B03,1112.0,0.0
B03,1113.0,0.0
B03,1114.0,0.0
B03,1115.0,0.0
B03,1116.0,0.0
B03,1117.0,0.0
B03,1118.0,0.0
B03,1119.0,0.0
B03,1120.0,0.0
B03,1121.0,0.0
B03,1122.0,0.0
B03,1123.0,0.0
B03,1124.0,0.0
B03,1125.0,0.0
B03,1126.0,0.0
B03,1127.0,0.0
B03,1128.0,0.0
B03,1129.0,0.0
B03,1130.0,0.0
B03,1131.0,0.0
B03,1132.0,0.0
B03,1133.0,0.0
B03,1134.0,0.0
B03,1135.0,0.0
B03,1136.0,0.0
B03,1137.0,0.0
B03,1138.0,0.0
B03,1139.0,0.0
B03,1140.0,0.0
B03,1141.0,0.0
B03,1142.0,0.0
B03,1143.0,0.0
B03,1144.0,0.0
B03,1145.0,0.0
B03,1146.0,0.0
B03,1147.0,0.0
B03,1148.0,0.0
B03,1149.0,0.0
B03,1150.0,0.0
B03,1151.0,0.0
B03,1152.0,0.0
B03,1153.0,0.0
B03,1154.0,0.0
B03,1155.0,0.0
B03,1156.0,0.0
B03,1157.0,0.0
B03,1158.0,0.0
B03,1159.0,0.0
B03,1160.0,0.0
B03,1161.0,0.0
B03,1162.0,0.0
B03,1163.0,0.0
B03,1164.0,0.0
B03,1165.0,0.0
B03,1166.0,0.0
B03,1167.0,0.0
B03,1168.0,0.0
B03,1169.0,0.0
B03,1170.0,0.0
B03,1171.0,0.0
B03,1172.0,0.0
B03,1173.0,0.0
B03,1174.0,0.0
B03,1175.0,0.0
B03,1176.0,0.0
B03,1177.0,0.0
B03,1178.0,0.0
B03,1179.0,0.0
B03,1180.0,0.0
B03,1181.0,0.0
B03,1182.0,0.0
B03,1183.0,0.0
B03,1184.0,0.0
B03,1185.0,0.0
B03,1186.0,0.0
B03,1187.0,0.0
B03,1188.0,0.0
B03,1189.0,0.0
B03,1190.0,0.0
B03,1191.0,0.0
B03,1192.0,0.0
B03,1193.0,0.0
B03,1194.0,0.0
B03,1195.0,0.0
B03,1196.0,0.0
B03,1197.0,0.0
B03,1198.0,0.0
B03,1199.0,0.0
B03,1200.0,0.0
B03,1201.0,0.0
B03,1202.0,0.0
B03,1203.0,0.0
B03,1204.0,0.0
B03,1205.0,0.0
B03,1206.0,0.0
B03,1207.0,0.0
B03,1208.0,0.0
B03,1209.0,0.0
B03,1210.0,0.0
B03,1211.0,0.0
B03,1212.0,0.0
B03,1213.0,0.0
B03,1214.0,0.0
B03,1215.0,0.0
B03,1216.0,0.0
B03,1217.0,0.0
B03,1218.0,0.0
B03,1219.0,0.0
B03,1220.0,0.0
B03,1221.0,0.0
B03,1222.0,0.0
B03,1223.0,0.0
B03,1224.0,0.0
B03,1225.0,0.0
B03,1226.0,0.0
B03,1227.0,0.0
B03,1228.0,0.0
B03,1229.0,0.0
B03,1230.0,0.0
B03,1231.0,0.0
B03,1232.0,0.0
B03,1233.0,0.0
B03,1234.0,0.0
B03,1235.0,0.0
B03,1236.0,0.0
B03,1237.0,0.0
B03,1238.0,0.0
B03,1239.0,0.0
B03,1240.0,0.0
B03,1241.0,0.0
B03,1242.0,0.0
B03,1243.0,0.0
B03,1244.0,0.0
B03,1245.0,0.0
B03,1246.0,0.0
B03,1247.0,0.0
B03,1248.0,0.0
B03,1249.0,0.0
B03,1250.0,0.0
B03,1251.0,0.0
B03,1252.0,0.0
B03,1253.0,0.0
B03,1254.0,0.0
B03,1255.0,0.0
B03,1256.0,0.0
B03,1257.0,0.0
B03,1258.0,0.0
B03,1259.0,0.0
B03,1260.0,0.0
B03,1261.0,0.0
B03,1262.0,0.0
B03,1263.0,0.0
B03,1264.0,0.0
B03,1265.0,0.0
B03,1266.0,0.0
B03,1267.0,0.0
B03,1268.0,0.0
B03,1269.0,0.0
B03,1270.0,0.0
B03,1271.0,0.0
B03,1272.0,0.0
B03,1273.0,0.0
B03,1274.0,0.0
B03,1275.0,0.0
B03,1276.0,0.0
B03,1277.0,0.0
B03,1278.0,0.0
B03,1279.0,0.0
B03,1280.0,0.0
B03,1281.0,0.0
B03,1282.0,0.0
B03,1283.0,0.0
B03,1284.0,0.0
B03,1285.0,0.0
B03,1286.0,0.0
B03,1287.0,0.0
B03,1288.0,0.0
B03,1289.0,0.0
B03,1290.0,0.0
B03,1291.0,0.0
B03,1292.0,0.0
B03,1293.0,0.0
B03,1294.0,0.0
B03,1295.0,0.0
B03,1296.0,0.0
B03,1297.0,0.0
B03,1298.0,0.0
B03,1299.0,0.0
B03,1300.0,0.0
B03,1301.0,0.0
B03,1302.0,0.0
B03,1303.0,0.0
B03,1304.0,0.0
B03,1305.0,0.0
B03,1306.0,0.0
B03,1307.0,0.0
B03,1308.0,0.0
B03,1309.0,0.0
B03,1310.0,0.0
B03,1311.0,0.0
B03,1312.0,0.0
B03,1313.0,0.0
B03,1314.0,0.0
B03,1315.0,0.0
B03,1316.0,0.0
B03,1317.0,0.0
B03,1318.0,0.0
B03,1319.0,0.0
B03,1320.0,0.0
B03,1321.0,0.0
B03,1322.0,0.0
B03,1323.0,0.0
B03,1324.0,0.0
B03,1325.0,0.0
B03,1326.0,0.0
B03,1327.0,0.0
B03,1328.0,0.0
B03,1329.0,0.0
B03,1330.0,0.0
B03,1331.0,0.0
B03,1332.0,0.0
B03,1333.0,0.0
B03,1334.0,0.0
B03,1335.0,0.0
B03,1336.0,0.0
B03,1337.0,0.0
B03,1338.0,0.0
B03,1339.0,0.0
B03,1340.0,0.0
B03,1341.0,0.0
B03,1342.0,0.0
B03,1343.0,0.0
B03,1344.0,0.0
B03,1345.0,0.0
B03,1346.0,0.0
B03,1347.0,0.0
B03,1348.0,0.0
B03,1349.0,0.0
B03,1350.0,0.0
B03,1351.0,0.0
B03,1352.0,0.0
B03,1353.0,0.0
B03,1354.0,0.0
B03,1355.0,0.0
B03,1356.0,0.0
B03,1357.0,0.0
B03,1358.0,0.0
B03,1359.0,0.0
B03,1360.0,0.0
B03,1361.0,0.0
B03,1362.0,0.0
B03,1363.0,0.0
B03,1364.0,0.0
B03,1365.0,0.0
B03,1366.0,0.0
B03,1367.0,0.0
B03,1368.0,0.0
B03,1369.0,0.0
B03,1370.0,0.0
B03,1371.0,0.0
B03,1372.0,0.0
B03,1373.0,0.0
B03,1374.0,0.0
B03,1375.0,0.0
B03,1376.0,0.0
B03,1377.0,0.0
B03,1378.0,0.0
B03,1379.0,0.0
B03,1380.0,0.0
B03,1381.0,0.0
B03,1382.0,0.0
B03,1383.0,0.0
B03,1384.0,0.0
B03,1385.0,0.0
B03,1386.0,0.0
B03,1387.0,0.0
B03,1388.0,0.0
B03,1389.0,0.0
B03,1390.0,0.0
B03,1391.0,0.0
B03,1392.0,0.0
B03,1393.0,0.0
B03,1394.0,0.0
B03,1395.0,0.0
B03,1396.0,0.0
B03,1397.0,0.0
B03,1398.0,0.0
B03,1399.0,0.0
B03,1400.0,0.0
B03,1401.0,0.0
B03,1402.0,0.0
B03,1403.0,0.0
B03,1404.0,0.0
B03,1405.0,0.0
B03,1406.0,0.0
B03,1407.0,0.0
B03,1408.0,0.0
B03,1409.0,0.0
B03,1410.0,0.0
B03,1411.0,0.0
B03,1412.0,0.0
B03,1413.0,0.0
B03,1414.0,0.0
B03,1415.0,0.0
B03,1416.0,0.0
B03,1417.0,0.0
B03,1418.0,0.0
B03,1419.0,0.0
B03,1420.0,0.0
B03,1421.0,0.0
B03,1422.0,0.0
B03,1423.0,0.0
B03,1424.0,0.0
B03,1425.0,0.0
B03,1426.0,0.0
B03,1427.0,0.0
B03,1428.0,0.0
B03,1429.0,0.0
B03,1430.0,0.0
B03,1431.0,0.0
B03,1432.0,0.0
B03,1433.0,0.0
B03,1434.0,0.0
B03,1435.0,0.0
B03,1436.0,0.0
B03,1437.0,0.0
B03,1438.0,0.0
B03,1439.0,0.0
B03,1440.0,0.0
B03,1441.0,0.0
B03,1442.0,0.0
B03,1443.0,0.0
B03,1444.0,0.0
B03,1445.0,0.0
B03,1446.0,0.0
B03,1447.0,0.0
B03,1448.0,0.0
B03,1449.0,0.0
B03,1450.0,0.0
B03,1451.0,0.0
B03,1452.0,0.0
B03,1453.0,0.0
B03,1454.0,0.0
B03,1455.0,0.0
B03,1456.0,0.0
B03,1457.0,0.0
B03,1458.0,0.0
B03,1459.0,0.0
B03,1460.0,0.0
B03,1461.0,0.0
B03,1462.0,0.0
B03,1463.0,0.0
B03,1464.0,0.0
B03,1465.0,0.0
B03,1466.0,0.0
B03,1467.0,0.0
B03,1468.0,0.0
B03,1469.0,0.0
B03,1470.0,0.0
B03,1471.0,0.0
B03,1472.0,0.0
B03,1473.0,0.0
B03,1474.0,0.0
B03,1475.0,0.0
B03,1476.0,0.0
B03,1477.0,0.0
B03,1478.0,0.0
B03,1479.0,0.0
B03,1480.0,0.0
B03,1481.0,0.0
B03,1482.0,0.0
B03,1483.0,0.0
B03,1484.0,0.0
B03,1485.0,0.0
B03,1486.0,0.0
B03,1487.0,0.0
B03,1488.0,0.0
B03,1489.0,0.0
B03,1490.0,0.0
B03,1491.0,0.0
B03,1492.0,0.0
B03,1493.0,0.0
B03,1494.0,0.0
B03,1495.0,0.0
B03,1496.0,0.0
B03,1497.0,0.0
B03,1498.0,0.0
B03,1499.0,0.0
B03,1500.0,0.0
B03,1501.0,0.0
B03,1502.0,0.0
B03,1503.0,0.0
B03,1504.0,0.0
B03,1505.0,0.0
B03,1506.0,0.0
B03,1507.0,0.0
B03,1508.0,0.0
B03,1509.0,0.0
B03,1510.0,0.0
B03,1511.0,0.0
B03,1512.0,0.0
B03,1513.0,0.0
B03,1514.0,0.0
B03,1515.0,0.0
B03,1516.0,0.0
B03,1517.0,0.0
B03,1518.0,0.0
B03,1519.0,0.0
B03,1520.0,0.0
B03,1521.0,0.0
B03,1522.0,0.0
B03,1523.0,0.0
B03,1524.0,0.0
B03,1525.0,0.0
B03,1526.0,0.0
B03,1527.0,0.0
B03,1528.0,0.0
B03,1529.0,0.0
B03,1530.0,0.0
B03,1531.0,0.0
B03,1532.0,0.0
B03,1533.0,0.0
B03,1534.0,0.0
B03,1535.0,0.0
B03,1536.0,0.0
B03,1537.0,0.0
B03,1538.0,0.0
B03,1539.0,0.0
B03,1540.0,0.0
B03,1541.0,0.0
B03,1542.0,0.0
B03,1543.0,0.0
B03,1544.0,0.0
B03,1545.0,0.0
B03,1546.0,0.0
B03,1547.0,0.0
B03,1548.0,0.0
B03,1549.0,0.0
B03,1550.0,0.0
B03,1551.0,0.0
B03,1552.0,0.0
B03,1553.0,0.0
B03,1554.0,0.0
B03,1555.0,0.0
B03,1556.0,0.0
B03,1557.0,0.0
B03,1558.0,0.0
B03,1559.0,0.0
B03,1560.0,0.0
B03,1561.0,0.0
B03,1562.0,0.0
B03,1563.0,0.0
B03,1564.0,0.0
B03,1565.0,0.0
B03,1566.0,0.0
B03,1567.0,0.0
B03,1568.0,0.0
B03,1569.0,0.0
B03,1570.0,0.0
B03,1571.0,0.0
B03,1572.0,0.0
B03,1573.0,0.0
B03,1574.0,0.0
B03,1575.0,0.0
B03,1576.0,0.0
B03,1577.0,0.0
B03,1578.0,0.0
B03,1579.0,0.0
B03,1580.0,0.0
B03,1581.0,0.0
B03,1582.0,0.0
B03,1583.0,0.0
B03,1584.0,0.0
B03,1585.0,0.0
B03,1586.0,0.0
B03,1587.0,0.0
B03,1588.0,0.0
B03,1589.0,0.0
B03,1590.0,0.0
B03,1591.0,0.0
B03,1592.0,0.0
B03,1593.0,0.0
B03,1594.0,0.0
B03,1595.0,0.0
B03,1596.0,0.0
B03,1597.0,0.0
B03,1598.0,0.0
B03,1599.0,0.0
B03,1600.0,0.0
B03,1601.0,0.0
B03,1602.0,0.0
B03,1603.0,0.0
B03,1604.0,0.0
B03,1605.0,0.0
B03,1606.0,0.0
B03,1607.0,0.0
B03,1608.0,0.0
B03,1609.0,0.0
B03,1610.0,0.0
B03,1611.0,0.0
B03,1612.0,0.0
B03,1613.0,0.0
B03,1614.0,0.0
B03,1615.0,0.0
B03,1616.0,0.0
B03,1617.0,0.0
B03,1618.0,0.0
B03,1619.0,0.0
B03,1620.0,0.0
B03,1621.0,0.0
B03,1622.0,0.0
B03,1623.0,0.0
B03,1624.0,0.0
B03,1625.0,0.0
B03,1626.0,0.0
B03,1627.0,0.0
B03,1628.0,0.0
B03,1629.0,0.0
B03,1630.0,0.0
B03,1631.0,0.0
B03,1632.0,0.0
B03,1633.0,0.0
B03,1634.0,0.0
B03,1635.0,0.0
B03,1636.0,0.0
B03,1637.0,0.0
B03,1638.0,0.0
B03,1639.0,0.0
B03,1640.0,0.0
B03,1641.0,0.0
B03,1642.0,0.0
B03,1643.0,0.0
B03,1644.0,0.0
B03,1645.0,0.0
B03,1646.0,0.0
B03,1647.0,0.0
B03,1648.0,0.0
B03,1649.0,0.0
B03,1650.0,0.0
B03,1651.0,0.0
B03,1652.0,0.0
B03,1653.0,0.0
B03,1654.0,0.0
B03,1655.0,0.0
B03,1656.0,0.0
B03,1657.0,0.0
B03,1658.0,0.0
B03,1659.0,0.0
B03,1660.0,0.0
B03,1661.0,0.0
B03,1662.0,0.0
B03,1663.0,0.0
B03,1664.0,0.0
B03,1665.0,0.0
B03,1666.0,0.0
B03,1667.0,0.0
B03,1668.0,0.0
B03,1669.0,0.0
B03,1670.0,0.0
B03,1671.0,0.0
B03,1672.0,0.0
B03,1673.0,0.0
B03,1674.0,0.0
B03,1675.0,0.0
B03,1676.0,0.0
B03,1677.0,0.0
B03,1678.0,0.0
B03,1679.0,0.0
B03,1680.0,0.0
B03,1681.0,0.0
B03,1682.0,0.0
B03,1683.0,0.0
B03,1684.0,0.0
B03,1685.0,0.0
B03,1686.0,0.0
B03,1687.0,0.0
B03,1688.0,0.0
B03,1689.0,0.0
B03,1690.0,0.0
B03,1691.0,0.0
B03,1692.0,0.0
B03,1693.0,0.0
B03,1694.0,0.0
B03,1695.0,0.0
B03,1696.0,0.0
B03,1697.0,0.0
B03,1698.0,0.0
B03,1699.0,0.0
B03,1700.0,0.0
B03,1701.0,0.0
B03,1702.0,0.0
B03,1703.0,0.0
B03,1704.0,0.0
B03,1705.0,0.0
B03,1706.0,0.0
B03,1707.0,0.0
B03,1708.0,0.0
B03,1709.0,0.0
B03,1710.0,0.0
B03,1711.0,0.0
B03,1712.0,0.0
B03,1713.0,0.0
B03,1714.0,0.0
B03,1715.0,0.0
B03,1716.0,0.0
B03,1717.0,0.0
B03,1718.0,0.0
B03,1719.0,0.0
B03,1720.0,0.0
B03,1721.0,0.0
B03,1722.0,0.0
B03,1723.0,0.0
B03,1724.0,0.0
B03,1725.0,0.0
B03,1726.0,0.0
B03,1727.0,0.0
B03,1728.0,0.0
B03,1729.0,0.0
B03,1730.0,0.0
B03,1731.0,0.0
B03,1732.0,0.0
B03,1733.0,0.0
B03,1734.0,0.0
B03,1735.0,0.0
B03,1736.0,0.0
B03,1737.0,0.0
B03,1738.0,0.0
B03,1739.0,0.0
B03,1740.0,0.0
B03,1741.0,0.0
B03,1742.0,0.0
B03,1743.0,0.0
B03,1744.0,0.0
B03,1745.0,0.0
B03,1746.0,0.0
B03,1747.0,0.0
B03,1748.0,0.0
B03,1749.0,0.0
B03,1750.0,0.0
B03,1751.0,0.0
B03,1752.0,0.0
B03,1753.0,0.0
B03,1754.0,0.0
B03,1755.0,0.0
B03,1756.0,0.0
B03,1757.0,0.0
B03,1758.0,0.0
B03,1759.0,0.0
B03,1760.0,0.0
B03,1761.0,0.0
B03,1762.0,0.0
B03,1763.0,0.0
B03,1764.0,0.0
B03,1765.0,0.0
B03,1766.0,0.0
B03,1767.0,0.0
B03,1768.0,0.0
B03,1769.0,0.0
B03,1770.0,0.0
B03,1771.0,0.0
B03,1772.0,0.0
B03,1773.0,0.0
B03,1774.0,0.0
B03,1775.0,0.0
B03,1776.0,0.0
B03,1777.0,0.0
B03,1778.0,0.0
B03,1779.0,0.0
B03,1780.0,0.0
B03,1781.0,0.0
B03,1782.0,0.0
B03,1783.0,0.0
B03,1784.0,0.0
B03,1785.0,0.0
B03,1786.0,0.0
B03,1787.0,0.0
B03,1788.0,0.0
B03,1789.0,0.0
B03,1790.0,0.0
B03,1791.0,0.0
B03,1792.0,0.0
B03,1793.0,0.0
B03,1794.0,0.0
B03,1795.0,0.0
B03,1796.0,0.0
B03,1797.0,0.0
B03,1798.0,0.0
B03,1799.0,0.0
B03,1800.0,0.0
B03,1801.0,0.0
B03,1802.0,0.0
B03,1803.0,0.0
B03,1804.0,0.0
B03,1805.0,0.0
B03,1806.0,0.0
B03,1807.0,0.0
B03,1808.0,0.0
B03,1809.0,0.0
B03,1810.0,0.0
B03,1811.0,0.0
B03,1812.0,0.0
B03,1813.0,0.0
B03,1814.0,0.0
B03,1815.0,0.0
B03,1816.0,0.0
B03,1817.0,0.0
B03,1818.0,0.0
B03,1819.0,0.0
B03,1820.0,0.0
B03,1821.0,0.0
B03,1822.0,0.0
B03,1823.0,0.0
B03,1824.0,0.0
B03,1825.0,0.0
B03,1826.0,0.0
B03,1827.0,0.0
B03,1828.0,0.0
B03,1829.0,0.0
B03,1830.0,0.0
B03,1831.0,0.0
B03,1832.0,0.0
B03,1833.0,0.0
B03,1834.0,0.0
B03,1835.0,0.0
B03,1836.0,0.0
B03,1837.0,0.0
B03,1838.0,0.0
B03,1839.0,0.0
B03,1840.0,0.0
B03,1841.0,0.0
B03,1842.0,0.0
B03,1843.0,0.0
B03,1844.0,0.0
B03,1845.0,0.0
B03,1846.0,0.0
B03,1847.0,0.0
B03,1848.0,0.0
B03,1849.0,0.0
B03,1850.0,0.0
B03,1851.0,0.0
B03,1852.0,0.0
B03,1853.0,0.0
B03,1854.0,0.0
B03,1855.0,0.0
B03,1856.0,0.0
B03,1857.0,0.0
B03,1858.0,0.0
B03,1859.0,0.0
B03,1860.0,0.0
B03,1861.0,0.0
B03,1862.0,0.0
B03,1863.0,0.0
B03,1864.0,0.0
B03,1865.0,0.0
B03,1866.0,0.0
B03,1867.0,0.0
B03,1868.0,0.0
B03,1869.0,0.0
B03,1870.0,0.0
B03,1871.0,0.0
B03,1872.0,0.0
B03,1873.0,0.0
B03,1874.0,0.0
B03,1875.0,0.0
B03,1876.0,0.0
B03,1877.0,0.0
B03,1878.0,0.0
B03,1879.0,0.0
B03,1880.0,0.0
B03,1881.0,0.0
B03,1882.0,0.0
B03,1883.0,0.0
B03,1884.0,0.0
B03,1885.0,0.0
B03,1886.0,0.0
B03,1887.0,0.0
B03,1888.0,0.0
B03,1889.0,0.0
B03,1890.0,0.0
B03,1891.0,0.0
B03,1892.0,0.0
B03,1893.0,0.0
B03,1894.0,0.0
B03,1895.0,0.0
B03,1896.0,0.0
B03,1897.0,0.0
B03,1898.0,0.0
B03,1899.0,0.0
B03,1900.0,0.0
B03,1901.0,0.0
B03,1902.0,0.0
B03,1903.0,0.0
B03,1904.0,0.0
B03,1905.0,0.0
B03,1906.0,0.0
B03,1907.0,0.0
B03,1908.0,0.0
B03,1909.0,0.0
B03,1910.0,0.0
B03,1911.0,0.0
B03,1912.0,0.0
B03,1913.0,0.0
B03,1914.0,0.0
B03,1915.0,0.0
B03,1916.0,0.0
B03,1917.0,0.0
B03,1918.0,0.0
B03,1919.0,0.0
B03,1920.0,0.0
B03,1921.0,0.0
B03,1922.0,0.0
B03,1923.0,0.0
B03,1924.0,0.0
B03,1925.0,0.0
B03,1926.0,0.0
B03,1927.0,0.0
B03,1928.0,0.0
B03,1929.0,0.0
B03,1930.0,0.0
B03,1931.0,0.0
B03,1932.0,0.0
B03,1933.0,0.0
B03,1934.0,0.0
B03,1935.0,0.0
B03,1936.0,0.0
B03,1937.0,0.0
B03,1938.0,0.0
B03,1939.0,0.0
B03,1940.0,0.0
B03,1941.0,0.0
B03,1942.0,0.0
B03,1943.0,0.0
B03,1944.0,0.0
B03,1945.0,0.0
B03,1946.0,0.0
B03,1947.0,0.0
B03,1948.0,0.0
B03,1949.0,0.0
B03,1950.0,0.0
B03,1951.0,0.0
B03,1952.0,0.0
B03,1953.0,0.0
B03,1954.0,0.0
B03,1955.0,0.0
B03,1956.0,0.0
B03,1957.0,0.0
B03,1958.0,0.0
B03,1959.0,0.0
B03,1960.0,0.0
B03,1961.0,0.0
B03,1962.0,0.0
B03,1963.0,0.0
B03,1964.0,0.0
B03,1965.0,0.0
B03,1966.0,0.0
B03,1967.0,0.0
B03,1968.0,0.0
B03,1969.0,0.0
B03,1970.0,0.0
B03,1971.0,0.0
B03,1972.0,0.0
B03,1973.0,0.0
B03,1974.0,0.0
B03,1975.0,0.0
B03,1976.0,0.0
B03,1977.0,0.0
B03,1978.0,0.0
B03,1979.0,0.0
B03,1980.0,0.0
B03,1981.0,0.0
B03,1982.0,0.0
B03,1983.0,0.0
B03,1984.0,0.0
B03,1985.0,0.0
B03,1986.0,0.0
B03,1987.0,0.0
B03,1988.0,0.0
B03,1989.0,0.0
B03,1990.0,0.0
B03,1991.0,0.0
B03,1992.0,0.0
B03,1993.0,0.0
B03,1994.0,0.0
B03,1995.0,0.0
B03,1996.0,0.0
B03,1997.0,0.0
B03,1998.0,0.0
B03,1999.0,0.0
B03,2000.0,0.0
B03,2001.0,0.0
B03,2002.0,0.0
B03,2003.0,0.0
B03,2004.0,0.0
B03,2005.0,0.0
B03,2006.0,0.0
B03,2007.0,0.0
B03,2008.0,0.0
B03,2009.0,0.0
B03,2010.0,0.0
B03,2011.0,0.0
B03,2012.0,0.0
B03,2013.0,0.0
B03,2014.0,0.0
B03,2015.0,0.0
B03,2016.0,0.0
B03,2017.0,0.0
B03,2018.0,0.0
B03,2019.0,0.0
B03,2020.0,0.0
B03,2021.0,0.0
B03,2022.0,0.0
B03,2023.0,0.0
B03,2024.0,0.0
B03,2025.0,0.0
B03,2026.0,0.0
B03,2027.0,0.0
B03,2028.0,0.0
B03,2029.0,0.0
B03,2030.0,0.0
B03,2031.0,0.0
B03,2032.0,0.0
B03,2033.0,0.0
B03,2034.0,0.0
B03,2035.0,0.0
B03,2036.0,0.0
B03,2037.0,0.0
B03,2038.0,0.0
B03,2039.0,0.0
B03,2040.0,0.0
B03,2041.0,0.0
B03,2042.0,0.0
B03,2043.0,0.0
B03,2044.0,0.0
B03,2045.0,0.0
B03,2046.0,0.0
B03,2047.0,0.0
B03,2048.0,0.0
B03,2049.0,0.0
B03,2050.0,0.0
B03,2051.0,0.0
B03,2052.0,0.0
B03,2053.0,0.0
B03,2054.0,0.0
B03,2055.0,0.0
B03,2056.0,0.0
B03,2057.0,0.0
B03,2058.0,0.0
B03,2059.0,0.0
B03,2060.0,0.0
B03,2061.0,0.0
B03,2062.0,0.0
B03,2063.0,0.0
B03,2064.0,0.0
B03,2065.0,0.0
B03,2066.0,0.0
B03,2067.0,0.0
B03,2068.0,0.0
B03,2069.0,0.0
B03,2070.0,0.0
B03,2071.0,0.0
B03,2072.0,0.0
B03,2073.0,0.0
B03,2074.0,0.0
B03,2075.0,0.0
B03,2076.0,0.0
B03,2077.0,0.0
B03,2078.0,0.0
B03,2079.0,0.0
B03,2080.0,0.0
B03,2081.0,0.0
B03,2082.0,0.0
B03,2083.0,0.0
B03,2084.0,0.0
B03,2085.0,0.0
B03,2086.0,0.0
B03,2087.0,0.0
B03,2088.0,0.0
B03,2089.0,0.0
B03,2090.0,0.0
B03,2091.0,0.0
B03,2092.0,0.0
B03,2093.0,0.0
B03,2094.0,0.0
B03,2095.0,0.0
B03,2096.0,0.0
B03,2097.0,0.0
B03,2098.0,0.0
B03,2099.0,0.0
B03,2100.0,0.0
B03,2101.0,0.0
B03,2102.0,0.0
B03,2103.0,0.0
B03,2104.0,0.0
B03,2105.0,0.0
B03,2106.0,0.0
B03,2107.0,0.0
B03,2108.0,0.0
B03,2109.0,0.0
B03,2110.0,0.0
B03,2111.0,0.0
B03,2112.0,0.0
B03,2113.0,0.0
B03,2114.0,0.0
B03,2115.0,0.0
B03,2116.0,0.0
B03,2117.0,0.0
B03,2118.0,0.0
B03,2119.0,0.0
B03,2120.0,0.0
B03,2121.0,0.0
B03,2122.0,0.0
B03,2123.0,0.0
B03,2124.0,0.0
B03,2125.0,0.0
B03,2126.0,0.0
B03,2127.0,0.0
B03,2128.0,0.0
B03,2129.0,0.0
B03,2130.0,0.0
B03,2131.0,0.0
B03,2132.0,0.0
B03,2133.0,0.0
B03,2134.0,0.0
B03,2135.0,0.0
B03,2136.0,0.0
B03,2137.0,0.0
B03,2138.0,0.0
B03,2139.0,0.0
B03,2140.0,0.0
B03,2141.0,0.0
B03,2142.0,0.0
B03,2143.0,0.0
B03,2144.0,0.0
B03,2145.0,0.0
B03,2146.0,0.0
B03,2147.0,0.0
B03,2148.0,0.0
B03,2149.0,0.0
B03,2150.0,0.0
B03,2151.0,0.0
B03,2152.0,0.0
B03,2153.0,0.0
B03,2154.0,0.0
B03,2155.0,0.0
B03,2156.0,0.0
B03,2157.0,0.0
B03,2158.0,0.0
B03,2159.0,0.0
B03,2160.0,0.0
B03,2161.0,0.0
B03,2162.0,0.0
B03,2163.0,0.0
B03,2164.0,0.0
B03,2165.0,0.0
B03,2166.0,0.0
B03,2167.0,0.0
B03,2168.0,0.0
B03,2169.0,0.0
B03,2170.0,0.0
B03,2171.0,0.0
B03,2172.0,0.0
B03,2173.0,0.0
B03,2174.0,0.0
B03,2175.0,0.0
B03,2176.0,0.0
B03,2177.0,0.0
B03,2178.0,0.0
B03,2179.0,0.0
B03,2180.0,0.0
B03,2181.0,0.0
B03,2182.0,0.0
B03,2183.0,0.0
B03,2184.0,0.0
B03,2185.0,0.0
B03,2186.0,0.0
B03,2187.0,0.0
B03,2188.0,0.0
B03,2189.0,0.0
B03,2190.0,0.0
B03,2191.0,0.0
B03,2192.0,0.0
B03,2193.0,0.0
B03,2194.0,0.0
B03,2195.0,0.0
B03,2196.0,0.0
B03,2197.0,0.0
B03,2198.0,0.0
B03,2199.0,0.0
B03,2200.0,0.0
B03,2201.0,0.0
B03,2202.0,0.0
B03,2203.0,0.0
B03,2204.0,0.0
B03,2205.0,0.0
B03,2206.0,0.0
B03,2207.0,0.0
B03,2208.0,0.0
B03,2209.0,0.0
B03,2210.0,0.0
B03,2211.0,0.0
B03,2212.0,0.0
B03,2213.0,0.0
B03,2214.0,0.0
B03,2215.0,0.0
B03,2216.0,0.0
B03,2217.0,0.0
B03,2218.0,0.0
B03,2219.0,0.0
B03,2220.0,0.0
B03,2221.0,0.0
B03,2222.0,0.0
B03,2223.0,0.0
B03,2224.0,0.0
B03,2225.0,0.0
B03,2226.0,0.0
B03,2227.0,0.0
B03,2228.0,0.0
B03,2229.0,0.0
B03,2230.0,0.0
B03,2231.0,0.0
B03,2232.0,0.0
B03,2233.0,0.0
B03,2234.0,0.0
B03,2235.0,0.0
B03,2236.0,0.0
B03,2237.0,0.0
B03,2238.0,0.0
B03,2239.0,0.0
B03,2240.0,0.0
B03,2241.0,0.0
B03,2242.0,0.0
B03,2243.0,0.0
B03,2244.0,0.0
B03,2245.0,0.0
B03,2246.0,0.0
B03,2247.0,0.0
B03,2248.0,0.0
B03,2249.0,0.0
B03,2250.0,0.0
B03,2251.0,0.0
B03,2252.0,0.0
B03,2253.0,0.0
B03,2254.0,0.0
B03,2255.0,0.0
B03,2256.0,0.0
B03,2257.0,0.0
B03,2258.0,0.0
B03,2259.0,0.0
B03,2260.0,0.0
B03,2261.0,0.0
B03,2262.0,0.0
B03,2263.0,0.0
B03,2264.0,0.0
B03,2265.0,0.0
B03,2266.0,0.0
B03,2267.0,0.0
B03,2268.0,0.0
B03,2269.0,0.0
B03,2270.0,0.0
B03,2271.0,0.0
B03,2272.0,0.0
B03,2273.0,0.0
B03,2274.0,0.0
B03,2275.0,0.0
B03,2276.0,0.0
B03,2277.0,0.0
B03,2278.0,0.0
B03,2279.0,0.0
B03,2280.0,0.0
B03,2281.0,0.0
B03,2282.0,0.0
B03,2283.0,0.0
B03,2284.0,0.0
B03,2285.0,0.0
B03,2286.0,0.0
B03,2287.0,0.0
B03,2288.0,0.0
B03,2289.0,0.0
B03,2290.0,0.0
B03,2291.0,0.0
B03,2292.0,0.0
B03,2293.0,0.0
B03,2294.0,0.0
B03,2295.0,0.0
B03,2296.0,0.0
B03,2297.0,0.0
B03,2298.0,0.0
B03,2299.0,0.0
B03,2300.0,0.0
B03,2301.0,0.0
B03,2302.0,0.0
B03,2303.0,0.0
B03,2304.0,0.0
B03,2305.0,0.0
B03,2306.0,0.0
B03,2307.0,0.0
B03,2308.0,0.0
B03,2309.0,0.0
B03,2310.0,0.0
B03,2311.0,0.0
B03,2312.0,0.0
B03,2313.0,0.0
B03,2314.0,0.0
B03,2315.0,0.0
B03,2316.0,0.0
B03,2317.0,0.0
B03,2318.0,0.0
B03,2319.0,0.0
B03,2320.0,0.0
B03,2321.0,0.0
B03,2322.0,0.0
B03,2323.0,0.0
B03,2324.0,0.0
B03,2325.0,0.0
B03,2326.0,0.0
B03,2327.0,0.0
B03,2328.0,0.0
B03,2329.0,0.0
B03,2330.0,0.0
B03,2331.0,0.0
B03,2332.0,0.0
B03,2333.0,0.0
B03,2334.0,0.0
B03,2335.0,0.0
B03,2336.0,0.0
B03,2337.0,0.0
B03,2338.0,0.0
B03,2339.0,0.0
B03,2340.0,0.0
B03,2341.0,0.0
B03,2342.0,0.0
B03,2343.0,0.0
B03,2344.0,0.0
B03,2345.0,0.0
B03,2346.0,0.0
B03,2347.0,0.0
B03,2348.0,0.0
B03,2349.0,0.0
B03,2350.0,0.0
B03,2351.0,0.0
B03,2352.0,0.0
B03,2353.0,0.0
B03,2354.0,0.0
B03,2355.0,0.0
B03,2356.0,0.0
B03,2357.0,0.0
B03,2358.0,0.0
B03,2359.0,0.0
B03,2360.0,0.0
B03,2361.0,0.0
B03,2362.0,0.0
B03,2363.0,0.0
B03,2364.0,0.0
B03,2365.0,0.0
B03,2366.0,0.0
B03,2367.0,0.0
B03,2368.0,0.0
B03,2369.0,0.0
B03,2370.0,0.0
B03,2371.0,0.0
B03,2372.0,0.0
B03,2373.0,0.0
B03,2374.0,0.0
B03,2375.0,0.0
B03,2376.0,0.0
B03,2377.0,0.0
B03,2378.0,0.0
B03,2379.0,0.0
B03,2380.0,0.0
B03,2381.0,0.0
B03,2382.0,0.0
B03,2383.0,0.0
B03,2384.0,0.0
B03,2385.0,0.0
B03,2386.0,0.0
B03,2387.0,0.0
B03,2388.0,0.0
B03,2389.0,0.0
B03,2390.0,0.0
B03,2391.0,0.0
B03,2392.0,0.0
B03,2393.0,0.0
B03,2394.0,0.0
B03,2395.0,0.0
B03,2396.0,0.0
B03,2397.0,0.0
B03,2398.0,0.0
B03,2399.0,0.0
B03,2400.0,0.0
B03,2401.0,0.0
B03,2402.0,0.0
B03,2403.0,0.0
B03,2404.0,0.0
B03,2405.0,0.0
B03,2406.0,0.0
B03,2407.0,0.0
B03,2408.0,0.0
B03,2409.0,0.0
B03,2410.0,0.0
B03,2411.0,0.0
B03,2412.0,0.0
B03,2413.0,0.0
B03,2414.0,0.0
B03,2415.0,0.0
B03,2416.0,0.0
B03,2417.0,0.0
B03,2418.0,0.0
B03,2419.0,0.0
B03,2420.0,0.0
B03,2421.0,0.0
B03,2422.0,0.0
B03,2423.0,0.0
B03,2424.0,0.0
B03,2425.0,0.0
B03,2426.0,0.0
B03,2427.0,0.0
B03,2428.0,0.0
B03,2429.0,0.0
B03,2430.0,0.0
B03,2431.0,0.0
B03,2432.0,0.0
B03,2433.0,0.0
B03,2434.0,0.0
B03,2435.0,0.0
B03,2436.0,0.0
B03,2437.0,0.0
B03,2438.0,0.0
B03,2439.0,0.0
B03,2440.0,0.0
B03,2441.0,0.0
B03,2442.0,0.0
B03,2443.0,0.0
B03,2444.0,0.0
B03,2445.0,0.0
B03,2446.0,0.0
B03,2447.0,0.0
B03,2448.0,0.0
B03,2449.0,0.0
B03,2450.0,0.0
B03,2451.0,0.0
B03,2452.0,0.0
B03,2453.0,0.0
B03,2454.0,0.0
B03,2455.0,0.0
B03,2456.0,0.0
B03,2457.0,0.0
B03,2458.0,0.0
B03,2459.0,0.0
B03,2460.0,0.0
B03,2461.0,0.0
B03,2462.0,0.0
B03,2463.0,0.0
B03,2464.0,0.0
B03,2465.0,0.0
B03,2466.0,0.0
B03,2467.0,0.0
B03,2468.0,0.0
B03,2469.0,0.0
B03,2470.0,0.0
B03,2471.0,0.0
B03,2472.0,0.0
B03,2473.0,0.0
B03,2474.0,0.0
B03,2475.0,0.0
B03,2476.0,0.0
B03,2477.0,0.0
B03,2478.0,0.0
B03,2479.0,0.0
B03,2480.0,0.0
B03,2481.0,0.0
B03,2482.0,0.0
B03,2483.0,0.0
B03,2484.0,0.0
B03,2485.0,0.0
B03,2486.0,0.0
B03,2487.0,0.0
B03,2488.0,0.0
B03,2489.0,0.0
B03,2490.0,0.0
B03,2491.0,0.0
B03,2492.0,0.0
B03,2493.0,0.0
B03,2494.0,0.0
B03,2495.0,0.0
B03,2496.0,0.0
B03,2497.0,0.0
B03,2498.0,0.0
B03,2499.0,0.0
B03,2500.0,0.0
B03,2501.0,0.0
B03,2502.0,0.0
B03,2503.0,0.0
B03,2504.0,0.0
B03,2505.0,0.0
B03,2506.0,0.0
B03,2507.0,0.0
B03,2508.0,0.0
B03,2509.0,0.0
B03,2510.0,0.0
B03,2511.0,0.0
B03,2512.0,0.0
B03,2513.0,0.0
B03,2514.0,0.0
B03,2515.0,0.0
B03,2516.0,0.0
B03,2517.0,0.0
B03,2518.0,0.0
B03,2519.0,0.0
B03,2520.0,0.0
B03,2521.0,0.0
B03,2522.0,0.0
B03,2523.0,0.0
B03,2524.0,0.0
B03,2525.0,0.0
B03,2526.0,0.0
B03,2527.0,0.0
B03,2528.0,0.0
B03,2529.0,0.0
B03,2530.0,0.0
B03,2531.0,0.0
B03,2532.0,0.0
B03,2533.0,0.0
B03,2534.0,0.0
B03,2535.0,0.0
B03,2536.0,0.0
B03,2537.0,0.0
B03,2538.0,0.0
B03,2539.0,0.0
B03,2540.0,0.0
B03,2541.0,0.0
B03,2542.0,0.0
B03,2543.0,0.0
B03,2544.0,0.0
B03,2545.0,0.0
B03,2546.0,0.0
B03,2547.0,0.0
B03,2548.0,0.0
B03,2549.0,0.0
B03,2550.0,0.0
B03,2551.0,0.0
B03,2552.0,0.0
B03,2553.0,0.0
B03,2554.0,0.0
B03,2555.0,0.0
B03,2556.0,0.0
B03,2557.0,0.0
B03,2558.0,0.0
B03,2559.0,0.0
B03,2560.0,0.0
B03,2561.0,0.0
B03,2562.0,0.0
B03,2563.0,0.0
B03,2564.0,0.0
B03,2565.0,0.0
B03,2566.0,0.0
B03,2567.0,0.0
B03,2568.0,0.0
B03,2569.0,0.0
B03,2570.0,0.0
B03,2571.0,0.0
B03,2572.0,0.0
B03,2573.0,0.0
B03,2574.0,0.0
B03,2575.0,0.0
B03,2576.0,0.0
B03,2577.0,0.0
B03,2578.0,0.0
B03,2579.0,0.0
B03,2580.0,0.0
B03,2581.0,0.0
B03,2582.0,0.0
B03,2583.0,0.0
B03,2584.0,0.0
B03,2585.0,0.0
B03,2586.0,0.0
B03,2587.0,0.0
B03,2588.0,0.0
B03,2589.0,0.0
B03,2590.0,0.0
B03,2591.0,0.0
B03,2592.0,0.0
B03,2593.0,0.0
B03,2594.0,0.0
B03,2595.0,0.0
B03,2596.0,0.0
B03,2597.0,0.0
B03,2598.0,0.0
B03,2599.0,0.0
B03,2600.0,0.0
B04,300.0,0.0
B04,301.0,0.0
B04,302.0,0.0
B04,303.0,0.0
B04,304.0,0.0
B04,305.0,0.0
B04,306.0,0.0
B04,307.0,0.0
B04,308.0,0.0
B04,309.0,0.0
B04,310.0,0.0
B04,311.0,0.0
B04,312.0,0.0
B04,313.0,0.0
B04,314.0,0.0
B04,315.0,0.0
B04,316.0,0.0
B04,317.0,0.0
B04,318.0,0.0
B04,319.0,0.0
B04,320.0,0.0
B04,321.0,0.0
B04,322.0,0.0
B04,323.0,0.0
B04,324.0,0.0
B04,325.0,0.0
B04,326.0,0.0
B04,327.0,0.0
B04,328.0,0.0
B04,329.0,0.0
B04,330.0,0.0
B04,331.0,0.0
B04,332.0,0.0
B04,333.0,0.0
B04,334.0,0.0
B04,335.0,0.0
B04,336.0,0.0
B04,337.0,0.0
B04,338.0,0.0
B04,339.0,0.0
B04,340.0,0.0
B04,341.0,0.0
B04,342.0,0.0
B04,343.0,0.0
B04,344.0,0.0
B04,345.0,0.0
B04,346.0,0.0
B04,347.0,0.0
B04,348.0,0.0
B04,349.0,0.0
B04,350.0,0.0
B04,351.0,0.0
B04,352.0,0.0
B04,353.0,0.0
B04,354.0,0.0
B04,355.0,0.0
B04,356.0,0.0
B04,357.0,0.0
B04,358.0,0.0
B04,359.0,0.0
B04,360.0,0.0
B04,361.0,0.0
B04,362.0,0.0
B04,363.0,0.0
B04,364.0,0.0
B04,365.0,0.0
B04,366.0,0.0
B04,367.0,0.0
B04,368.0,0.0
B04,369.0,0.0
B04,370.0,0.0
B04,371.0,0.0
B04,372.0,0.0
B04,373.0,0.0
B04,374.0,0.0
B04,375.0,0.0
B04,376.0,0.0
B04,377.0,0.0
B04,378.0,0.0
B04,379.0,0.0
B04,380.0,0.0
B04,381.0,0.0
B04,382.0,0.0
B04,383.0,0.0
B04,384.0,0.0
B04,385.0,0.0
B04,386.0,0.0
B04,387.0,0.0
B04,388.0,0.0
B04,389.0,0.0
B04,390.0,0.0
B04,391.0,0.0
B04,392.0,0.0
B04,393.0,0.0
B04,394.0,0.0
B04,395.0,0.0
B04,396.0,0.0
B04,397.0,0.0
B04,398.0,0.0
B04,399.0,0.0
B04,400.0,0.0
B04,401.0,0.0
B04,402.0,0.0
B04,403.0,0.0
B04,404.0,0.0
B04,405.0,0.0
B04,406.0,0.0
B04,407.0,0.0
B04,408.0,0.0
B04,409.0,0.0
B04,410.0,0.0
B04,411.0,0.0
B04,412.0,0.0
B04,413.0,0.0
B04,414.0,0.0
B04,415.0,0.0
B04,416.0,0.0
B04,417.0,0.0
B04,418.0,0.0
B04,419.0,0.0
B04,420.0,0.0
B04,421.0,0.0
B04,422.0,0.0
B04,423.0,0.0
B04,424.0,0.0
B04,425.0,0.0
B04,426.0,0.0
B04,427.0,0.0
B04,428.0,0.0
B04,429.0,0.0
B04,430.0,0.0
B04,431.0,0.0
B04,432.0,0.0
B04,433.0,0.0
B04,434.0,0.0
B04,435.0,0.0
B04,436.0,0.0
B04,437.0,0.0
B04,438.0,0.0
B04,439.0,0.0
B04,440.0,0.0
B04,441.0,0.0
B04,442.0,0.0
B04,443.0,0.0
B04,444.0,0.0
B04,445.0,0.0
B04,446.0,0.0
B04,447.0,0.0
B04,448.0,0.0
B04,449.0,0.0
B04,450.0,0.0
B04,451.0,0.0
B04,452.0,0.0
B04,453.0,0.0
B04,454.0,0.0
B04,455.0,0.0
B04,456.0,0.0
B04,457.0,0.0
B04,458.0,0.0
B04,459.0,0.0
B04,460.0,0.0
B04,461.0,0.0
B04,462.0,0.0
B04,463.0,0.0
B04,464.0,0.0
B04,465.0,0.0
B04,466.0,0.0
B04,467.0,0.0
B04,468.0,0.0
B04,469.0,0.0
B04,470.0,0.0
B04,471.0,0.0
B04,472.0,0.0
B04,473.0,0.0
B04,474.0,0.0
B04,475.0,0.0
B04,476.0,0.0
B04,477.0,0.0
B04,478.0,0.0
B04,479.0,0.0
B04,480.0,0.0
B04,481.0,0.0
B04,482.0,0.0
B04,483.0,0.0
B04,484.0,0.0
B04,485.0,0.0
B04,486.0,0.0
B04,487.0,0.0
B04,488.0,0.0
B04,489.0,0.0
B04,490.0,0.0
B04,491.0,0.0
B04,492.0,0.0
B04,493.0,0.0
B04,494.0,0.0
B04,495.0,0.0
B04,496.0,0.0
B04,497.0,0.0
B04,498.0,0.0
B04,499.0,0.0
B04,500.0,0.0
B04,501.0,0.0
B04,502.0,0.0
B04,503.0,0.0
B04,504.0,0.0
B04,505.0,0.0
B04,506.0,0.0
B04,507.0,0.0
B04,508.0,0.0
B04,509.0,0.0
B04,510.0,0.0
B04,511.0,0.0
B04,512.0,0.0
B04,513.0,0.0
B04,514.0,0.0
B04,515.0,0.0
B04,516.0,0.0
B04,517.0,0.0
B04,518.0,0.0
B04,519.0,0.0
B04,520.0,0.0
B04,521.0,0.0
B04,522.0,0.0
B04,523.0,0.0
B04,524.0,0.0
B04,525.0,0.0
B04,526.0,0.0
B04,527.0,0.0
B04,528.0,0.0
B04,529.0,0.0
B04,530.0,0.0
B04,531.0,0.0
B04,532.0,0.0
B04,533.0,0.0
B04,534.0,0.0
B04,535.0,0.0
B04,536.0,0.0
B04,537.0,0.0
B04,538.0,0.0
B04,539.0,0.0
B04,540.0,0.0
B04,541.0,0.0
B04,542.0,0.0
B04,543.0,0.0
B04,544.0,0.0
B04,545.0,0.0
B04,546.0,0.0
B04,547.0,0.0
B04,548.0,0.0
B04,549.0,0.0
B04,550.0,0.0
B04,551.0,0.0
B04,552.0,0.0
B04,553.0,0.0
B04,554.0,0.0
B04,555.0,0.0
B04,556.0,0.0
B04,557.0,0.0
B04,558.0,0.0
B04,559.0,0.0
B04,560.0,0.0
B04,561.0,0.0
B04,562.0,0.0
B04,563.0,0.0
B04,564.0,0.0
B04,565.0,0.0
B04,566.0,0.0
B04,567.0,0.0
B04,568.0,0.0
B04,569.0,0.0
B04,570.0,0.0
B04,571.0,0.0
B04,572.0,0.0
B04,573.0,0.0
B04,574.0,0.0
B04,575.0,0.0
B04,576.0,0.0
B04,577.0,0.0
B04,578.0,0.0
B04,579.0,0.0
B04,580.0,0.0
B04,581.0,0.0
B04,582.0,0.0
B04,583.0,0.0
B04,584.0,0.0
B04,585.0,0.0
B04,586.0,0.0
B04,587.0,0.0
B04,588.0,0.0
B04,589.0,0.0
B04,590.0,0.0
B04,591.0,0.0
B04,592.0,0.0
B04,593.0,0.0
B04,594.0,0.0
B04,595.0,0.0
B04,596.0,0.0
B04,597.0,0.0
B04,598.0,0.0
B04,599.0,0.0
B04,600.0,0.0
B04,601.0,0.0
B04,602.0,0.0
B04,603.0,0.0
B04,604.0,0.0
B04,605.0,0.0
B04,606.0,0.0
B04,607.0,0.0
B04,608.0,0.0
B04,609.0,0.0
B04,610.0,0.0
B04,611.0,0.0
B04,612.0,0.0
B04,613.0,0.0
B04,614.0,0.0
B04,615.0,0.0
B04,616.0,0.0
B04,617.0,0.0
B04,618.0,0.0
B04,619.0,0.0
B04,620.0,0.0
B04,621.0,0.0
B04,622.0,0.0
B04,623.0,0.0
B04,624.0,0.0
B04,625.0,0.0
B04,626.0,0.0
B04,627.0,0.0
B04,628.0,0.0
B04,629.0,0.0
B04,630.0,0.0
B04,631.0,0.0
B04,632.0,0.0
B04,633.0,0.0
B04,634.0,0.0
B04,635.0,0.0
B04,636.0,0.0
B04,637.0,0.0
B04,638.0,0.0
B04,639.0,0.0
B04,640.0,0.0
B04,641.0,0.0
B04,642.0,0.0
B04,643.0,0.0
B04,644.0,0.0
B04,645.0,0.0
B04,646.0,0.00499358
B04,647.0,0.02642563
B04,648.0,0.11905127
B04,649.0,0.333204
B04,650.0,0.59813448
B04,651.0,0.80612041
B04,652.0,0.91152955
B04,653.0,0.92179127
B04,654.0,0.91677167
B04,655.0,0.90751672
B04,656.0,0.89867522
B04,657.0,0.89413622
B04,658.0,0.89685141
B04,659.0,0.89933396
B04,660.0,0.90191681
B04,661.0,0.90710817
B04,662.0,0.9164622
B04,663.0,0.92908702
B04,664.0,0.9426682
B04,665.0,0.95591935
B04,666.0,0.96854537
B04,667.0,0.98264967
B04,668.0,0.99231022
B04,669.0,1.0
B04,670.0,0.99904114
B04,671.0,0.99257339
B04,672.0,0.97943242
B04,673.0,0.96553214
B04,674.0,0.95377013
B04,675.0,0.94146127
B04,676.0,0.92151286
B04,677.0,0.89308475
B04,678.0,0.83539461
B04,679.0,0.69759082
B04,680.0,0.49483622
B04,681.0,0.27886075
B04,682.0,0.10892715
B04,683.0,0.03028701
B04,684.0,0.00747382
B04,685.0,0.00087148
B04,686.0,0.0
B04,687.0,0.0
B04,688.0,0.0
B04,689.0,0.0
B04,690.0,0.0
B04,691.0,0.0
B04,692.0,0.0
B04,693.0,0.0
B04,694.0,0.0
B04,695.0,0.0
B04,696.0,0.0
B04,697.0,0.0
B04,698.0,0.0
B04,699.0,0.0
B04,700.0,0.0
B04,701.0,0.0
B04,702.0,0.0
B04,703.0,0.0
B04,704.0,0.0
B04,705.0,0.0
B04,706.0,0.0
B04,707.0,0.0
B04,708.0,0.0
B04,709.0,0.0
B04,710.0,0.0
B04,711.0,0.0
B04,712.0,0.0
B04,713.0,0.0
B04,714.0,0.0
B04,715.0,0.0
B04,716.0,0.0
B04,717.0,0.0
B04,718.0,0.0
B04,719.0,0.0
B04,720.0,0.0
B04,721.0,0.0
B04,722.0,0.0
B04,723.0,0.0
B04,724.0,0.0
B04,725.0,0.0
B04,726.0,0.0
B04,727.0,0.0
B04,728.0,0.0
B04,729.0,0.0
B04,730.0,0.0
B04,731.0,0.0
B04,732.0,0.0
B04,733.0,0.0
B04,734.0,0.0
B04,735.0,0.0
B04,736.0,0.0
B04,737.0,0.0
B04,738.0,0.0
B04,739.0,0.0
B04,740.0,0.0
B04,741.0,0.0
B04,742.0,0.0
B04,743.0,0.0
B04,744.0,0.0
B04,745.0,0.0
B04,746.0,0.0
B04,747.0,0.0
B04,748.0,0.0
B04,749.0,0.0
B04,750.0,0.0
B04,751.0,0.0
B04,752.0,0.0
B04,753.0,0.0
B04,754.0,0.0
B04,755.0,0.0
B04,756.0,0.0
B04,757.0,0.0
B04,758.0,0.0
B04,759.0,0.0
B04,760.0,0.0
B04,761.0,0.0
B04,762.0,0.0
B04,763.0,0.0
B04,764.0,0.0
B04,765.0,0.0
B04,766.0,0.0
B04,767.0,0.0
B04,768.0,0.0
B04,769.0,0.0
B04,770.0,0.0
B04,771.0,0.0
B04,772.0,0.0
B04,773.0,0.0
B04,774.0,0.0
B04,775.0,0.0
B04,776.0,0.0
B04,777.0,0.0
B04,778.0,0.0
B04,779.0,0.0
B04,780.0,0.0
B04,781.0,0.0
B04,782.0,0.0
B04,783.0,0.0
B04,784.0,0.0
B04,785.0,0.0
B04,786.0,0.0
B04,787.0,0.0
B04,788.0,0.0
B04,789.0,0.0
B04,790.0,0.0
B04,791.0,0.0
B04,792.0,0.0
B04,793.0,0.0
B04,794.0,0.0
B04,795.0,0.0
B04,796.0,0.0
B04,797.0,0.0
B04,798.0,0.0
B04,799.0,0.0
B04,800.0,0.0
B04,801.0,0.0
B04,802.0,0.0
B04,803.0,0.0
B04,804.0,0.0
B04,805.0,0.0
B04,806.0,0.0
B04,807.0,0.0
B04,808.0,0.0
B04,809.0,0.0
B04,810.0,0.0
B04,811.0,0.0
B04,812.0,0.0
B04,813.0,0.0
B04,814.0,0.0
B04,815.0,0.0
B04,816.0,0.0
B04,817.0,0.0
B04,818.0,0.0
B04,819.0,0.0
B04,820.0,0.0
B04,821.0,0.0
B04,822.0,0.0
B04,823.0,0.0
B04,824.0,0.0
B04,825.0,0.0
B04,826.0,0.0
B04,827.0,0.0
B04,828.0,0.0
B04,829.0,0.0
B04,830.0,0.0
B04,831.0,0.0
B04,832.0,0.0
B04,833.0,0.0
B04,834.0,0.0
B04,835.0,0.0
B04,836.0,0.0
B04,837.0,0.0
B04,838.0,0.0
B04,839.0,0.0
B04,840.0,0.0
B04,841.0,0.0
B04,842.0,0.0
B04,843.0,0.0
B04,844.0,0.0
B04,845.0,0.0
B04,846.0,0.0
B04,847.0,0.0
B04,848.0,0.0
B04,849.0,0.0
B04,850.0,0.0
B04,851.0,0.0
B04,852.0,0.0
B04,853.0,0.0
B04,854.0,0.0
B04,855.0,0.0
B04,856.0,0.0
B04,857.0,0.0
B04,858.0,0.0
B04,859.0,0.0
B04,860.0,0.0
B04,861.0,0.0
B04,862.0,0.0
B04,863.0,0.0
B04,864.0,0.0
B04,865.0,0.0
B04,866.0,0.0
B04,867.0,0.0
B04,868.0,0.0
B04,869.0,0.0
B04,870.0,0.0
B04,871.0,0.0
B04,872.0,0.0
B04,873.0,0.0
B04,874.0,0.0
B04,875.0,0.0
B04,876.0,0.0
B04,877.0,0.0
B04,878.0,0.0
B04,879.0,0.0
B04,880.0,0.0
B04,881.0,0.0
B04,882.0,0.0
B04,883.0,0.0
B04,884.0,0.0
B04,885.0,0.0
B04,886.0,0.0
B04,887.0,0.0
B04,888.0,0.0
B04,889.0,0.0
B04,890.0,0.0
B04,891.0,0.0
B04,892.0,0.0
B04,893.0,0.0
B04,894.0,0.0
B04,895.0,0.0
B04,896.0,0.0
B04,897.0,0.0
B04,898.0,0.0
B04,899.0,0.0
B04,900.0,0.0
B04,901.0,0.0
B04,902.0,0.0
B04,903.0,0.0
B04,904.0,0.0
B04,905.0,0.0
B04,906.0,0.0
B04,907.0,0.0
B04,908.0,0.0
B04,909.0,0.0
B04,910.0,0.0
B04,911.0,0.0
B04,912.0,0.0
B04,913.0,0.0
B04,914.0,0.0
B04,915.0,0.0
B04,916.0,0.0
B04,917.0,0.0
B04,918.0,0.0
B04,919.0,0.0
B04,920.0,0.0
B04,921.0,0.0
B04,922.0,0.0
B04,923.0,0.0
B04,924.0,0.0
B04,925.0,0.0
B04,926.0,0.0
B04,927.0,0.0
B04,928.0,0.0
B04,929.0,0.0
B04,930.0,0.0
B04,931.0,0.0
B04,932.0,0.0
B04,933.0,0.0
B04,934.0,0.0
B04,935.0,0.0
B04,936.0,0.0
B04,937.0,0.0
B04,938.0,0.0
B04,939.0,0.0
B04,940.0,0.0
B04,941.0,0.0
B04,942.0,0.0
B04,943.0,0.0
B04,944.0,0.0
B04,945.0,0.0
B04,946.0,0.0
B04,947.0,0.0
B04,948.0,0.0
B04,949.0,0.0
B04,950.0,0.0
B04,951.0,0.0
B04,952.0,0.0
B04,953.0,0.0
B04,954.0,0.0
B04,955.0,0.0
B04,956.0,0.0
B04,957.0,0.0
B04,958.0,0.0
B04,959.0,0.0
B04,960.0,0.0
B04,961.0,0.0
B04,962.0,0.0
B04,963.0,0.0
B04,964.0,0.0
B04,965.0,0.0
B04,966.0,0.0
B04,967.0,0.0
B04,968.0,0.0
B04,969.0,0.0
B04,970.0,0.0
B04,971.0,0.0
B04,972.0,0.0
B04,973.0,0.0
B04,974.0,0.0
B04,975.0,0.0
B04,976.0,0.0
B04,977.0,0.0
B04,978.0,0.0
B04,979.0,0.0
B04,980.0,0.0
B04,981.0,0.0
B04,982.0,0.0
B04,983.0,0.0
B04,984.0,0.0
B04,985.0,0.0
B04,986.0,0.0
B04,987.0,0.0
B04,988.0,0.0
B04,989.0,0.0
B04,990.0,0.0
B04,991.0,0.0
B04,992.0,0.0
B04,993.0,0.0
B04,994.0,0.0
B04,995.0,0.0
B04,996.0,0.0
B04,997.0,0.0
B04,998.0,0.0
B04,999.0,0.0
B04,1000.0,0.0
B04,1001.0,0.0
B04,1002.0,0.0
B04,1003.0,0.0
B04,1004.0,0.0
B04,1005.0,0.0
B04,1006.0,0.0
B04,1007.0,0.0
B04,1008.0,0.0
B04,1009.0,0.0
B04,1010.0,0.0
B04,1011.0,0.0
B04,1012.0,0.0
B04,1013.0,0.0
B04,1014.0,0.0
B04,1015.0,0.0
B04,1016.0,0.0
B04,1017.0,0.0
B04,1018.0,0.0
B04,1019.0,0.0
B04,1020.0,0.0
B04,1021.0,0.0
B04,1022.0,0.0
B04,1023.0,0.0
B04,1024.0,0.0
B04,1025.0,0.0
B04,1026.0,0.0
B04,1027.0,0.0
B04,1028.0,0.0
B04,1029.0,0.0
B04,1030.0,0.0
B04,1031.0,0.0
B04,1032.0,0.0
B04,1033.0,0.0
B04,1034.0,0.0
B04,1035.0,0.0
B04,1036.0,0.0
B04,1037.0,0.0
B04,1038.0,0.0
B04,1039.0,0.0
B04,1040.0,0.0
B04,1041.0,0.0
B04,1042.0,0.0
B04,1043.0,0.0
B04,1044.0,0.0
B04,1045.0,0.0
B04,1046.0,0.0
B04,1047.0,0.0
B04,1048.0,0.0
B04,1049.0,0.0
B04,1050.0,0.0
B04,1051.0,0.0
B04,1052.0,0.0
B04,1053.0,0.0
B04,1054.0,0.0
B04,1055.0,0.0
B04,1056.0,0.0
B04,1057.0,0.0
B04,1058.0,0.0
B04,1059.0,0.0
B04,1060.0,0.0
B04,1061.0,0.0
B04,1062.0,0.0
B04,1063.0,0.0
B04,1064.0,0.0
B04,1065.0,0.0
B04,1066.0,0.0
B04,1067.0,0.0
B04,1068.0,0.0
B04,1069.0,0.0
B04,1070.0,0.0
B04,1071.0,0.0
B04,1072.0,0.0
B04,1073.0,0.0
B04,1074.0,0.0
B04,1075.0,0.0
B04,1076.0,0.0
B04,1077.0,0.0
B04,1078.0,0.0
B04,1079.0,0.0
B04,1080.0,0.0
B04,1081.0,0.0
B04,1082.0,0.0
B04,1083.0,0.0
B04,1084.0,0.0
B04,1085.0,0.0
B04,1086.0,0.0
B04,1087.0,0.0
B04,1088.0,0.0
B04,1089.0,0.0
B04,1090.0,0.0
B04,1091.0,0.0
B04,1092.0,0.0
B04,1093.0,0.0
B04,1094.0,0.0
B04,1095.0,0.0
B04,1096.0,0.0
B04,1097.0,0.0
B04,1098.0,0.0
B04,1099.0,0.0
B04,1100.0,0.0
B04,1101.0,0.0
B04,1102.0,0.0
B04,1103.0,0.0
B04,1104.0,0.0
B04,1105.0,0.0
B04,1106.0,0.0
B04,1107.0,0.0
B04,1108.0,0.0
B04,1109.0,0.0
B04,1110.0,0.0
B04,1111.0,0.0
B04,1112.0,0.0
B04,1113.0,0.0
B04,1114.0,0.0
B04,1115.0,0.0
B04,1116.0,0.0
B04,1117.0,0.0
B04,1118.0,0.0
B04,1119.0,0.0
B04,1120.0,0.0
B04,1121.0,0.0
B04,1122.0,0.0
B04,1123.0,0.0
B04,1124.0,0.0
B04,1125.0,0.0
B04,1126.0,0.0
B04,1127.0,0.0
B04,1128.0,0.0
B04,1129.0,0.0
B04,1130.0,0.0
B04,1131.0,0.0
B04,1132.0,0.0
B04,1133.0,0.0
B04,1134.0,0.0
B04,1135.0,0.0
B04,1136.0,0.0
B04,1137.0,0.0
B04,1138.0,0.0
B04,1139.0,0.0
B04,1140.0,0.0
B04,1141.0,0.0
B04,1142.0,0.0
B04,1143.0,0.0
B04,1144.0,0.0
B04,1145.0,0.0
B04,1146.0,0.0
B04,1147.0,0.0
B04,1148.0,0.0
B04,1149.0,0.0
B04,1150.0,0.0
B04,1151.0,0.0
B04,1152.0,0.0
B04,1153.0,0.0
B04,1154.0,0.0
B04,1155.0,0.0
B04,1156.0,0.0
B04,1157.0,0.0
B04,1158.0,0.0
B04,1159.0,0.0
B04,1160.0,0.0
B04,1161.0,0.0
B04,1162.0,0.0
B04,1163.0,0.0
B04,1164.0,0.0
B04,1165.0,0.0
B04,1166.0,0.0
B04,1167.0,0.0
B04,1168.0,0.0
B04,1169.0,0.0
B04,1170.0,0.0
B04,1171.0,0.0
B04,1172.0,0.0
B04,1173.0,0.0
B04,1174.0,0.0
B04,1175.0,0.0
B04,1176.0,0.0
B04,1177.0,0.0
B04,1178.0,0.0
B04,1179.0,0.0
B04,1180.0,0.0
B04,1181.0,0.0
B04,1182.0,0.0
B04,1183.0,0.0
B04,1184.0,0.0
B04,1185.0,0.0
B04,1186.0,0.0
B04,1187.0,0.0
B04,1188.0,0.0
B04,1189.0,0.0
B04,1190.0,0.0
B04,1191.0,0.0
B04,1192.0,0.0
B04,1193.0,0.0
B04,1194.0,0.0
B04,1195.0,0.0
B04,1196.0,0.0
B04,1197.0,0.0
B04,1198.0,0.0
B04,1199.0,0.0
B04,1200.0,0.0
B04,1201.0,0.0
B04,1202.0,0.0
B04,1203.0,0.0
B04,1204.0,0.0
B04,1205.0,0.0
B04,1206.0,0.0
B04,1207.0,0.0
B04,1208.0,0.0
B04,1209.0,0.0
B04,1210.0,0.0
B04,1211.0,0.0
B04,1212.0,0.0
B04,1213.0,0.0
B04,1214.0,0.0
B04,1215.0,0.0
B04,1216.0,0.0
B04,1217.0,0.0
B04,1218.0,0.0
B04,1219.0,0.0
B04,1220.0,0.0
B04,1221.0,0.0
B04,1222.0,0.0
B04,1223.0,0.0
B04,1224.0,0.0
B04,1225.0,0.0
B04,1226.0,0.0
B04,1227.0,0.0
B04,1228.0,0.0
B04,1229.0,0.0
B04,1230.0,0.0
B04,1231.0,0.0
B04,1232.0,0.0
B04,1233.0,0.0
B04,1234.0,0.0
B04,1235.0,0.0
B04,1236.0,0.0
B04,1237.0,0.0
B04,1238.0,0.0
B04,1239.0,0.0
B04,1240.0,0.0
B04,1241.0,0.0
B04,1242.0,0.0
B04,1243.0,0.0
B04,1244.0,0.0
B04,1245.0,0.0
B04,1246.0,0.0
B04,1247.0,0.0
B04,1248.0,0.0
B04,1249.0,0.0
B04,1250.0,0.0
B04,1251.0,0.0
B04,1252.0,0.0
B04,1253.0,0.0
B04,1254.0,0.0
B04,1255.0,0.0
B04,1256.0,0.0
B04,1257.0,0.0
B04,1258.0,0.0
B04,1259.0,0.0
B04,1260.0,0.0
B04,1261.0,0.0
B04,1262.0,0.0
B04,1263.0,0.0
B04,1264.0,0.0
B04,1265.0,0.0
B04,1266.0,0.0
B04,1267.0,0.0
B04,1268.0,0.0
B04,1269.0,0.0
B04,1270.0,0.0
B04,1271.0,0.0
B04,1272.0,0.0
B04,1273.0,0.0
B04,1274.0,0.0
B04,1275.0,0.0
B04,1276.0,0.0
B04,1277.0,0.0
B04,1278.0,0.0
B04,1279.0,0.0
B04,1280.0,0.0
B04,1281.0,0.0
B04,1282.0,0.0
B04,1283.0,0.0
B04,1284.0,0.0
B04,1285.0,0.0
B04,1286.0,0.0
B04,1287.0,0.0
B04,1288.0,0.0
B04,1289.0,0.0
B04,1290.0,0.0
B04,1291.0,0.0
B04,1292.0,0.0
B04,1293.0,0.0
B04,1294.0,0.0
B04,1295.0,0.0
B04,1296.0,0.0
B04,1297.0,0.0
B04,1298.0,0.0
B04,1299.0,0.0
B04,1300.0,0.0
B04,1301.0,0.0
B04,1302.0,0.0
B04,1303.0,0.0
B04,1304.0,0.0
B04,1305.0,0.0
B04,1306.0,0.0
B04,1307.0,0.0
B04,1308.0,0.0
B04,1309.0,0.0
B04,1310.0,0.0
B04,1311.0,0.0
B04,1312.0,0.0
B04,1313.0,0.0
B04,1314.0,0.0
B04,1315.0,0.0
B04,1316.0,0.0
B04,1317.0,0.0
B04,1318.0,0.0
B04,1319.0,0.0
B04,1320.0,0.0
B04,1321.0,0.0
B04,1322.0,0.0
B04,1323.0,0.0
B04,1324.0,0.0
B04,1325.0,0.0
B04,1326.0,0.0
B04,1327.0,0.0
B04,1328.0,0.0
B04,1329.0,0.0
B04,1330.0,0.0
B04,1331.0,0.0
B04,1332.0,0.0
B04,1333.0,0.0
B04,1334.0,0.0
B04,1335.0,0.0
B04,1336.0,0.0
B04,1337.0,0.0
B04,1338.0,0.0
B04,1339.0,0.0
B04,1340.0,0.0
B04,1341.0,0.0
B04,1342.0,0.0
B04,1343.0,0.0
B04,1344.0,0.0
B04,1345.0,0.0
B04,1346.0,0.0
B04,1347.0,0.0
B04,1348.0,0.0
B04,1349.0,0.0
B04,1350.0,0.0
B04,1351.0,0.0
B04,1352.0,0.0
B04,1353.0,0.0
B04,1354.0,0.0
B04,1355.0,0.0
B04,1356.0,0.0
B04,1357.0,0.0
B04,1358.0,0.0
B04,1359.0,0.0
B04,1360.0,0.0
B04,1361.0,0.0
B04,1362.0,0.0
B04,1363.0,0.0
B04,1364.0,0.0
B04,1365.0,0.0
B04,1366.0,0.0
B04,1367.0,0.0
B04,1368.0,0.0
B04,1369.0,0.0
B04,1370.0,0.0
B04,1371.0,0.0
B04,1372.0,0.0
B04,1373.0,0.0
B04,1374.0,0.0
B04,1375.0,0.0
B04,1376.0,0.0
B04,1377.0,0.0
B04,1378.0,0.0
B04,1379.0,0.0
B04,1380.0,0.0
B04,1381.0,0.0
B04,1382.0,0.0
B04,1383.0,0.0
B04,1384.0,0.0
B04,1385.0,0.0
B04,1386.0,0.0
B04,1387.0,0.0
B04,1388.0,0.0
B04,1389.0,0.0
B04,1390.0,0.0
B04,1391.0,0.0
B04,1392.0,0.0
B04,1393.0,0.0
B04,1394.0,0.0
B04,1395.0,0.0
B04,1396.0,0.0
B04,1397.0,0.0
B04,1398.0,0.0
B04,1399.0,0.0
B04,1400.0,0.0
B04,1401.0,0.0
B04,1402.0,0.0
B04,1403.0,0.0
B04,1404.0,0.0
B04,1405.0,0.0
B04,1406.0,0.0
B04,1407.0,0.0
B04,1408.0,0.0
B04,1409.0,0.0
B04,1410.0,0.0
B04,1411.0,0.0
B04,1412.0,0.0
B04,1413.0,0.0
B04,1414.0,0.0
B04,1415.0,0.0
B04,1416.0,0.0
B04,1417.0,0.0
B04,1418.0,0.0
B04,1419.0,0.0
B04,1420.0,0.0
B04,1421.0,0.0
B04,1422.0,0.0
B04,1423.0,0.0
B04,1424.0,0.0
B04,1425.0,0.0
B04,1426.0,0.0
B04,1427.0,0.0
B04,1428.0,0.0
B04,1429.0,0.0
B04,1430.0,0.0
B04,1431.0,0.0
B04,1432.0,0.0
B04,1433.0,0.0
B04,1434.0,0.0
B04,1435.0,0.0
B04,1436.0,0.0
B04,1437.0,0.0
B04,1438.0,0.0
B04,1439.0,0.0
B04,1440.0,0.0
B04,1441.0,0.0
B04,1442.0,0.0
B04,1443.0,0.0
B04,1444.0,0.0
B04,1445.0,0.0
B04,1446.0,0.0
B04,1447.0,0.0
B04,1448.0,0.0
B04,1449.0,0.0
B04,1450.0,0.0
B04,1451.0,0.0
B04,1452.0,0.0
B04,1453.0,0.0
B04,1454.0,0.0
B04,1455.0,0.0
B04,1456.0,0.0
B04,1457.0,0.0
B04,1458.0,0.0
B04,1459.0,0.0
B04,1460.0,0.0
B04,1461.0,0.0
B04,1462.0,0.0
B04,1463.0,0.0
B04,1464.0,0.0
B04,1465.0,0.0
B04,1466.0,0.0
B04,1467.0,0.0
B04,1468.0,0.0
B04,1469.0,0.0
B04,1470.0,0.0
B04,1471.0,0.0
B04,1472.0,0.0
B04,1473.0,0.0
B04,1474.0,0.0
B04,1475.0,0.0
B04,1476.0,0.0
B04,1477.0,0.0
B04,1478.0,0.0
B04,1479.0,0.0
B04,1480.0,0.0
B04,1481.0,0.0
B04,1482.0,0.0
B04,1483.0,0.0
B04,1484.0,0.0
B04,1485.0,0.0
B04,1486.0,0.0
B04,1487.0,0.0
B04,1488.0,0.0
B04,1489.0,0.0
B04,1490.0,0.0
B04,1491.0,0.0
B04,1492.0,0.0
B04,1493.0,0.0
B04,1494.0,0.0
B04,1495.0,0.0
B04,1496.0,0.0
B04,1497.0,0.0
B04,1498.0,0.0
B04,1499.0,0.0
B04,1500.0,0.0
B04,1501.0,0.0
B04,1502.0,0.0
B04,1503.0,0.0
B04,1504.0,0.0
B04,1505.0,0.0
B04,1506.0,0.0
B04,1507.0,0.0
B04,1508.0,0.0
B04,1509.0,0.0
B04,1510.0,0.0
B04,1511.0,0.0
B04,1512.0,0.0
B04,1513.0,0.0
B04,1514.0,0.0
B04,1515.0,0.0
B04,1516.0,0.0
B04,1517.0,0.0
B04,1518.0,0.0
B04,1519.0,0.0
B04,1520.0,0.0
B04,1521.0,0.0
B04,1522.0,0.0
B04,1523.0,0.0
B04,1524.0,0.0
B04,1525.0,0.0
B04,1526.0,0.0
B04,1527.0,0.0
B04,1528.0,0.0
B04,1529.0,0.0
B04,1530.0,0.0
B04,1531.0,0.0
B04,1532.0,0.0
B04,1533.0,0.0
B04,1534.0,0.0
B04,1535.0,0.0
B04,1536.0,0.0
B04,1537.0,0.0
B04,1538.0,0.0
B04,1539.0,0.0
B04,1540.0,0.0
B04,1541.0,0.0
B04,1542.0,0.0
B04,1543.0,0.0
B04,1544.0,0.0
B04,1545.0,0.0
B04,1546.0,0.0
B04,1547.0,0.0
B04,1548.0,0.0
B04,1549.0,0.0
B04,1550.0,0.0
B04,1551.0,0.0
B04,1552.0,0.0
B04,1553.0,0.0
B04,1554.0,0.0
B04,1555.0,0.0
B04,1556.0,0.0
B04,1557.0,0.0
B04,1558.0,0.0
B04,1559.0,0.0
B04,1560.0,0.0
B04,1561.0,0.0
B04,1562.0,0.0
B04,1563.0,0.0
B04,1564.0,0.0
B04,1565.0,0.0
B04,1566.0,0.0
B04,1567.0,0.0
B04,1568.0,0.0
B04,1569.0,0.0
B04,1570.0,0.0
B04,1571.0,0.0
B04,1572.0,0.0
B04,1573.0,0.0
B04,1574.0,0.0
B04,1575.0,0.0
B04,1576.0,0.0
B04,1577.0,0.0
B04,1578.0,0.0
B04,1579.0,0.0
B04,1580.0,0.0
B04,1581.0,0.0
B04,1582.0,0.0
B04,1583.0,0.0
B04,1584.0,0.0
B04,1585.0,0.0
B04,1586.0,0.0
B04,1587.0,0.0
B04,1588.0,0.0
B04,1589.0,0.0
B04,1590.0,0.0
B04,1591.0,0.0
B04,1592.0,0.0
B04,1593.0,0.0
B04,1594.0,0.0
B04,1595.0,0.0
B04,1596.0,0.0
B04,1597.0,0.0
B04,1598.0,0.0
B04,1599.0,0.0
B04,1600.0,0.0
B04,1601.0,0.0
B04,1602.0,0.0
B04,1603.0,0.0
B04,1604.0,0.0
B04,1605.0,0.0
B04,1606.0,0.0
B04,1607.0,0.0
B04,1608.0,0.0
B04,1609.0,0.0
B04,1610.0,0.0
B04,1611.0,0.0
B04,1612.0,0.0
B04,1613.0,0.0
B04,1614.0,0.0
B04,1615.0,0.0
B04,1616.0,0.0
B04,1617.0,0.0
B04,1618.0,0.0
B04,1619.0,0.0
B04,1620.0,0.0
B04,1621.0,0.0
B04,1622.0,0.0
B04,1623.0,0.0
B04,1624.0,0.0
B04,1625.0,0.0
B04,1626.0,0.0
B04,1627.0,0.0
B04,1628.0,0.0
B04,1629.0,0.0
B04,1630.0,0.0
B04,1631.0,0.0
B04,1632.0,0.0
B04,1633.0,0.0
B04,1634.0,0.0
B04,1635.0,0.0
B04,1636.0,0.0
B04,1637.0,0.0
B04,1638.0,0.0
B04,1639.0,0.0
B04,1640.0,0.0
B04,1641.0,0.0
B04,1642.0,0.0
B04,1643.0,0.0
B04,1644.0,0.0
B04,1645.0,0.0
B04,1646.0,0.0
B04,1647.0,0.0
B04,1648.0,0.0
B04,1649.0,0.0
B04,1650.0,0.0
B04,1651.0,0.0
B04,1652.0,0.0
B04,1653.0,0.0
B04,1654.0,0.0
B04,1655.0,0.0
B04,1656.0,0.0
B04,1657.0,0.0
B04,1658.0,0.0
B04,1659.0,0.0
B04,1660.0,0.0
B04,1661.0,0.0
B04,1662.0,0.0
B04,1663.0,0.0
B04,1664.0,0.0
B04,1665.0,0.0
B04,1666.0,0.0
B04,1667.0,0.0
B04,1668.0,0.0
B04,1669.0,0.0
B04,1670.0,0.0
B04,1671.0,0.0
B04,1672.0,0.0
B04,1673.0,0.0
B04,1674.0,0.0
B04,1675.0,0.0
B04,1676.0,0.0
B04,1677.0,0.0
B04,1678.0,0.0
B04,1679.0,0.0
B04,1680.0,0.0
B04,1681.0,0.0
B04,1682.0,0.0
B04,1683.0,0.0
B04,1684.0,0.0
B04,1685.0,0.0
B04,1686.0,0.0
B04,1687.0,0.0
B04,1688.0,0.0
B04,1689.0,0.0
B04,1690.0,0.0
B04,1691.0,0.0
B04,1692.0,0.0
B04,1693.0,0.0
B04,1694.0,0.0
B04,1695.0,0.0
B04,1696.0,0.0
B04,1697.0,0.0
B04,1698.0,0.0
B04,1699.0,0.0
B04,1700.0,0.0
B04,1701.0,0.0
B04,1702.0,0.0
B04,1703.0,0.0
B04,1704.0,0.0
B04,1705.0,0.0
B04,1706.0,0.0
B04,1707.0,0.0
B04,1708.0,0.0
B04,1709.0,0.0
B04,1710.0,0.0
B04,1711.0,0.0
B04,1712.0,0.0
B04,1713.0,0.0
B04,1714.0,0.0
B04,1715.0,0.0
B04,1716.0,0.0
B04,1717.0,0.0
B04,1718.0,0.0
B04,1719.0,0.0
B04,1720.0,0.0
B04,1721.0,0.0
B04,1722.0,0.0
B04,1723.0,0.0
B04,1724.0,0.0
B04,1725.0,0.0
B04,1726.0,0.0
B04,1727.0,0.0
B04,1728.0,0.0
B04,1729.0,0.0
B04,1730.0,0.0
B04,1731.0,0.0
B04,1732.0,0.0
B04,1733.0,0.0
B04,1734.0,0.0
B04,1735.0,0.0
B04,1736.0,0.0
B04,1737.0,0.0
B04,1738.0,0.0
B04,1739.0,0.0
B04,1740.0,0.0
B04,1741.0,0.0
B04,1742.0,0.0
B04,1743.0,0.0
B04,1744.0,0.0
B04,1745.0,0.0
B04,1746.0,0.0
B04,1747.0,0.0
B04,1748.0,0.0
B04,1749.0,0.0
B04,1750.0,0.0
B04,1751.0,0.0
B04,1752.0,0.0
B04,1753.0,0.0
B04,1754.0,0.0
B04,1755.0,0.0
B04,1756.0,0.0
B04,1757.0,0.0
B04,1758.0,0.0
B04,1759.0,0.0
B04,1760.0,0.0
B04,1761.0,0.0
B04,1762.0,0.0
B04,1763.0,0.0
B04,1764.0,0.0
B04,1765.0,0.0
B04,1766.0,0.0
B04,1767.0,0.0
B04,1768.0,0.0
B04,1769.0,0.0
B04,1770.0,0.0
B04,1771.0,0.0
B04,1772.0,0.0
B04,1773.0,0.0
B04,1774.0,0.0
B04,1775.0,0.0
B04,1776.0,0.0
B04,1777.0,0.0
B04,1778.0,0.0
B04,1779.0,0.0
B04,1780.0,0.0
B04,1781.0,0.0
B04,1782.0,0.0
B04,1783.0,0.0
B04,1784.0,0.0
B04,1785.0,0.0
B04,1786.0,0.0
B04,1787.0,0.0
B04,1788.0,0.0
B04,1789.0,0.0
B04,1790.0,0.0
B04,1791.0,0.0
B04,1792.0,0.0
B04,1793.0,0.0
B04,1794.0,0.0
B04,1795.0,0.0
B04,1796.0,0.0
B04,1797.0,0.0
B04,1798.0,0.0
B04,1799.0,0.0
B04,1800.0,0.0
B04,1801.0,0.0
B04,1802.0,0.0
B04,1803.0,0.0
B04,1804.0,0.0
B04,1805.0,0.0
B04,1806.0,0.0
B04,1807.0,0.0
B04,1808.0,0.0
B04,1809.0,0.0
B04,1810.0,0.0
B04,1811.0,0.0
B04,1812.0,0.0
B04,1813.0,0.0
B04,1814.0,0.0
B04,1815.0,0.0
B04,1816.0,0.0
B04,1817.0,0.0
B04,1818.0,0.0
B04,1819.0,0.0
B04,1820.0,0.0
B04,1821.0,0.0
B04,1822.0,0.0
B04,1823.0,0.0
B04,1824.0,0.0
B04,1825.0,0.0
B04,1826.0,0.0
B04,1827.0,0.0
B04,1828.0,0.0
B04,1829.0,0.0
B04,1830.0,0.0
B04,1831.0,0.0
B04,1832.0,0.0
B04,1833.0,0.0
B04,1834.0,0.0
B04,1835.0,0.0
B04,1836.0,0.0
B04,1837.0,0.0
B04,1838.0,0.0
B04,1839.0,0.0
B04,1840.0,0.0
B04,1841.0,0.0
B04,1842.0,0.0
B04,1843.0,0.0
B04,1844.0,0.0
B04,1845.0,0.0
B04,1846.0,0.0
B04,1847.0,0.0
B04,1848.0,0.0
B04,1849.0,0.0
B04,1850.0,0.0
B04,1851.0,0.0
B04,1852.0,0.0
B04,1853.0,0.0
B04,1854.0,0.0
B04,1855.0,0.0
B04,1856.0,0.0
B04,1857.0,0.0
B04,1858.0,0.0
B04,1859.0,0.0
B04,1860.0,0.0
B04,1861.0,0.0
B04,1862.0,0.0
B04,1863.0,0.0
B04,1864.0,0.0
B04,1865.0,0.0
B04,1866.0,0.0
B04,1867.0,0.0
B04,1868.0,0.0
B04,1869.0,0.0
B04,1870.0,0.0
B04,1871.0,0.0
B04,1872.0,0.0
B04,1873.0,0.0
B04,1874.0,0.0
B04,1875.0,0.0
B04,1876.0,0.0
B04,1877.0,0.0
B04,1878.0,0.0
B04,1879.0,0.0
B04,1880.0,0.0
B04,1881.0,0.0
B04,1882.0,0.0
B04,1883.0,0.0
B04,1884.0,0.0
B04,1885.0,0.0
B04,1886.0,0.0
B04,1887.0,0.0
B04,1888.0,0.0
B04,1889.0,0.0
B04,1890.0,0.0
B04,1891.0,0.0
B04,1892.0,0.0
B04,1893.0,0.0
B04,1894.0,0.0
B04,1895.0,0.0
B04,1896.0,0.0
B04,1897.0,0.0
B04,1898.0,0.0
B04,1899.0,0.0
B04,1900.0,0.0
B04,1901.0,0.0
B04,1902.0,0.0
B04,1903.0,0.0
B04,1904.0,0.0
B04,1905.0,0.0
B04,1906.0,0.0
B04,1907.0,0.0
B04,1908.0,0.0
B04,1909.0,0.0
B04,1910.0,0.0
B04,1911.0,0.0
B04,1912.0,0.0
B04,1913.0,0.0
B04,1914.0,0.0
B04,1915.0,0.0
B04,1916.0,0.0
B04,1917.0,0.0
B04,1918.0,0.0
B04,1919.0,0.0
B04,1920.0,0.0
B04,1921.0,0.0
B04,1922.0,0.0
B04,1923.0,0.0
B04,1924.0,0.0
B04,1925.0,0.0
B04,1926.0,0.0
B04,1927.0,0.0
B04,1928.0,0.0
B04,1929.0,0.0
B04,1930.0,0.0
B04,1931.0,0.0
B04,1932.0,0.0
B04,1933.0,0.0
B04,1934.0,0.0
B04,1935.0,0.0
B04,1936.0,0.0
B04,1937.0,0.0
B04,1938.0,0.0
B04,1939.0,0.0
B04,1940.0,0.0
B04,1941.0,0.0
B04,1942.0,0.0
B04,1943.0,0.0
B04,1944.0,0.0
B04,1945.0,0.0
B04,1946.0,0.0
B04,1947.0,0.0
B04,1948.0,0.0
B04,1949.0,0.0
B04,1950.0,0.0
B04,1951.0,0.0
B04,1952.0,0.0
B04,1953.0,0.0
B04,1954.0,0.0
B04,1955.0,0.0
B04,1956.0,0.0
B04,1957.0,0.0
B04,1958.0,0.0
B04,1959.0,0.0
B04,1960.0,0.0
B04,1961.0,0.0
B04,1962.0,0.0
B04,1963.0,0.0
B04,1964.0,0.0
B04,1965.0,0.0
B04,1966.0,0.0
B04,1967.0,0.0
B04,1968.0,0.0
B04,1969.0,0.0
B04,1970.0,0.0
B04,1971.0,0.0
B04,1972.0,0.0
B04,1973.0,0.0
B04,1974.0,0.0
B04,1975.0,0.0
B04,1976.0,0.0
B04,1977.0,0.0
B04,1978.0,0.0
B04,1979.0,0.0
B04,1980.0,0.0
B04,1981.0,0.0
B04,1982.0,0.0
B04,1983.0,0.0
B04,1984.0,0.0
B04,1985.0,0.0
B04,1986.0,0.0
B04,1987.0,0.0
B04,1988.0,0.0
B04,1989.0,0.0
B04,1990.0,0.0
B04,1991.0,0.0
B04,1992.0,0.0
B04,1993.0,0.0
B04,1994.0,0.0
B04,1995.0,0.0
B04,1996.0,0.0
B04,1997.0,0.0
B04,1998.0,0.0
B04,1999.0,0.0
B04,2000.0,0.0
B04,2001.0,0.0
B04,2002.0,0.0
B04,2003.0,0.0
B04,2004.0,0.0
B04,2005.0,0.0
B04,2006.0,0.0
B04,2007.0,0.0
B04,2008.0,0.0
B04,2009.0,0.0
B04,2010.0,0.0
B04,2011.0,0.0
B04,2012.0,0.0
B04,2013.0,0.0
B04,2014.0,0.0
B04,2015.0,0.0
B04,2016.0,0.0
B04,2017.0,0.0
B04,2018.0,0.0
B04,2019.0,0.0
B04,2020.0,0.0
B04,2021.0,0.0
B04,2022.0,0.0
B04,2023.0,0.0
B04,2024.0,0.0
B04,2025.0,0.0
B04,2026.0,0.0
B04,2027.0,0.0
B04,2028.0,0.0
B04,2029.0,0.0
B04,2030.0,0.0
B04,2031.0,0.0
B04,2032.0,0.0
B04,2033.0,0.0
B04,2034.0,0.0
B04,2035.0,0.0
B04,2036.0,0.0
B04,2037.0,0.0
B04,2038.0,0.0
B04,2039.0,0.0
B04,2040.0,0.0
B04,2041.0,0.0
B04,2042.0,0.0
B04,2043.0,0.0
B04,2044.0,0.0
B04,2045.0,0.0
B04,2046.0,0.0
B04,2047.0,0.0
B04,2048.0,0.0
B04,2049.0,0.0
B04,2050.0,0.0
B04,2051.0,0.0
B04,2052.0,0.0
B04,2053.0,0.0
B04,2054.0,0.0
B04,2055.0,0.0
B04,2056.0,0.0
B04,2057.0,0.0
B04,2058.0,0.0
B04,2059.0,0.0
B04,2060.0,0.0
B04,2061.0,0.0
B04,2062.0,0.0
B04,2063.0,0.0
B04,2064.0,0.0
B04,2065.0,0.0
B04,2066.0,0.0
B04,2067.0,0.0
B04,2068.0,0.0
B04,2069.0,0.0
B04,2070.0,0.0
B04,2071.0,0.0
B04,2072.0,0.0
B04,2073.0,0.0
B04,2074.0,0.0
B04,2075.0,0.0
B04,2076.0,0.0
B04,2077.0,0.0
B04,2078.0,0.0
B04,2079.0,0.0
B04,2080.0,0.0
B04,2081.0,0.0
B04,2082.0,0.0
B04,2083.0,0.0
B04,2084.0,0.0
B04,2085.0,0.0
B04,2086.0,0.0
B04,2087.0,0.0
B04,2088.0,0.0
B04,2089.0,0.0
B04,2090.0,0.0
B04,2091.0,0.0
B04,2092.0,0.0
B04,2093.0,0.0
B04,2094.0,0.0
B04,2095.0,0.0
B04,2096.0,0.0
B04,2097.0,0.0
B04,2098.0,0.0
B04,2099.0,0.0
B04,2100.0,0.0
B04,2101.0,0.0
B04,2102.0,0.0
B04,2103.0,0.0
B04,2104.0,0.0
B04,2105.0,0.0
B04,2106.0,0.0
B04,2107.0,0.0
B04,2108.0,0.0
B04,2109.0,0.0
B04,2110.0,0.0
B04,2111.0,0.0
B04,2112.0,0.0
B04,2113.0,0.0
B04,2114.0,0.0
B04,2115.0,0.0
B04,2116.0,0.0
B04,2117.0,0.0
B04,2118.0,0.0
B04,2119.0,0.0
B04,2120.0,0.0
B04,2121.0,0.0
B04,2122.0,0.0
B04,2123.0,0.0
B04,2124.0,0.0
B04,2125.0,0.0
B04,2126.0,0.0
B04,2127.0,0.0
B04,2128.0,0.0
B04,2129.0,0.0
B04,2130.0,0.0
B04,2131.0,0.0
B04,2132.0,0.0
B04,2133.0,0.0
B04,2134.0,0.0
B04,2135.0,0.0
B04,2136.0,0.0
B04,2137.0,0.0
B04,2138.0,0.0
B04,2139.0,0.0
B04,2140.0,0.0
B04,2141.0,0.0
B04,2142.0,0.0
B04,2143.0,0.0
B04,2144.0,0.0
B04,2145.0,0.0
B04,2146.0,0.0
B04,2147.0,0.0
B04,2148.0,0.0
B04,2149.0,0.0
B04,2150.0,0.0
B04,2151.0,0.0
B04,2152.0,0.0
B04,2153.0,0.0
B04,2154.0,0.0
B04,2155.0,0.0
B04,2156.0,0.0
B04,2157.0,0.0
B04,2158.0,0.0
B04,2159.0,0.0
B04,2160.0,0.0
B04,2161.0,0.0
B04,2162.0,0.0
B04,2163.0,0.0
B04,2164.0,0.0
B04,2165.0,0.0
B04,2166.0,0.0
B04,2167.0,0.0
B04,2168.0,0.0
B04,2169.0,0.0
B04,2170.0,0.0
B04,2171.0,0.0
B04,2172.0,0.0
B04,2173.0,0.0
B04,2174.0,0.0
B04,2175.0,0.0
B04,2176.0,0.0
B04,2177.0,0.0
B04,2178.0,0.0
B04,2179.0,0.0
B04,2180.0,0.0
B04,2181.0,0.0
B04,2182.0,0.0
B04,2183.0,0.0
B04,2184.0,0.0
B04,2185.0,0.0
B04,2186.0,0.0
B04,2187.0,0.0
B04,2188.0,0.0
B04,2189.0,0.0
B04,2190.0,0.0
B04,2191.0,0.0
B04,2192.0,0.0
B04,2193.0,0.0
B04,2194.0,0.0
B04,2195.0,0.0
B04,2196.0,0.0
B04,2197.0,0.0
B04,2198.0,0.0
B04,2199.0,0.0
B04,2200.0,0.0
B04,2201.0,0.0
B04,2202.0,0.0
B04,2203.0,0.0
B04,2204.0,0.0
B04,2205.0,0.0
B04,2206.0,0.0
B04,2207.0,0.0
B04,2208.0,0.0
B04,2209.0,0.0
B04,2210.0,0.0
B04,2211.0,0.0
B04,2212.0,0.0
B04,2213.0,0.0
B04,2214.0,0.0
B04,2215.0,0.0
B04,2216.0,0.0
B04,2217.0,0.0
B04,2218.0,0.0
B04,2219.0,0.0
B04,2220.0,0.0
B04,2221.0,0.0
B04,2222.0,0.0
B04,2223.0,0.0
B04,2224.0,0.0
B04,2225.0,0.0
B04,2226.0,0.0
B04,2227.0,0.0
B04,2228.0,0.0
B04,2229.0,0.0
B04,2230.0,0.0
B04,2231.0,0.0
B04,2232.0,0.0
B04,2233.0,0.0
B04,2234.0,0.0
B04,2235.0,0.0
B04,2236.0,0.0
B04,2237.0,0.0
B04,2238.0,0.0
B04,2239.0,0.0
B04,2240.0,0.0
B04,2241.0,0.0
B04,2242.0,0.0
B04,2243.0,0.0
B04,2244.0,0.0
B04,2245.0,0.0
B04,2246.0,0.0
B04,2247.0,0.0
B04,2248.0,0.0
B04,2249.0,0.0
B04,2250.0,0.0
B04,2251.0,0.0
B04,2252.0,0.0
B04,2253.0,0.0
B04,2254.0,0.0
B04,2255.0,0.0
B04,2256.0,0.0
B04,2257.0,0.0
B04,2258.0,0.0
B04,2259.0,0.0
B04,2260.0,0.0
B04,2261.0,0.0
B04,2262.0,0.0
B04,2263.0,0.0
B04,2264.0,0.0
B04,2265.0,0.0
B04,2266.0,0.0
B04,2267.0,0.0
B04,2268.0,0.0
B04,2269.0,0.0
B04,2270.0,0.0
B04,2271.0,0.0
B04,2272.0,0.0
B04,2273.0,0.0
B04,2274.0,0.0
B04,2275.0,0.0
B04,2276.0,0.0
B04,2277.0,0.0
B04,2278.0,0.0
B04,2279.0,0.0
B04,2280.0,0.0
B04,2281.0,0.0
B04,2282.0,0.0
B04,2283.0,0.0
B04,2284.0,0.0
B04,2285.0,0.0
B04,2286.0,0.0
B04,2287.0,0.0
B04,2288.0,0.0
B04,2289.0,0.0
B04,2290.0,0.0
B04,2291.0,0.0
B04,2292.0,0.0
B04,2293.0,0.0
B04,2294.0,0.0
B04,2295.0,0.0
B04,2296.0,0.0
B04,2297.0,0.0
B04,2298.0,0.0
B04,2299.0,0.0
B04,2300.0,0.0
B04,2301.0,0.0
B04,2302.0,0.0
B04,2303.0,0.0
B04,2304.0,0.0
B04,2305.0,0.0
B04,2306.0,0.0
B04,2307.0,0.0
B04,2308.0,0.0
B04,2309.0,0.0
B04,2310.0,0.0
B04,2311.0,0.0
B04,2312.0,0.0
B04,2313.0,0.0
B04,2314.0,0.0
B04,2315.0,0.0
B04,2316.0,0.0
B04,2317.0,0.0
B04,2318.0,0.0
B04,2319.0,0.0
B04,2320.0,0.0
B04,2321.0,0.0
B04,2322.0,0.0
B04,2323.0,0.0
B04,2324.0,0.0
B04,2325.0,0.0
B04,2326.0,0.0
B04,2327.0,0.0
B04,2328.0,0.0
B04,2329.0,0.0
B04,2330.0,0.0
B04,2331.0,0.0
B04,2332.0,0.0
B04,2333.0,0.0
B04,2334.0,0.0
B04,2335.0,0.0
B04,2336.0,0.0
B04,2337.0,0.0
B04,2338.0,0.0
B04,2339.0,0.0
B04,2340.0,0.0
B04,2341.0,0.0
B04,2342.0,0.0
B04,2343.0,0.0
B04,2344.0,0.0
B04,2345.0,0.0
B04,2346.0,0.0
B04,2347.0,0.0
B04,2348.0,0.0
B04,2349.0,0.0
B04,2350.0,0.0
B04,2351.0,0.0
B04,2352.0,0.0
B04,2353.0,0.0
B04,2354.0,0.0
B04,2355.0,0.0
B04,2356.0,0.0
B04,2357.0,0.0
B04,2358.0,0.0
B04,2359.0,0.0
B04,2360.0,0.0
B04,2361.0,0.0
B04,2362.0,0.0
B04,2363.0,0.0
B04,2364.0,0.0
B04,2365.0,0.0
B04,2366.0,0.0
B04,2367.0,0.0
B04,2368.0,0.0
B04,2369.0,0.0
B04,2370.0,0.0
B04,2371.0,0.0
B04,2372.0,0.0
B04,2373.0,0.0
B04,2374.0,0.0
B04,2375.0,0.0
B04,2376.0,0.0
B04,2377.0,0.0
B04,2378.0,0.0
B04,2379.0,0.0
B04,2380.0,0.0
B04,2381.0,0.0
B04,2382.0,0.0
B04,2383.0,0.0
B04,2384.0,0.0
B04,2385.0,0.0
B04,2386.0,0.0
B04,2387.0,0.0
B04,2388.0,0.0
B04,2389.0,0.0
B04,2390.0,0.0
B04,2391.0,0.0
B04,2392.0,0.0
B04,2393.0,0.0
B04,2394.0,0.0
B04,2395.0,0.0
B04,2396.0,0.0
B04,2397.0,0.0
B04,2398.0,0.0
B04,2399.0,0.0
B04,2400.0,0.0
B04,2401.0,0.0
B04,2402.0,0.0
B04,2403.0,0.0
B04,2404.0,0.0
B04,2405.0,0.0
B04,2406.0,0.0
B04,2407.0,0.0
B04,2408.0,0.0
B04,2409.0,0.0
B04,2410.0,0.0
B04,2411.0,0.0
B04,2412.0,0.0
B04,2413.0,0.0
B04,2414.0,0.0
B04,2415.0,0.0
B04,2416.0,0.0
B04,2417.0,0.0
B04,2418.0,0.0
B04,2419.0,0.0
B04,2420.0,0.0
B04,2421.0,0.0
B04,2422.0,0.0
B04,2423.0,0.0
B04,2424.0,0.0
B04,2425.0,0.0
B04,2426.0,0.0
B04,2427.0,0.0
B04,2428.0,0.0
B04,2429.0,0.0
B04,2430.0,0.0
B04,2431.0,0.0
B04,2432.0,0.0
B04,2433.0,0.0
B04,2434.0,0.0
B04,2435.0,0.0
B04,2436.0,0.0
B04,2437.0,0.0
B04,2438.0,0.0
B04,2439.0,0.0
B04,2440.0,0.0
B04,2441.0,0.0
B04,2442.0,0.0
B04,2443.0,0.0
B04,2444.0,0.0
B04,2445.0,0.0
B04,2446.0,0.0
B04,2447.0,0.0
B04,2448.0,0.0
B04,2449.0,0.0
B04,2450.0,0.0
B04,2451.0,0.0
B04,2452.0,0.0
B04,2453.0,0.0
B04,2454.0,0.0
B04,2455.0,0.0
B04,2456.0,0.0
B04,2457.0,0.0
B04,2458.0,0.0
B04,2459.0,0.0
B04,2460.0,0.0
B04,2461.0,0.0
B04,2462.0,0.0
B04,2463.0,0.0
B04,2464.0,0.0
B04,2465.0,0.0
B04,2466.0,0.0
B04,2467.0,0.0
B04,2468.0,0.0
B04,2469.0,0.0
B04,2470.0,0.0
B04,2471.0,0.0
B04,2472.0,0.0
B04,2473.0,0.0
B04,2474.0,0.0
B04,2475.0,0.0
B04,2476.0,0.0
B04,2477.0,0.0
B04,2478.0,0.0
B04,2479.0,0.0
B04,2480.0,0.0
B04,2481.0,0.0
B04,2482.0,0.0
B04,2483.0,0.0
B04,2484.0,0.0
B04,2485.0,0.0
B04,2486.0,0.0
B04,2487.0,0.0
B04,2488.0,0.0
B04,2489.0,0.0
B04,2490.0,0.0
B04,2491.0,0.0
B04,2492.0,0.0
B04,2493.0,0.0
B04,2494.0,0.0
B04,2495.0,0.0
B04,2496.0,0.0
B04,2497.0,0.0
B04,2498.0,0.0
B04,2499.0,0.0
B04,2500.0,0.0
B04,2501.0,0.0
B04,2502.0,0.0
B04,2503.0,0.0
B04,2504.0,0.0
B04,2505.0,0.0
B04,2506.0,0.0
B04,2507.0,0.0
B04,2508.0,0.0
B04,2509.0,0.0
B04,2510.0,0.0
B04,2511.0,0.0
B04,2512.0,0.0
B04,2513.0,0.0
B04,2514.0,0.0
B04,2515.0,0.0
B04,2516.0,0.0
B04,2517.0,0.0
B04,2518.0,0.0
B04,2519.0,0.0
B04,2520.0,0.0
B04,2521.0,0.0
B04,2522.0,0.0
B04,2523.0,0.0
B04,2524.0,0.0
B04,2525.0,0.0
B04,2526.0,0.0
B04,2527.0,0.0
B04,2528.0,0.0
B04,2529.0,0.0
B04,2530.0,0.0
B04,2531.0,0.0
B04,2532.0,0.0
B04,2533.0,0.0
B04,2534.0,0.0
B04,2535.0,0.0
B04,2536.0,0.0
B04,2537.0,0.0
B04,2538.0,0.0
B04,2539.0,0.0
B04,2540.0,0.0
B04,2541.0,0.0
B04,2542.0,0.0
B04,2543.0,0.0
B04,2544.0,0.0
B04,2545.0,0.0
B04,2546.0,0.0
B04,2547.0,0.0
B04,2548.0,0.0
B04,2549.0,0.0
B04,2550.0,0.0
B04,2551.0,0.0
B04,2552.0,0.0
B04,2553.0,0.0
B04,2554.0,0.0
B04,2555.0,0.0
B04,2556.0,0.0
B04,2557.0,0.0
B04,2558.0,0.0
B04,2559.0,0.0
B04,2560.0,0.0
B04,2561.0,0.0
B04,2562.0,0.0
B04,2563.0,0.0
B04,2564.0,0.0
B04,2565.0,0.0
B04,2566.0,0.0
B04,2567.0,0.0
B04,2568.0,0.0
B04,2569.0,0.0
B04,2570.0,0.0
B04,2571.0,0.0
B04,2572.0,0.0
B04,2573.0,0.0
B04,2574.0,0.0
B04,2575.0,0.0
B04,2576.0,0.0
B04,2577.0,0.0
B04,2578.0,0.0
B04,2579.0,0.0
B04,2580.0,0.0
B04,2581.0,0.0
B04,2582.0,0.0
B04,2583.0,0.0
B04,2584.0,0.0
B04,2585.0,0.0
B04,2586.0,0.0
B04,2587.0,0.0
B04,2588.0,0.0
B04,2589.0,0.0
B04,2590.0,0.0
B04,2591.0,0.0
B04,2592.0,0.0
B04,2593.0,0.0
B04,2594.0,0.0
B04,2595.0,0.0
B04,2596.0,0.0
B04,2597.0,0.0
B04,2598.0,0.0
B04,2599.0,0.0
B04,2600.0,0.0
B05,300.0,0.0
B05,301.0,0.0
B05,302.0,0.0
B05,303.0,0.0
B05,304.0,0.0
B05,305.0,0.0
B05,306.0,0.0
B05,307.0,0.0
B05,308.0,0.0
B05,309.0,0.0
B05,310.0,0.0
B05,311.0,0.0
B05,312.0,0.0
B05,313.0,0.0
B05,314.0,0.0
B05,315.0,0.0
B05,316.0,0.0
B05,317.0,0.0
B05,318.0,0.0
B05,319.0,0.0
B05,320.0,0.0
B05,321.0,0.0
B05,322.0,0.0
B05,323.0,0.0
B05,324.0,0.0
B05,325.0,0.0
B05,326.0,0.0
B05,327.0,0.0
B05,328.0,0.0
B05,329.0,0.0
B05,330.0,0.0
B05,331.0,0.0
B05,332.0,0.0
B05,333.0,0.0
B05,334.0,0.0
B05,335.0,0.0
B05,336.0,0.0
B05,337.0,0.0
B05,338.0,0.0
B05,339.0,0.0
B05,340.0,0.0
B05,341.0,0.0
B05,342.0,0.0
B05,343.0,0.0
B05,344.0,0.0
B05,345.0,0.0
B05,346.0,0.0
B05,347.0,0.0
B05,348.0,0.0
B05,349.0,0.0
B05,350.0,0.0
B05,351.0,0.0
B05,352.0,0.0
B05,353.0,0.0
B05,354.0,0.0
B05,355.0,0.0
B05,356.0,0.0
B05,357.0,0.0
B05,358.0,0.0
B05,359.0,0.0
B05,360.0,0.0
B05,361.0,0.0
B05,362.0,0.0
B05,363.0,0.0
B05,364.0,0.0
B05,365.0,0.0
B05,366.0,0.0
B05,367.0,0.0
B05,368.0,0.0
B05,369.0,0.0
B05,370.0,0.0
B05,371.0,0.0
B05,372.0,0.0
B05,373.0,0.0
B05,374.0,0.0
B05,375.0,0.0
B05,376.0,0.0
B05,377.0,0.0
B05,378.0,0.0
B05,379.0,0.0
B05,380.0,0.0
B05,381.0,0.0
B05,382.0,0.0
B05,383.0,0.0
B05,384.0,0.0
B05,385.0,0.0
B05,386.0,0.0
B05,387.0,0.0
B05,388.0,0.0
B05,389.0,0.0
B05,390.0,0.0
B05,391.0,0.0
B05,392.0,0.0
B05,393.0,0.0
B05,394.0,0.0
B05,395.0,0.0
B05,396.0,0.0
B05,397.0,0.0
B05,398.0,0.0
B05,399.0,0.0
B05,400.0,0.0
B05,401.0,0.0
B05,402.0,0.0
B05,403.0,0.0
B05,404.0,0.0
B05,405.0,0.0
B05,406.0,0.0
B05,407.0,0.0
B05,408.0,0.0
B05,409.0,0.0
B05,410.0,0.0
B05,411.0,0.0
B05,412.0,0.0
B05,413.0,0.0
B05,414.0,0.0
B05,415.0,0.0
B05,416.0,0.0
B05,417.0,0.0
B05,418.0,0.0
B05,419.0,0.0
B05,420.0,0.0
B05,421.0,0.0
B05,422.0,0.0
B05,423.0,0.0
B05,424.0,0.0
B05,425.0,0.0
B05,426.0,0.0
B05,427.0,0.0
B05,428.0,0.0
B05,429.0,0.0
B05,430.0,0.0
B05,431.0,0.0
B05,432.0,0.0
B05,433.0,0.0
B05,434.0,0.0
B05,435.0,0.0
B05,436.0,0.0
B05,437.0,0.0
B05,438.0,0.0
B05,439.0,0.0
B05,440.0,0.0
B05,441.0,0.0
B05,442.0,0.0
B05,443.0,0.0
B05,444.0,0.0
B05,445.0,0.0
B05,446.0,0.0
B05,447.0,0.0
B05,448.0,0.0
B05,449.0,0.0
B05,450.0,0.0
B05,451.0,0.0
B05,452.0,0.0
B05,453.0,0.0
B05,454.0,0.0
B05,455.0,0.0
B05,456.0,0.0
B05,457.0,0.0
B05,458.0,0.0
B05,459.0,0.0
B05,460.0,0.0
B05,461.0,0.0
B05,462.0,0.0
B05,463.0,0.0
B05,464.0,0.0
B05,465.0,0.0
B05,466.0,0.0
B05,467.0,0.0
B05,468.0,0.0
B05,469.0,0.0
B05,470.0,0.0
B05,471.0,0.0
B05,472.0,0.0
B05,473.0,0.0
B05,474.0,0.0
B05,475.0,0.0
B05,476.0,0.0
B05,477.0,0.0
B05,478.0,0.0
B05,479.0,0.0
B05,480.0,0.0
B05,481.0,0.0
B05,482.0,0.0
B05,483.0,0.0
B05,484.0,0.0
B05,485.0,0.0
B05,486.0,0.0
B05,487.0,0.0
B05,488.0,0.0
B05,489.0,0.0
B05,490.0,0.0
B05,491.0,0.0
B05,492.0,0.0
B05,493.0,0.0
B05,494.0,0.0
B05,495.0,0.0
B05,496.0,0.0
B05,497.0,0.0
B05,498.0,0.0
B05,499.0,0.0
B05,500.0,0.0
B05,501.0,0.0
B05,502.0,0.0
B05,503.0,0.0
B05,504.0,0.0
B05,505.0,0.0
B05,506.0,0.0
B05,507.0,0.0
B05,508.0,0.0
B05,509.0,0.0
B05,510.0,0.0
B05,511.0,0.0
B05,512.0,0.0
B05,513.0,0.0
B05,514.0,0.0
B05,515.0,0.0
B05,516.0,0.0
B05,517.0,0.0
B05,518.0,0.0
B05,519.0,0.0
B05,520.0,0.0
B05,521.0,0.0
B05,522.0,0.0
B05,523.0,0.0
B05,524.0,0.0
B05,525.0,0.0
B05,526.0,0.0
B05,527.0,0.0
B05,528.0,0.0
B05,529.0,0.0
B05,530.0,0.0
B05,531.0,0.0
B05,532.0,0.0
B05,533.0,0.0
B05,534.0,0.0
B05,535.0,0.0
B05,536.0,0.0
B05,537.0,0.0
B05,538.0,0.0
B05,539.0,0.0
B05,540.0,0.0
B05,541.0,0.0
B05,542.0,0.0
B05,543.0,0.0
B05,544.0,0.0
B05,545.0,0.0
B05,546.0,0.0
B05,547.0,0.0
B05,548.0,0.0
B05,549.0,0.0
B05,550.0,0.0
B05,551.0,0.0
B05,552.0,0.0
B05,553.0,0.0
B05,554.0,0.0
B05,555.0,0.0
B05,556.0,0.0
B05,557.0,0.0
B05,558.0,0.0
B05,559.0,0.0
B05,560.0,0.0
B05,561.0,0.0
B05,562.0,0.0
B05,563.0,0.0
B05,564.0,0.0
B05,565.0,0.0
B05,566.0,0.0
B05,567.0,0.0
B05,568.0,0.0
B05,569.0,0.0
B05,570.0,0.0
B05,571.0,0.0
B05,572.0,0.0
B05,573.0,0.0
B05,574.0,0.0
B05,575.0,0.0
B05,576.0,0.0
B05,577.0,0.0
B05,578.0,0.0
B05,579.0,0.0
B05,580.0,0.0
B05,581.0,0.0
B05,582.0,0.0
B05,583.0,0.0
B05,584.0,0.0
B05,585.0,0.0
B05,586.0,0.0
B05,587.0,0.0
B05,588.0,0.0
B05,589.0,0.0
B05,590.0,0.0
B05,591.0,0.0
B05,592.0,0.0
B05,593.0,0.0
B05,594.0,0.0
B05,595.0,0.0
B05,596.0,0.0
B05,597.0,0.0
B05,598.0,0.0
B05,599.0,0.0
B05,600.0,0.0
B05,601.0,0.0
B05,602.0,0.0
B05,603.0,0.0
B05,604.0,0.0
B05,605.0,0.0
B05,606.0,0.0
B05,607.0,0.0
B05,608.0,0.0
B05,609.0,0.0
B05,610.0,0.0
B05,611.0,0.0
B05,612.0,0.0
B05,613.0,0.0
B05,614.0,0.0
B05,615.0,0.0
B05,616.0,0.0
B05,617.0,0.0
B05,618.0,0.0
B05,619.0,0.0
B05,620.0,0.0
B05,621.0,0.0
B05,622.0,0.0
B05,623.0,0.0
B05,624.0,0.0
B05,625.0,0.0
B05,626.0,0.0
B05,627.0,0.0
B05,628.0,0.0
B05,629.0,0.0
B05,630.0,0.0
B05,631.0,0.0
B05,632.0,0.0
B05,633.0,0.0
B05,634.0,0.0
B05,635.0,0.0
B05,636.0,0.0
B05,637.0,0.0
B05,638.0,0.0
B05,639.0,0.0
B05,640.0,0.0
B05,641.0,0.0
B05,642.0,0.0
B05,643.0,0.0
B05,644.0,0.0
B05,645.0,0.0
B05,646.0,0.0
B05,647.0,0.0
B05,648.0,0.0
B05,649.0,0.0
B05,650.0,0.0
B05,651.0,0.0
B05,652.0,0.0
B05,653.0,0.0
B05,654.0,0.0
B05,655.0,0.0
B05,656.0,0.0
B05,657.0,0.0
B05,658.0,0.0
B05,659.0,0.0
B05,660.0,0.0
B05,661.0,0.0
B05,662.0,0.0
B05,663.0,0.0
B05,664.0,0.0
B05,665.0,0.0
B05,666.0,0.0
B05,667.0,0.0
B05,668.0,0.0
B05,669.0,0.0
B05,670.0,0.0
B05,671.0,0.0
B05,672.0,0.0
B05,673.0,0.0
B05,674.0,0.0
B05,675.0,0.0
B05,676.0,0.0
B05,677.0,0.0
B05,678.0,0.0
B05,679.0,0.0
B05,680.0,0.0
B05,681.0,0.0
B05,682.0,0.0
B05,683.0,0.0
B05,684.0,0.0
B05,685.0,0.0
B05,686.0,0.0
B05,687.0,0.0
B05,688.0,0.0
B05,689.0,0.0
B05,690.0,0.0
B05,691.0,0.0
B05,692.0,0.0
B05,693.0,0.0
B05,694.0,0.01042619
B05,695.0,0.05713826
B05,696.0,0.21461286
B05,697.0,0.54715702
B05,698.0,0.87088164
B05,699.0,0.96808183
B05,700.0,0.99104427
B05,701.0,1.0
B05,702.0,0.99512875
B05,703.0,0.98751456
B05,704.0,0.97910038
B05,705.0,0.97035979
B05,706.0,0.95875454
B05,707.0,0.94130694
B05,708.0,0.92531149
B05,709.0,0.89283152
B05,710.0,0.76531084
B05,711.0,0.50228771
B05,712.0,0.17957688
B05,713.0,0.0337948
B05,714.0,0.00240526
B05,715.0,0.0
B05,716.0,0.0
B05,717.0,0.0
B05,718.0,0.0
B05,719.0,0.0
B05,720.0,0.0
B05,721.0,0.0
B05,722.0,0.0
B05,723.0,0.0
B05,724.0,0.0
B05,725.0,0.0
B05,726.0,0.0
B05,727.0,0.0
B05,728.0,0.0
B05,729.0,0.0
B05,730.0,0.0
B05,731.0,0.0
B05,732.0,0.0
B05,733.0,0.0
B05,734.0,0.0
B05,735.0,0.0
B05,736.0,0.0
B05,737.0,0.0
B05,738.0,0.0
B05,739.0,0.0
B05,740.0,0.0
B05,741.0,0.0
B05,742.0,0.0
B05,743.0,0.0
B05,744.0,0.0
B05,745.0,0.0
B05,746.0,0.0
B05,747.0,0.0
B05,748.0,0.0
B05,749.0,0.0
B05,750.0,0.0
B05,751.0,0.0
B05,752.0,0.0
B05,753.0,0.0
B05,754.0,0.0
B05,755.0,0.0
B05,756.0,0.0
B05,757.0,0.0
B05,758.0,0.0
B05,759.0,0.0
B05,760.0,0.0
B05,761.0,0.0
B05,762.0,0.0
B05,763.0,0.0
B05,764.0,0.0
B05,765.0,0.0
B05,766.0,0.0
B05,767.0,0.0
B05,768.0,0.0
B05,769.0,0.0
B05,770.0,0.0
B05,771.0,0.0
B05,772.0,0.0
B05,773.0,0.0
B05,774.0,0.0
B05,775.0,0.0
B05,776.0,0.0
B05,777.0,0.0
B05,778.0,0.0
B05,779.0,0.0
B05,780.0,0.0
B05,781.0,0.0
B05,782.0,0.0
B05,783.0,0.0
B05,784.0,0.0
B05,785.0,0.0
B05,786.0,0.0
B05,787.0,0.0
B05,788.0,0.0
B05,789.0,0.0
B05,790.0,0.0
B05,791.0,0.0
B05,792.0,0.0
B05,793.0,0.0
B05,794.0,0.0
B05,795.0,0.0
B05,796.0,0.0
B05,797.0,0.0
B05,798.0,0.0
B05,799.0,0.0
B05,800.0,0.0
B05,801.0,0.0
B05,802.0,0.0
B05,803.0,0.0
B05,804.0,0.0
B05,805.0,0.0
B05,806.0,0.0
B05,807.0,0.0
B05,808.0,0.0
B05,809.0,0.0
B05,810.0,0.0
B05,811.0,0.0
B05,812.0,0.0
B05,813.0,0.0
B05,814.0,0.0
B05,815.0,0.0
B05,816.0,0.0
B05,817.0,0.0
B05,818.0,0.0
B05,819.0,0.0
B05,820.0,0.0
B05,821.0,0.0
B05,822.0,0.0
B05,823.0,0.0
B05,824.0,0.0
B05,825.0,0.0
B05,826.0,0.0
B05,827.0,0.0
B05,828.0,0.0
B05,829.0,0.0
B05,830.0,0.0
B05,831.0,0.0
B05,832.0,0.0
B05,833.0,0.0
B05,834.0,0.0
B05,835.0,0.0
B05,836.0,0.0
B05,837.0,0.0
B05,838.0,0.0
B05,839.0,0.0
B05,840.0,0.0
B05,841.0,0.0
B05,842.0,0.0
B05,843.0,0.0
B05,844.0,0.0
B05,845.0,0.0
B05,846.0,0.0
B05,847.0,0.0
B05,848.0,0.0
B05,849.0,0.0
B05,850.0,0.0
B05,851.0,0.0
B05,852.0,0.0
B05,853.0,0.0
B05,854.0,0.0
B05,855.0,0.0
B05,856.0,0.0
B05,857.0,0.0
B05,858.0,0.0
B05,859.0,0.0
B05,860.0,0.0
B05,861.0,0.0
B05,862.0,0.0
B05,863.0,0.0
B05,864.0,0.0
B05,865.0,0.0
B05,866.0,0.0
B05,867.0,0.0
B05,868.0,0.0
B05,869.0,0.0
B05,870.0,0.0
B05,871.0,0.0
B05,872.0,0.0
B05,873.0,0.0
B05,874.0,0.0
B05,875.0,0.0
B05,876.0,0.0
B05,877.0,0.0
B05,878.0,0.0
B05,879.0,0.0
B05,880.0,0.0
B05,881.0,0.0
B05,882.0,0.0
B05,883.0,0.0
B05,884.0,0.0
B05,885.0,0.0
B05,886.0,0.0
B05,887.0,0.0
B05,888.0,0.0
B05,889.0,0.0
B05,890.0,0.0
B05,891.0,0.0
B05,892.0,0.0
B05,893.0,0.0
B05,894.0,0.0
B05,895.0,0.0
B05,896.0,0.0
B05,897.0,0.0
B05,898.0,0.0
B05,899.0,0.0
B05,900.0,0.0
B05,901.0,0.0
B05,902.0,0.0
B05,903.0,0.0
B05,904.0,0.0
B05,905.0,0.0
B05,906.0,0.0
B05,907.0,0.0
B05,908.0,0.0
B05,909.0,0.0
B05,910.0,0.0
B05,911.0,0.0
B05,912.0,0.0
B05,913.0,0.0
B05,914.0,0.0
B05,915.0,0.0
B05,916.0,0.0
B05,917.0,0.0
B05,918.0,0.0
B05,919.0,0.0
B05,920.0,0.0
B05,921.0,0.0
B05,922.0,0.0
B05,923.0,0.0
B05,924.0,0.0
B05,925.0,0.0
B05,926.0,0.0
B05,927.0,0.0
B05,928.0,0.0
B05,929.0,0.0
B05,930.0,0.0
B05,931.0,0.0
B05,932.0,0.0
B05,933.0,0.0
B05,934.0,0.0
B05,935.0,0.0
B05,936.0,0.0
B05,937.0,0.0
B05,938.0,0.0
B05,939.0,0.0
B05,940.0,0.0
B05,941.0,0.0
B05,942.0,0.0
B05,943.0,0.0
B05,944.0,0.0
B05,945.0,0.0
B05,946.0,0.0
B05,947.0,0.0
B05,948.0,0.0
B05,949.0,0.0
B05,950.0,0.0
B05,951.0,0.0
B05,952.0,0.0
B05,953.0,0.0
B05,954.0,0.0
B05,955.0,0.0
B05,956.0,0.0
B05,957.0,0.0
B05,958.0,0.0
B05,959.0,0.0
B05,960.0,0.0
B05,961.0,0.0
B05,962.0,0.0
B05,963.0,0.0
B05,964.0,0.0
B05,965.0,0.0
B05,966.0,0.0
B05,967.0,0.0
B05,968.0,0.0
B05,969.0,0.0
B05,970.0,0.0
B05,971.0,0.0
B05,972.0,0.0
B05,973.0,0.0
B05,974.0,0.0
B05,975.0,0.0
B05,976.0,0.0
B05,977.0,0.0
B05,978.0,0.0
B05,979.0,0.0
B05,980.0,0.0
B05,981.0,0.0
B05,982.0,0.0
B05,983.0,0.0
B05,984.0,0.0
B05,985.0,0.0
B05,986.0,0.0
B05,987.0,0.0
B05,988.0,0.0
B05,989.0,0.0
B05,990.0,0.0
B05,991.0,0.0
B05,992.0,0.0
B05,993.0,0.0
B05,994.0,0.0
B05,995.0,0.0
B05,996.0,0.0
B05,997.0,0.0
B05,998.0,0.0
B05,999.0,0.0
B05,1000.0,0.0
B05,1001.0,0.0
B05,1002.0,0.0
B05,1003.0,0.0
B05,1004.0,0.0
B05,1005.0,0.0
B05,1006.0,0.0
B05,1007.0,0.0
B05,1008.0,0.0
B05,1009.0,0.0
B05,1010.0,0.0
B05,1011.0,0.0
B05,1012.0,0.0
B05,1013.0,0.0
B05,1014.0,0.0
B05,1015.0,0.0
B05,1016.0,0.0
B05,1017.0,0.0
B05,1018.0,0.0
B05,1019.0,0.0
B05,1020.0,0.0
B05,1021.0,0.0
B05,1022.0,0.0
B05,1023.0,0.0
B05,1024.0,0.0
B05,1025.0,0.0
B05,1026.0,0.0
B05,1027.0,0.0
B05,1028.0,0.0
B05,1029.0,0.0
B05,1030.0,0.0
B05,1031.0,0.0
B05,1032.0,0.0
B05,1033.0,0.0
B05,1034.0,0.0
B05,1035.0,0.0
B05,1036.0,0.0
B05,1037.0,0.0
B05,1038.0,0.0
B05,1039.0,0.0
B05,1040.0,0.0
B05,1041.0,0.0
B05,1042.0,0.0
B05,1043.0,0.0
B05,1044.0,0.0
B05,1045.0,0.0
B05,1046.0,0.0
B05,1047.0,0.0
B05,1048.0,0.0
B05,1049.0,0.0
B05,1050.0,0.0
B05,1051.0,0.0
B05,1052.0,0.0
B05,1053.0,0.0
B05,1054.0,0.0
B05,1055.0,0.0
B05,1056.0,0.0
B05,1057.0,0.0
B05,1058.0,0.0
B05,1059.0,0.0
B05,1060.0,0.0
B05,1061.0,0.0
B05,1062.0,0.0
B05,1063.0,0.0
B05,1064.0,0.0
B05,1065.0,0.0
B05,1066.0,0.0
B05,1067.0,0.0
B05,1068.0,0.0
B05,1069.0,0.0
B05,1070.0,0.0
B05,1071.0,0.0
B05,1072.0,0.0
B05,1073.0,0.0
B05,1074.0,0.0
B05,1075.0,0.0
B05,1076.0,0.0
B05,1077.0,0.0
B05,1078.0,0.0
B05,1079.0,0.0
B05,1080.0,0.0
B05,1081.0,0.0
B05,1082.0,0.0
B05,1083.0,0.0
B05,1084.0,0.0
B05,1085.0,0.0
B05,1086.0,0.0
B05,1087.0,0.0
B05,1088.0,0.0
B05,1089.0,0.0
B05,1090.0,0.0
B05,1091.0,0.0
B05,1092.0,0.0
B05,1093.0,0.0
B05,1094.0,0.0
B05,1095.0,0.0
B05,1096.0,0.0
B05,1097.0,0.0
B05,1098.0,0.0
B05,1099.0,0.0
B05,1100.0,0.0
B05,1101.0,0.0
B05,1102.0,0.0
B05,1103.0,0.0
B05,1104.0,0.0
B05,1105.0,0.0
B05,1106.0,0.0
B05,1107.0,0.0
B05,1108.0,0.0
B05,1109.0,0.0
B05,1110.0,0.0
B05,1111.0,0.0
B05,1112.0,0.0
B05,1113.0,0.0
B05,1114.0,0.0
B05,1115.0,0.0
B05,1116.0,0.0
B05,1117.0,0.0
B05,1118.0,0.0
B05,1119.0,0.0
B05,1120.0,0.0
B05,1121.0,0.0
B05,1122.0,0.0
B05,1123.0,0.0
B05,1124.0,0.0
B05,1125.0,0.0
B05,1126.0,0.0
B05,1127.0,0.0
B05,1128.0,0.0
B05,1129.0,0.0
B05,1130.0,0.0
B05,1131.0,0.0
B05,1132.0,0.0
B05,1133.0,0.0
B05,1134.0,0.0
B05,1135.0,0.0
B05,1136.0,0.0
B05,1137.0,0.0
B05,1138.0,0.0
B05,1139.0,0.0
B05,1140.0,0.0
B05,1141.0,0.0
B05,1142.0,0.0
B05,1143.0,0.0
B05,1144.0,0.0
B05,1145.0,0.0
B05,1146.0,0.0
B05,1147.0,0.0
B05,1148.0,0.0
B05,1149.0,0.0
B05,1150.0,0.0
B05,1151.0,0.0
B05,1152.0,0.0
B05,1153.0,0.0
B05,1154.0,0.0
B05,1155.0,0.0
B05,1156.0,0.0
B05,1157.0,0.0
B05,1158.0,0.0
B05,1159.0,0.0
B05,1160.0,0.0
B05,1161.0,0.0
B05,1162.0,0.0
B05,1163.0,0.0
B05,1164.0,0.0
B05,1165.0,0.0
B05,1166.0,0.0
B05,1167.0,0.0
B05,1168.0,0.0
B05,1169.0,0.0
B05,1170.0,0.0
B05,1171.0,0.0
B05,1172.0,0.0
B05,1173.0,0.0
B05,1174.0,0.0
B05,1175.0,0.0
B05,1176.0,0.0
B05,1177.0,0.0
B05,1178.0,0.0
B05,1179.0,0.0
B05,1180.0,0.0
B05,1181.0,0.0
B05,1182.0,0.0
B05,1183.0,0.0
B05,1184.0,0.0
B05,1185.0,0.0
B05,1186.0,0.0
B05,1187.0,0.0
B05,1188.0,0.0
B05,1189.0,0.0
B05,1190.0,0.0
B05,1191.0,0.0
B05,1192.0,0.0
B05,1193.0,0.0
B05,1194.0,0.0
B05,1195.0,0.0
B05,1196.0,0.0
B05,1197.0,0.0
B05,1198.0,0.0
B05,1199.0,0.0
B05,1200.0,0.0
B05,1201.0,0.0
B05,1202.0,0.0
B05,1203.0,0.0
B05,1204.0,0.0
B05,1205.0,0.0
B05,1206.0,0.0
B05,1207.0,0.0
B05,1208.0,0.0
B05,1209.0,0.0
B05,1210.0,0.0
B05,1211.0,0.0
B05,1212.0,0.0
B05,1213.0,0.0
B05,1214.0,0.0
B05,1215.0,0.0
B05,1216.0,0.0
B05,1217.0,0.0
B05,1218.0,0.0
B05,1219.0,0.0
B05,1220.0,0.0
B05,1221.0,0.0
B05,1222.0,0.0
B05,1223.0,0.0
B05,1224.0,0.0
B05,1225.0,0.0
B05,1226.0,0.0
B05,1227.0,0.0
B05,1228.0,0.0
B05,1229.0,0.0
B05,1230.0,0.0
B05,1231.0,0.0
B05,1232.0,0.0
B05,1233.0,0.0
B05,1234.0,0.0
B05,1235.0,0.0
B05,1236.0,0.0
B05,1237.0,0.0
B05,1238.0,0.0
B05,1239.0,0.0
B05,1240.0,0.0
B05,1241.0,0.0
B05,1242.0,0.0
B05,1243.0,0.0
B05,1244.0,0.0
B05,1245.0,0.0
B05,1246.0,0.0
B05,1247.0,0.0
B05,1248.0,0.0
B05,1249.0,0.0
B05,1250.0,0.0
B05,1251.0,0.0
B05,1252.0,0.0
B05,1253.0,0.0
B05,1254.0,0.0
B05,1255.0,0.0
B05,1256.0,0.0
B05,1257.0,0.0
B05,1258.0,0.0
B05,1259.0,0.0
B05,1260.0,0.0
B05,1261.0,0.0
B05,1262.0,0.0
B05,1263.0,0.0
B05,1264.0,0.0
B05,1265.0,0.0
B05,1266.0,0.0
B05,1267.0,0.0
B05,1268.0,0.0
B05,1269.0,0.0
B05,1270.0,0.0
B05,1271.0,0.0
B05,1272.0,0.0
B05,1273.0,0.0
B05,1274.0,0.0
B05,1275.0,0.0
B05,1276.0,0.0
B05,1277.0,0.0
B05,1278.0,0.0
B05,1279.0,0.0
B05,1280.0,0.0
B05,1281.0,0.0
B05,1282.0,0.0
B05,1283.0,0.0
B05,1284.0,0.0
B05,1285.0,0.0
B05,1286.0,0.0
B05,1287.0,0.0
B05,1288.0,0.0
B05,1289.0,0.0
B05,1290.0,0.0
B05,1291.0,0.0
B05,1292.0,0.0
B05,1293.0,0.0
B05,1294.0,0.0
B05,1295.0,0.0
B05,1296.0,0.0
B05,1297.0,0.0
B05,1298.0,0.0
B05,1299.0,0.0
B05,1300.0,0.0
B05,1301.0,0.0
B05,1302.0,0.0
B05,1303.0,0.0
B05,1304.0,0.0
B05,1305.0,0.0
B05,1306.0,0.0
B05,1307.0,0.0
B05,1308.0,0.0
B05,1309.0,0.0
B05,1310.0,0.0
B05,1311.0,0.0
B05,1312.0,0.0
B05,1313.0,0.0
B05,1314.0,0.0
B05,1315.0,0.0
B05,1316.0,0.0
B05,1317.0,0.0
B05,1318.0,0.0
B05,1319.0,0.0
B05,1320.0,0.0
B05,1321.0,0.0
B05,1322.0,0.0
B05,1323.0,0.0
B05,1324.0,0.0
B05,1325.0,0.0
B05,1326.0,0.0
B05,1327.0,0.0
B05,1328.0,0.0
B05,1329.0,0.0
B05,1330.0,0.0
B05,1331.0,0.0
B05,1332.0,0.0
B05,1333.0,0.0
B05,1334.0,0.0
B05,1335.0,0.0
B05,1336.0,0.0
B05,1337.0,0.0
B05,1338.0,0.0
B05,1339.0,0.0
B05,1340.0,0.0
B05,1341.0,0.0
B05,1342.0,0.0
B05,1343.0,0.0
B05,1344.0,0.0
B05,1345.0,0.0
B05,1346.0,0.0
B05,1347.0,0.0
B05,1348.0,0.0
B05,1349.0,0.0
B05,1350.0,0.0
B05,1351.0,0.0
B05,1352.0,0.0
B05,1353.0,0.0
B05,1354.0,0.0
B05,1355.0,0.0
B05,1356.0,0.0
B05,1357.0,0.0
B05,1358.0,0.0
B05,1359.0,0.0
B05,1360.0,0.0
B05,1361.0,0.0
B05,1362.0,0.0
B05,1363.0,0.0
B05,1364.0,0.0
B05,1365.0,0.0
B05,1366.0,0.0
B05,1367.0,0.0
B05,1368.0,0.0
B05,1369.0,0.0
B05,1370.0,0.0
B05,1371.0,0.0
B05,1372.0,0.0
B05,1373.0,0.0
B05,1374.0,0.0
B05,1375.0,0.0
B05,1376.0,0.0
B05,1377.0,0.0
B05,1378.0,0.0
B05,1379.0,0.0
B05,1380.0,0.0
B05,1381.0,0.0
B05,1382.0,0.0
B05,1383.0,0.0
B05,1384.0,0.0
B05,1385.0,0.0
B05,1386.0,0.0
B05,1387.0,0.0
B05,1388.0,0.0
B05,1389.0,0.0
B05,1390.0,0.0
B05,1391.0,0.0
B05,1392.0,0.0
B05,1393.0,0.0
B05,1394.0,0.0
B05,1395.0,0.0
B05,1396.0,0.0
B05,1397.0,0.0
B05,1398.0,0.0
B05,1399.0,0.0
B05,1400.0,0.0
B05,1401.0,0.0
B05,1402.0,0.0
B05,1403.0,0.0
B05,1404.0,0.0
B05,1405.0,0.0
B05,1406.0,0.0
B05,1407.0,0.0
B05,1408.0,0.0
B05,1409.0,0.0
B05,1410.0,0.0
B05,1411.0,0.0
B05,1412.0,0.0
B05,1413.0,0.0
B05,1414.0,0.0
B05,1415.0,0.0
B05,1416.0,0.0
B05,1417.0,0.0
B05,1418.0,0.0
B05,1419.0,0.0
B05,1420.0,0.0
B05,1421.0,0.0
B05,1422.0,0.0
B05,1423.0,0.0
B05,1424.0,0.0
B05,1425.0,0.0
B05,1426.0,0.0
B05,1427.0,0.0
B05,1428.0,0.0
B05,1429.0,0.0
B05,1430.0,0.0
B05,1431.0,0.0
B05,1432.0,0.0
B05,1433.0,0.0
B05,1434.0,0.0
B05,1435.0,0.0
B05,1436.0,0.0
B05,1437.0,0.0
B05,1438.0,0.0
B05,1439.0,0.0
B05,1440.0,0.0
B05,1441.0,0.0
B05,1442.0,0.0
B05,1443.0,0.0
B05,1444.0,0.0
B05,1445.0,0.0
B05,1446.0,0.0
B05,1447.0,0.0
B05,1448.0,0.0
B05,1449.0,0.0
B05,1450.0,0.0
B05,1451.0,0.0
B05,1452.0,0.0
B05,1453.0,0.0
B05,1454.0,0.0
B05,1455.0,0.0
B05,1456.0,0.0
B05,1457.0,0.0
B05,1458.0,0.0
B05,1459.0,0.0
B05,1460.0,0.0
B05,1461.0,0.0
B05,1462.0,0.0
B05,1463.0,0.0
B05,1464.0,0.0
B05,1465.0,0.0
B05,1466.0,0.0
B05,1467.0,0.0
B05,1468.0,0.0
B05,1469.0,0.0
B05,1470.0,0.0
B05,1471.0,0.0
B05,1472.0,0.0
B05,1473.0,0.0
B05,1474.0,0.0
B05,1475.0,0.0
B05,1476.0,0.0
B05,1477.0,0.0
B05,1478.0,0.0
B05,1479.0,0.0
B05,1480.0,0.0
B05,1481.0,0.0
B05,1482.0,0.0
B05,1483.0,0.0
B05,1484.0,0.0
B05,1485.0,0.0
B05,1486.0,0.0
B05,1487.0,0.0
B05,1488.0,0.0
B05,1489.0,0.0
B05,1490.0,0.0
B05,1491.0,0.0
B05,1492.0,0.0
B05,1493.0,0.0
B05,1494.0,0.0
B05,1495.0,0.0
B05,1496.0,0.0
B05,1497.0,0.0
B05,1498.0,0.0
B05,1499.0,0.0
B05,1500.0,0.0
B05,1501.0,0.0
B05,1502.0,0.0
B05,1503.0,0.0
B05,1504.0,0.0
B05,1505.0,0.0
B05,1506.0,0.0
B05,1507.0,0.0
B05,1508.0,0.0
B05,1509.0,0.0
B05,1510.0,0.0
B05,1511.0,0.0
B05,1512.0,0.0
B05,1513.0,0.0
B05,1514.0,0.0
B05,1515.0,0.0
B05,1516.0,0.0
B05,1517.0,0.0
B05,1518.0,0.0
B05,1519.0,0.0
B05,1520.0,0.0
B05,1521.0,0.0
B05,1522.0,0.0
B05,1523.0,0.0
B05,1524.0,0.0
B05,1525.0,0.0
B05,1526.0,0.0
B05,1527.0,0.0
B05,1528.0,0.0
B05,1529.0,0.0
B05,1530.0,0.0
B05,1531.0,0.0
B05,1532.0,0.0
B05,1533.0,0.0
B05,1534.0,0.0
B05,1535.0,0.0
B05,1536.0,0.0
B05,1537.0,0.0
B05,1538.0,0.0
B05,1539.0,0.0
B05,1540.0,0.0
B05,1541.0,0.0
B05,1542.0,0.0
B05,1543.0,0.0
B05,1544.0,0.0
B05,1545.0,0.0
B05,1546.0,0.0
B05,1547.0,0.0
B05,1548.0,0.0
B05,1549.0,0.0
B05,1550.0,0.0
B05,1551.0,0.0
B05,1552.0,0.0
B05,1553.0,0.0
B05,1554.0,0.0
B05,1555.0,0.0
B05,1556.0,0.0
B05,1557.0,0.0
B05,1558.0,0.0
B05,1559.0,0.0
B05,1560.0,0.0
B05,1561.0,0.0
B05,1562.0,0.0
B05,1563.0,0.0
B05,1564.0,0.0
B05,1565.0,0.0
B05,1566.0,0.0
B05,1567.0,0.0
B05,1568.0,0.0
B05,1569.0,0.0
B05,1570.0,0.0
B05,1571.0,0.0
B05,1572.0,0.0
B05,1573.0,0.0
B05,1574.0,0.0
B05,1575.0,0.0
B05,1576.0,0.0
B05,1577.0,0.0
B05,1578.0,0.0
B05,1579.0,0.0
B05,1580.0,0.0
B05,1581.0,0.0
B05,1582.0,0.0
B05,1583.0,0.0
B05,1584.0,0.0
B05,1585.0,0.0
B05,1586.0,0.0
B05,1587.0,0.0
B05,1588.0,0.0
B05,1589.0,0.0
B05,1590.0,0.0
B05,1591.0,0.0
B05,1592.0,0.0
B05,1593.0,0.0
B05,1594.0,0.0
B05,1595.0,0.0
B05,1596.0,0.0
B05,1597.0,0.0
B05,1598.0,0.0
B05,1599.0,0.0
B05,1600.0,0.0
B05,1601.0,0.0
B05,1602.0,0.0
B05,1603.0,0.0
B05,1604.0,0.0
B05,1605.0,0.0
B05,1606.0,0.0
B05,1607.0,0.0
B05,1608.0,0.0
B05,1609.0,0.0
B05,1610.0,0.0
B05,1611.0,0.0
B05,1612.0,0.0
B05,1613.0,0.0
B05,1614.0,0.0
B05,1615.0,0.0
B05,1616.0,0.0
B05,1617.0,0.0
B05,1618.0,0.0
B05,1619.0,0.0
B05,1620.0,0.0
B05,1621.0,0.0
B05,1622.0,0.0
B05,1623.0,0.0
B05,1624.0,0.0
B05,1625.0,0.0
B05,1626.0,0.0
B05,1627.0,0.0
B05,1628.0,0.0
B05,1629.0,0.0
B05,1630.0,0.0
B05,1631.0,0.0
B05,1632.0,0.0
B05,1633.0,0.0
B05,1634.0,0.0
B05,1635.0,0.0
B05,1636.0,0.0
B05,1637.0,0.0
B05,1638.0,0.0
B05,1639.0,0.0
B05,1640.0,0.0
B05,1641.0,0.0
B05,1642.0,0.0
B05,1643.0,0.0
B05,1644.0,0.0
B05,1645.0,0.0
B05,1646.0,0.0
B05,1647.0,0.0
B05,1648.0,0.0
B05,1649.0,0.0
B05,1650.0,0.0
B05,1651.0,0.0
B05,1652.0,0.0
B05,1653.0,0.0
B05,1654.0,0.0
B05,1655.0,0.0
B05,1656.0,0.0
B05,1657.0,0.0
B05,1658.0,0.0
B05,1659.0,0.0
B05,1660.0,0.0
B05,1661.0,0.0
B05,1662.0,0.0
B05,1663.0,0.0
B05,1664.0,0.0
B05,1665.0,0.0
B05,1666.0,0.0
B05,1667.0,0.0
B05,1668.0,0.0
B05,1669.0,0.0
B05,1670.0,0.0
B05,1671.0,0.0
B05,1672.0,0.0
B05,1673.0,0.0
B05,1674.0,0.0
B05,1675.0,0.0
B05,1676.0,0.0
B05,1677.0,0.0
B05,1678.0,0.0
B05,1679.0,0.0
B05,1680.0,0.0
B05,1681.0,0.0
B05,1682.0,0.0
B05,1683.0,0.0
B05,1684.0,0.0
B05,1685.0,0.0
B05,1686.0,0.0
B05,1687.0,0.0
B05,1688.0,0.0
B05,1689.0,0.0
B05,1690.0,0.0
B05,1691.0,0.0
B05,1692.0,0.0
B05,1693.0,0.0
B05,1694.0,0.0
B05,1695.0,0.0
B05,1696.0,0.0
B05,1697.0,0.0
B05,1698.0,0.0
B05,1699.0,0.0
B05,1700.0,0.0
B05,1701.0,0.0
B05,1702.0,0.0
B05,1703.0,0.0
B05,1704.0,0.0
B05,1705.0,0.0
B05,1706.0,0.0
B05,1707.0,0.0
B05,1708.0,0.0
B05,1709.0,0.0
B05,1710.0,0.0
B05,1711.0,0.0
B05,1712.0,0.0
B05,1713.0,0.0
B05,1714.0,0.0
B05,1715.0,0.0
B05,1716.0,0.0
B05,1717.0,0.0
B05,1718.0,0.0
B05,1719.0,0.0
B05,1720.0,0.0
B05,1721.0,0.0
B05,1722.0,0.0
B05,1723.0,0.0
B05,1724.0,0.0
B05,1725.0,0.0
B05,1726.0,0.0
B05,1727.0,0.0
B05,1728.0,0.0
B05,1729.0,0.0
B05,1730.0,0.0
B05,1731.0,0.0
B05,1732.0,0.0
B05,1733.0,0.0
B05,1734.0,0.0
B05,1735.0,0.0
B05,1736.0,0.0
B05,1737.0,0.0
B05,1738.0,0.0
B05,1739.0,0.0
B05,1740.0,0.0
B05,1741.0,0.0
B05,1742.0,0.0
B05,1743.0,0.0
B05,1744.0,0.0
B05,1745.0,0.0
B05,1746.0,0.0
B05,1747.0,0.0
B05,1748.0,0.0
B05,1749.0,0.0
B05,1750.0,0.0
B05,1751.0,0.0
B05,1752.0,0.0
B05,1753.0,0.0
B05,1754.0,0.0
B05,1755.0,0.0
B05,1756.0,0.0
B05,1757.0,0.0
B05,1758.0,0.0
B05,1759.0,0.0
B05,1760.0,0.0
B05,1761.0,0.0
B05,1762.0,0.0
B05,1763.0,0.0
B05,1764.0,0.0
B05,1765.0,0.0
B05,1766.0,0.0
B05,1767.0,0.0
B05,1768.0,0.0
B05,1769.0,0.0
B05,1770.0,0.0
B05,1771.0,0.0
B05,1772.0,0.0
B05,1773.0,0.0
B05,1774.0,0.0
B05,1775.0,0.0
B05,1776.0,0.0
B05,1777.0,0.0
B05,1778.0,0.0
B05,1779.0,0.0
B05,1780.0,0.0
B05,1781.0,0.0
B05,1782.0,0.0
B05,1783.0,0.0
B05,1784.0,0.0
B05,1785.0,0.0
B05,1786.0,0.0
B05,1787.0,0.0
B05,1788.0,0.0
B05,1789.0,0.0
B05,1790.0,0.0
B05,1791.0,0.0
B05,1792.0,0.0
B05,1793.0,0.0
B05,1794.0,0.0
B05,1795.0,0.0
B05,1796.0,0.0
B05,1797.0,0.0
B05,1798.0,0.0
B05,1799.0,0.0
B05,1800.0,0.0
B05,1801.0,0.0
B05,1802.0,0.0
B05,1803.0,0.0
B05,1804.0,0.0
B05,1805.0,0.0
B05,1806.0,0.0
B05,1807.0,0.0
B05,1808.0,0.0
B05,1809.0,0.0
B05,1810.0,0.0
B05,1811.0,0.0
B05,1812.0,0.0
B05,1813.0,0.0
B05,1814.0,0.0
B05,1815.0,0.0
B05,1816.0,0.0
B05,1817.0,0.0
B05,1818.0,0.0
B05,1819.0,0.0
B05,1820.0,0.0
B05,1821.0,0.0
B05,1822.0,0.0
B05,1823.0,0.0
B05,1824.0,0.0
B05,1825.0,0.0
B05,1826.0,0.0
B05,1827.0,0.0
B05,1828.0,0.0
B05,1829.0,0.0
B05,1830.0,0.0
B05,1831.0,0.0
B05,1832.0,0.0
B05,1833.0,0.0
B05,1834.0,0.0
B05,1835.0,0.0
B05,1836.0,0.0
B05,1837.0,0.0
B05,1838.0,0.0
B05,1839.0,0.0
B05,1840.0,0.0
B05,1841.0,0.0
B05,1842.0,0.0
B05,1843.0,0.0
B05,1844.0,0.0
B05,1845.0,0.0
B05,1846.0,0.0
B05,1847.0,0.0
B05,1848.0,0.0
B05,1849.0,0.0
B05,1850.0,0.0
B05,1851.0,0.0
B05,1852.0,0.0
B05,1853.0,0.0
B05,1854.0,0.0
B05,1855.0,0.0
B05,1856.0,0.0
B05,1857.0,0.0
B05,1858.0,0.0
B05,1859.0,0.0
B05,1860.0,0.0
B05,1861.0,0.0
B05,1862.0,0.0
B05,1863.0,0.0
B05,1864.0,0.0
B05,1865.0,0.0
B05,1866.0,0.0
B05,1867.0,0.0
B05,1868.0,0.0
B05,1869.0,0.0
B05,1870.0,0.0
B05,1871.0,0.0
B05,1872.0,0.0
B05,1873.0,0.0
B05,1874.0,0.0
B05,1875.0,0.0
B05,1876.0,0.0
B05,1877.0,0.0
B05,1878.0,0.0
B05,1879.0,0.0
B05,1880.0,0.0
B05,1881.0,0.0
B05,1882.0,0.0
B05,1883.0,0.0
B05,1884.0,0.0
B05,1885.0,0.0
B05,1886.0,0.0
B05,1887.0,0.0
B05,1888.0,0.0
B05,1889.0,0.0
B05,1890.0,0.0
B05,1891.0,0.0
B05,1892.0,0.0
B05,1893.0,0.0
B05,1894.0,0.0
B05,1895.0,0.0
B05,1896.0,0.0
B05,1897.0,0.0
B05,1898.0,0.0
B05,1899.0,0.0
B05,1900.0,0.0
B05,1901.0,0.0
B05,1902.0,0.0
B05,1903.0,0.0
B05,1904.0,0.0
B05,1905.0,0.0
B05,1906.0,0.0
B05,1907.0,0.0
B05,1908.0,0.0
B05,1909.0,0.0
B05,1910.0,0.0
B05,1911.0,0.0
B05,1912.0,0.0
B05,1913.0,0.0
B05,1914.0,0.0
B05,1915.0,0.0
B05,1916.0,0.0
B05,1917.0,0.0
B05,1918.0,0.0
B05,1919.0,0.0
B05,1920.0,0.0
B05,1921.0,0.0
B05,1922.0,0.0
B05,1923.0,0.0
B05,1924.0,0.0
B05,1925.0,0.0
B05,1926.0,0.0
B05,1927.0,0.0
B05,1928.0,0.0
B05,1929.0,0.0
B05,1930.0,0.0
B05,1931.0,0.0
B05,1932.0,0.0
B05,1933.0,0.0
B05,1934.0,0.0
B05,1935.0,0.0
B05,1936.0,0.0
B05,1937.0,0.0
B05,1938.0,0.0
B05,1939.0,0.0
B05,1940.0,0.0
B05,1941.0,0.0
B05,1942.0,0.0
B05,1943.0,0.0
B05,1944.0,0.0
B05,1945.0,0.0
B05,1946.0,0.0
B05,1947.0,0.0
B05,1948.0,0.0
B05,1949.0,0.0
B05,1950.0,0.0
B05,1951.0,0.0
B05,1952.0,0.0
B05,1953.0,0.0
B05,1954.0,0.0
B05,1955.0,0.0
B05,1956.0,0.0
B05,1957.0,0.0
B05,1958.0,0.0
B05,1959.0,0.0
B05,1960.0,0.0
B05,1961.0,0.0
B05,1962.0,0.0
B05,1963.0,0.0
B05,1964.0,0.0
B05,1965.0,0.0
B05,1966.0,0.0
B05,1967.0,0.0
B05,1968.0,0.0
B05,1969.0,0.0
B05,1970.0,0.0
B05,1971.0,0.0
B05,1972.0,0.0
B05,1973.0,0.0
B05,1974.0,0.0
B05,1975.0,0.0
B05,1976.0,0.0
B05,1977.0,0.0
B05,1978.0,0.0
B05,1979.0,0.0
B05,1980.0,0.0
B05,1981.0,0.0
B05,1982.0,0.0
B05,1983.0,0.0
B05,1984.0,0.0
B05,1985.0,0.0
B05,1986.0,0.0
B05,1987.0,0.0
B05,1988.0,0.0
B05,1989.0,0.0
B05,1990.0,0.0
B05,1991.0,0.0
B05,1992.0,0.0
B05,1993.0,0.0
B05,1994.0,0.0
B05,1995.0,0.0
B05,1996.0,0.0
B05,1997.0,0.0
B05,1998.0,0.0
B05,1999.0,0.0
B05,2000.0,0.0
B05,2001.0,0.0
B05,2002.0,0.0
B05,2003.0,0.0
B05,2004.0,0.0
B05,2005.0,0.0
B05,2006.0,0.0
B05,2007.0,0.0
B05,2008.0,0.0
B05,2009.0,0.0
B05,2010.0,0.0
B05,2011.0,0.0
B05,2012.0,0.0
B05,2013.0,0.0
B05,2014.0,0.0
B05,2015.0,0.0
B05,2016.0,0.0
B05,2017.0,0.0
B05,2018.0,0.0
B05,2019.0,0.0
B05,2020.0,0.0
B05,2021.0,0.0
B05,2022.0,0.0
B05,2023.0,0.0
B05,2024.0,0.0
B05,2025.0,0.0
B05,2026.0,0.0
B05,2027.0,0.0
B05,2028.0,0.0
B05,2029.0,0.0
B05,2030.0,0.0
B05,2031.0,0.0
B05,2032.0,0.0
B05,2033.0,0.0
B05,2034.0,0.0
B05,2035.0,0.0
B05,2036.0,0.0
B05,2037.0,0.0
B05,2038.0,0.0
B05,2039.0,0.0
B05,2040.0,0.0
B05,2041.0,0.0
B05,2042.0,0.0
B05,2043.0,0.0
B05,2044.0,0.0
B05,2045.0,0.0
B05,2046.0,0.0
B05,2047.0,0.0
B05,2048.0,0.0
B05,2049.0,0.0
B05,2050.0,0.0
B05,2051.0,0.0
B05,2052.0,0.0
B05,2053.0,0.0
B05,2054.0,0.0
B05,2055.0,0.0
B05,2056.0,0.0
B05,2057.0,0.0
B05,2058.0,0.0
B05,2059.0,0.0
B05,2060.0,0.0
B05,2061.0,0.0
B05,2062.0,0.0
B05,2063.0,0.0
B05,2064.0,0.0
B05,2065.0,0.0
B05,2066.0,0.0
B05,2067.0,0.0
B05,2068.0,0.0
B05,2069.0,0.0
B05,2070.0,0.0
B05,2071.0,0.0
B05,2072.0,0.0
B05,2073.0,0.0
B05,2074.0,0.0
B05,2075.0,0.0
B05,2076.0,0.0
B05,2077.0,0.0
B05,2078.0,0.0
B05,2079.0,0.0
B05,2080.0,0.0
B05,2081.0,0.0
B05,2082.0,0.0
B05,2083.0,0.0
B05,2084.0,0.0
B05,2085.0,0.0
B05,2086.0,0.0
B05,2087.0,0.0
B05,2088.0,0.0
B05,2089.0,0.0
B05,2090.0,0.0
B05,2091.0,0.0
B05,2092.0,0.0
B05,2093.0,0.0
B05,2094.0,0.0
B05,2095.0,0.0
B05,2096.0,0.0
B05,2097.0,0.0
B05,2098.0,0.0
B05,2099.0,0.0
B05,2100.0,0.0
B05,2101.0,0.0
B05,2102.0,0.0
B05,2103.0,0.0
B05,2104.0,0.0
B05,2105.0,0.0
B05,2106.0,0.0
B05,2107.0,0.0
B05,2108.0,0.0
B05,2109.0,0.0
B05,2110.0,0.0
B05,2111.0,0.0
B05,2112.0,0.0
B05,2113.0,0.0
B05,2114.0,0.0
B05,2115.0,0.0
B05,2116.0,0.0
B05,2117.0,0.0
B05,2118.0,0.0
B05,2119.0,0.0
B05,2120.0,0.0
B05,2121.0,0.0
B05,2122.0,0.0
B05,2123.0,0.0
B05,2124.0,0.0
B05,2125.0,0.0
B05,2126.0,0.0
B05,2127.0,0.0
B05,2128.0,0.0
B05,2129.0,0.0
B05,2130.0,0.0
B05,2131.0,0.0
B05,2132.0,0.0
B05,2133.0,0.0
B05,2134.0,0.0
B05,2135.0,0.0
B05,2136.0,0.0
B05,2137.0,0.0
B05,2138.0,0.0
B05,2139.0,0.0
B05,2140.0,0.0
B05,2141.0,0.0
B05,2142.0,0.0
B05,2143.0,0.0
B05,2144.0,0.0
B05,2145.0,0.0
B05,2146.0,0.0
B05,2147.0,0.0
B05,2148.0,0.0
B05,2149.0,0.0
B05,2150.0,0.0
B05,2151.0,0.0
B05,2152.0,0.0
B05,2153.0,0.0
B05,2154.0,0.0
B05,2155.0,0.0
B05,2156.0,0.0
B05,2157.0,0.0
B05,2158.0,0.0
B05,2159.0,0.0
B05,2160.0,0.0
B05,2161.0,0.0
B05,2162.0,0.0
B05,2163.0,0.0
B05,2164.0,0.0
B05,2165.0,0.0
B05,2166.0,0.0
B05,2167.0,0.0
B05,2168.0,0.0
B05,2169.0,0.0
B05,2170.0,0.0
B05,2171.0,0.0
B05,2172.0,0.0
B05,2173.0,0.0
B05,2174.0,0.0
B05,2175.0,0.0
B05,2176.0,0.0
B05,2177.0,0.0
B05,2178.0,0.0
B05,2179.0,0.0
B05,2180.0,0.0
B05,2181.0,0.0
B05,2182.0,0.0
B05,2183.0,0.0
B05,2184.0,0.0
B05,2185.0,0.0
B05,2186.0,0.0
B05,2187.0,0.0
B05,2188.0,0.0
B05,2189.0,0.0
B05,2190.0,0.0
B05,2191.0,0.0
B05,2192.0,0.0
B05,2193.0,0.0
B05,2194.0,0.0
B05,2195.0,0.0
B05,2196.0,0.0
B05,2197.0,0.0
B05,2198.0,0.0
B05,2199.0,0.0
B05,2200.0,0.0
B05,2201.0,0.0
B05,2202.0,0.0
B05,2203.0,0.0
B05,2204.0,0.0
B05,2205.0,0.0
B05,2206.0,0.0
B05,2207.0,0.0
B05,2208.0,0.0
B05,2209.0,0.0
B05,2210.0,0.0
B05,2211.0,0.0
B05,2212.0,0.0
B05,2213.0,0.0
B05,2214.0,0.0
B05,2215.0,0.0
B05,2216.0,0.0
B05,2217.0,0.0
B05,2218.0,0.0
B05,2219.0,0.0
B05,2220.0,0.0
B05,2221.0,0.0
B05,2222.0,0.0
B05,2223.0,0.0
B05,2224.0,0.0
B05,2225.0,0.0
B05,2226.0,0.0
B05,2227.0,0.0
B05,2228.0,0.0
B05,2229.0,0.0
B05,2230.0,0.0
B05,2231.0,0.0
B05,2232.0,0.0
B05,2233.0,0.0
B05,2234.0,0.0
B05,2235.0,0.0
B05,2236.0,0.0
B05,2237.0,0.0
B05,2238.0,0.0
B05,2239.0,0.0
B05,2240.0,0.0
B05,2241.0,0.0
B05,2242.0,0.0
B05,2243.0,0.0
B05,2244.0,0.0
B05,2245.0,0.0
B05,2246.0,0.0
B05,2247.0,0.0
B05,2248.0,0.0
B05,2249.0,0.0
B05,2250.0,0.0
B05,2251.0,0.0
B05,2252.0,0.0
B05,2253.0,0.0
B05,2254.0,0.0
B05,2255.0,0.0
B05,2256.0,0.0
B05,2257.0,0.0
B05,2258.0,0.0
B05,2259.0,0.0
B05,2260.0,0.0
B05,2261.0,0.0
B05,2262.0,0.0
B05,2263.0,0.0
B05,2264.0,0.0
B05,2265.0,0.0
B05,2266.0,0.0
B05,2267.0,0.0
B05,2268.0,0.0
B05,2269.0,0.0
B05,2270.0,0.0
B05,2271.0,0.0
B05,2272.0,0.0
B05,2273.0,0.0
B05,2274.0,0.0
B05,2275.0,0.0
B05,2276.0,0.0
B05,2277.0,0.0
B05,2278.0,0.0
B05,2279.0,0.0
B05,2280.0,0.0
B05,2281.0,0.0
B05,2282.0,0.0
B05,2283.0,0.0
B05,2284.0,0.0
B05,2285.0,0.0
B05,2286.0,0.0
B05,2287.0,0.0
B05,2288.0,0.0
B05,2289.0,0.0
B05,2290.0,0.0
B05,2291.0,0.0
B05,2292.0,0.0
B05,2293.0,0.0
B05,2294.0,0.0
B05,2295.0,0.0
B05,2296.0,0.0
B05,2297.0,0.0
B05,2298.0,0.0
B05,2299.0,0.0
B05,2300.0,0.0
B05,2301.0,0.0
B05,2302.0,0.0
B05,2303.0,0.0
B05,2304.0,0.0
B05,2305.0,0.0
B05,2306.0,0.0
B05,2307.0,0.0
B05,2308.0,0.0
B05,2309.0,0.0
B05,2310.0,0.0
B05,2311.0,0.0
B05,2312.0,0.0
B05,2313.0,0.0
B05,2314.0,0.0
B05,2315.0,0.0
B05,2316.0,0.0
B05,2317.0,0.0
B05,2318.0,0.0
B05,2319.0,0.0
B05,2320.0,0.0
B05,2321.0,0.0
B05,2322.0,0.0
B05,2323.0,0.0
B05,2324.0,0.0
B05,2325.0,0.0
B05,2326.0,0.0
B05,2327.0,0.0
B05,2328.0,0.0
B05,2329.0,0.0
B05,2330.0,0.0
B05,2331.0,0.0
B05,2332.0,0.0
B05,2333.0,0.0
B05,2334.0,0.0
B05,2335.0,0.0
B05,2336.0,0.0
B05,2337.0,0.0
B05,2338.0,0.0
B05,2339.0,0.0
B05,2340.0,0.0
B05,2341.0,0.0
B05,2342.0,0.0
B05,2343.0,0.0
B05,2344.0,0.0
B05,2345.0,0.0
B05,2346.0,0.0
B05,2347.0,0.0
B05,2348.0,0.0
B05,2349.0,0.0
B05,2350.0,0.0
B05,2351.0,0.0
B05,2352.0,0.0
B05,2353.0,0.0
B05,2354.0,0.0
B05,2355.0,0.0
B05,2356.0,0.0
B05,2357.0,0.0
B05,2358.0,0.0
B05,2359.0,0.0
B05,2360.0,0.0
B05,2361.0,0.0
B05,2362.0,0.0
B05,2363.0,0.0
B05,2364.0,0.0
B05,2365.0,0.0
B05,2366.0,0.0
B05,2367.0,0.0
B05,2368.0,0.0
B05,2369.0,0.0
B05,2370.0,0.0
B05,2371.0,0.0
B05,2372.0,0.0
B05,2373.0,0.0
B05,2374.0,0.0
B05,2375.0,0.0
B05,2376.0,0.0
B05,2377.0,0.0
B05,2378.0,0.0
B05,2379.0,0.0
B05,2380.0,0.0
B05,2381.0,0.0
B05,2382.0,0.0
B05,2383.0,0.0
B05,2384.0,0.0
B05,2385.0,0.0
B05,2386.0,0.0
B05,2387.0,0.0
B05,2388.0,0.0
B05,2389.0,0.0
B05,2390.0,0.0
B05,2391.0,0.0
B05,2392.0,0.0
B05,2393.0,0.0
B05,2394.0,0.0
B05,2395.0,0.0
B05,2396.0,0.0
B05,2397.0,0.0
B05,2398.0,0.0
B05,2399.0,0.0
B05,2400.0,0.0
B05,2401.0,0.0
B05,2402.0,0.0
B05,2403.0,0.0
B05,2404.0,0.0
B05,2405.0,0.0
B05,2406.0,0.0
B05,2407.0,0.0
B05,2408.0,0.0
B05,2409.0,0.0
B05,2410.0,0.0
B05,2411.0,0.0
B05,2412.0,0.0
B05,2413.0,0.0
B05,2414.0,0.0
B05,2415.0,0.0
B05,2416.0,0.0
B05,2417.0,0.0
B05,2418.0,0.0
B05,2419.0,0.0
B05,2420.0,0.0
B05,2421.0,0.0
B05,2422.0,0.0
B05,2423.0,0.0
B05,2424.0,0.0
B05,2425.0,0.0
B05,2426.0,0.0
B05,2427.0,0.0
B05,2428.0,0.0
B05,2429.0,0.0
B05,2430.0,0.0
B05,2431.0,0.0
B05,2432.0,0.0
B05,2433.0,0.0
B05,2434.0,0.0
B05,2435.0,0.0
B05,2436.0,0.0
B05,2437.0,0.0
B05,2438.0,0.0
B05,2439.0,0.0
B05,2440.0,0.0
B05,2441.0,0.0
B05,2442.0,0.0
B05,2443.0,0.0
B05,2444.0,0.0
B05,2445.0,0.0
B05,2446.0,0.0
B05,2447.0,0.0
B05,2448.0,0.0
B05,2449.0,0.0
B05,2450.0,0.0
B05,2451.0,0.0
B05,2452.0,0.0
B05,2453.0,0.0
B05,2454.0,0.0
B05,2455.0,0.0
B05,2456.0,0.0
B05,2457.0,0.0
B05,2458.0,0.0
B05,2459.0,0.0
B05,2460.0,0.0
B05,2461.0,0.0
B05,2462.0,0.0
B05,2463.0,0.0
B05,2464.0,0.0
B05,2465.0,0.0
B05,2466.0,0.0
B05,2467.0,0.0
B05,2468.0,0.0
B05,2469.0,0.0
B05,2470.0,0.0
B05,2471.0,0.0
B05,2472.0,0.0
B05,2473.0,0.0
B05,2474.0,0.0
B05,2475.0,0.0
B05,2476.0,0.0
B05,2477.0,0.0
B05,2478.0,0.0
B05,2479.0,0.0
B05,2480.0,0.0
B05,2481.0,0.0
B05,2482.0,0.0
B05,2483.0,0.0
B05,2484.0,0.0
B05,2485.0,0.0
B05,2486.0,0.0
B05,2487.0,0.0
B05,2488.0,0.0
B05,2489.0,0.0
B05,2490.0,0.0
B05,2491.0,0.0
B05,2492.0,0.0
B05,2493.0,0.0
B05,2494.0,0.0
B05,2495.0,0.0
B05,2496.0,0.0
B05,2497.0,0.0
B05,2498.0,0.0
B05,2499.0,0.0
B05,2500.0,0.0
B05,2501.0,0.0
B05,2502.0,0.0
B05,2503.0,0.0
B05,2504.0,0.0
B05,2505.0,0.0
B05,2506.0,0.0
B05,2507.0,0.0
B05,2508.0,0.0
B05,2509.0,0.0
B05,2510.0,0.0
B05,2511.0,0.0
B05,2512.0,0.0
B05,2513.0,0.0
B05,2514.0,0.0
B05,2515.0,0.0
B05,2516.0,0.0
B05,2517.0,0.0
B05,2518.0,0.0
B05,2519.0,0.0
B05,2520.0,0.0
B05,2521.0,0.0
B05,2522.0,0.0
B05,2523.0,0.0
B05,2524.0,0.0
B05,2525.0,0.0
B05,2526.0,0.0
B05,2527.0,0.0
B05,2528.0,0.0
B05,2529.0,0.0
B05,2530.0,0.0
B05,2531.0,0.0
B05,2532.0,0.0
B05,2533.0,0.0
B05,2534.0,0.0
B05,2535.0,0.0
B05,2536.0,0.0
B05,2537.0,0.0
B05,2538.0,0.0
B05,2539.0,0.0
B05,2540.0,0.0
B05,2541.0,0.0
B05,2542.0,0.0
B05,2543.0,0.0
B05,2544.0,0.0
B05,2545.0,0.0
B05,2546.0,0.0
B05,2547.0,0.0
B05,2548.0,0.0
B05,2549.0,0.0
B05,2550.0,0.0
B05,2551.0,0.0
B05,2552.0,0.0
B05,2553.0,0.0
B05,2554.0,0.0
B05,2555.0,0.0
B05,2556.0,0.0
B05,2557.0,0.0
B05,2558.0,0.0
B05,2559.0,0.0
B05,2560.0,0.0
B05,2561.0,0.0
B05,2562.0,0.0
B05,2563.0,0.0
B05,2564.0,0.0
B05,2565.0,0.0
B05,2566.0,0.0
B05,2567.0,0.0
B05,2568.0,0.0
B05,2569.0,0.0
B05,2570.0,0.0
B05,2571.0,0.0
B05,2572.0,0.0
B05,2573.0,0.0
B05,2574.0,0.0
B05,2575.0,0.0
B05,2576.0,0.0
B05,2577.0,0.0
B05,2578.0,0.0
B05,2579.0,0.0
B05,2580.0,0.0
B05,2581.0,0.0
B05,2582.0,0.0
B05,2583.0,0.0
B05,2584.0,0.0
B05,2585.0,0.0
B05,2586.0,0.0
B05,2587.0,0.0
B05,2588.0,0.0
B05,2589.0,0.0
B05,2590.0,0.0
B05,2591.0,0.0
B05,2592.0,0.0
B05,2593.0,0.0
B05,2594.0,0.0
B05,2595.0,0.0
B05,2596.0,0.0
B05,2597.0,0.0
B05,2598.0,0.0
B05,2599.0,0.0
B05,2600.0,0.0
B06,300.0,0.0
B06,301.0,0.0
B06,302.0,0.0
B06,303.0,0.0
B06,304.0,0.0
B06,305.0,0.0
B06,306.0,0.0
B06,307.0,0.0
B06,308.0,0.0
B06,309.0,0.0
B06,310.0,0.0
B06,311.0,0.0
B06,312.0,0.0
B06,313.0,0.0
B06,314.0,0.0
B06,315.0,0.0
B06,316.0,0.0
B06,317.0,0.0
B06,318.0,0.0
B06,319.0,0.0
B06,320.0,0.0
B06,321.0,0.0
B06,322.0,0.0
B06,323.0,0.0
B06,324.0,0.0
B06,325.0,0.0
B06,326.0,0.0
B06,327.0,0.0
B06,328.0,0.0
B06,329.0,0.0
B06,330.0,0.0
B06,331.0,0.0
B06,332.0,0.0
B06,333.0,0.0
B06,334.0,0.0
B06,335.0,0.0
B06,336.0,0.0
B06,337.0,0.0
B06,338.0,0.0
B06,339.0,0.0
B06,340.0,0.0
B06,341.0,0.0
B06,342.0,0.0
B06,343.0,0.0
B06,344.0,0.0
B06,345.0,0.0
B06,346.0,0.0
B06,347.0,0.0
B06,348.0,0.0
B06,349.0,0.0
B06,350.0,0.0
B06,351.0,0.0
B06,352.0,0.0
B06,353.0,0.0
B06,354.0,0.0
B06,355.0,0.0
B06,356.0,0.0
B06,357.0,0.0
B06,358.0,0.0
B06,359.0,0.0
B06,360.0,0.0
B06,361.0,0.0
B06,362.0,0.0
B06,363.0,0.0
B06,364.0,0.0
B06,365.0,0.0
B06,366.0,0.0
B06,367.0,0.0
B06,368.0,0.0
B06,369.0,0.0
B06,370.0,0.0
B06,371.0,0.0
B06,372.0,0.0
B06,373.0,0.0
B06,374.0,0.0
B06,375.0,0.0
B06,376.0,0.0
B06,377.0,0.0
B06,378.0,0.0
B06,379.0,0.0
B06,380.0,0.0
B06,381.0,0.0
B06,382.0,0.0
B06,383.0,0.0
B06,384.0,0.0
B06,385.0,0.0
B06,386.0,0.0
B06,387.0,0.0
B06,388.0,0.0
B06,389.0,0.0
B06,390.0,0.0
B06,391.0,0.0
B06,392.0,0.0
B06,393.0,0.0
B06,394.0,0.0
B06,395.0,0.0
B06,396.0,0.0
B06,397.0,0.0
B06,398.0,0.0
B06,399.0,0.0
B06,400.0,0.0
B06,401.0,0.0
B06,402.0,0.0
B06,403.0,0.0
B06,404.0,0.0
B06,405.0,0.0
B06,406.0,0.0
B06,407.0,0.0
B06,408.0,0.0
B06,409.0,0.0
B06,410.0,0.0
B06,411.0,0.0
B06,412.0,0.0
B06,413.0,0.0
B06,414.0,0.0
B06,415.0,0.0
B06,416.0,0.0
B06,417.0,0.0
B06,418.0,0.0
B06,419.0,0.0
B06,420.0,0.0
B06,421.0,0.0
B06,422.0,0.0
B06,423.0,0.0
B06,424.0,0.0
B06,425.0,0.0
B06,426.0,0.0
B06,427.0,0.0
B06,428.0,0.0
B06,429.0,0.0
B06,430.0,0.0
B06,431.0,0.0
B06,432.0,0.0
B06,433.0,0.0
B06,434.0,0.0
B06,435.0,0.0
B06,436.0,0.0
B06,437.0,0.0
B06,438.0,0.0
B06,439.0,0.0
B06,440.0,0.0
B06,441.0,0.0
B06,442.0,0.0
B06,443.0,0.0
B06,444.0,0.0
B06,445.0,0.0
B06,446.0,0.0
B06,447.0,0.0
B06,448.0,0.0
B06,449.0,0.0
B06,450.0,0.0
B06,451.0,0.0
B06,452.0,0.0
B06,453.0,0.0
B06,454.0,0.0
B06,455.0,0.0
B06,456.0,0.0
B06,457.0,0.0
B06,458.0,0.0
B06,459.0,0.0
B06,460.0,0.0
B06,461.0,0.0
B06,462.0,0.0
B06,463.0,0.0
B06,464.0,0.0
B06,465.0,0.0
B06,466.0,0.0
B06,467.0,0.0
B06,468.0,0.0
B06,469.0,0.0
B06,470.0,0.0
B06,471.0,0.0
B06,472.0,0.0
B06,473.0,0.0
B06,474.0,0.0
B06,475.0,0.0
B06,476.0,0.0
B06,477.0,0.0
B06,478.0,0.0
B06,479.0,0.0
B06,480.0,0.0
B06,481.0,0.0
B06,482.0,0.0
B06,483.0,0.0
B06,484.0,0.0
B06,485.0,0.0
B06,486.0,0.0
B06,487.0,0.0
B06,488.0,0.0
B06,489.0,0.0
B06,490.0,0.0
B06,491.0,0.0
B06,492.0,0.0
B06,493.0,0.0
B06,494.0,0.0
B06,495.0,0.0
B06,496.0,0.0
B06,497.0,0.0
B06,498.0,0.0
B06,499.0,0.0
B06,500.0,0.0
B06,501.0,0.0
B06,502.0,0.0
B06,503.0,0.0
B06,504.0,0.0
B06,505.0,0.0
B06,506.0,0.0
B06,507.0,0.0
B06,508.0,0.0
B06,509.0,0.0
B06,510.0,0.0
B06,511.0,0.0
B06,512.0,0.0
B06,513.0,0.0
B06,514.0,0.0
B06,515.0,0.0
B06,516.0,0.0
B06,517.0,0.0
B06,518.0,0.0
B06,519.0,0.0
B06,520.0,0.0
B06,521.0,0.0
B06,522.0,0.0
B06,523.0,0.0
B06,524.0,0.0
B06,525.0,0.0
B06,526.0,0.0
B06,527.0,0.0
B06,528.0,0.0
B06,529.0,0.0
B06,530.0,0.0
B06,531.0,0.0
B06,532.0,0.0
B06,533.0,0.0
B06,534.0,0.0
B06,535.0,0.0
B06,536.0,0.0
B06,537.0,0.0
B06,538.0,0.0
B06,539.0,0.0
B06,540.0,0.0
B06,541.0,0.0
B06,542.0,0.0
B06,543.0,0.0
B06,544.0,0.0
B06,545.0,0.0
B06,546.0,0.0
B06,547.0,0.0
B06,548.0,0.0
B06,549.0,0.0
B06,550.0,0.0
B06,551.0,0.0
B06,552.0,0.0
B06,553.0,0.0
B06,554.0,0.0
B06,555.0,0.0
B06,556.0,0.0
B06,557.0,0.0
B06,558.0,0.0
B06,559.0,0.0
B06,560.0,0.0
B06,561.0,0.0
B06,562.0,0.0
B06,563.0,0.0
B06,564.0,0.0
B06,565.0,0.0
B06,566.0,0.0
B06,567.0,0.0
B06,568.0,0.0
B06,569.0,0.0
B06,570.0,0.0
B06,571.0,0.0
B06,572.0,0.0
B06,573.0,0.0
B06,574.0,0.0
B06,575.0,0.0
B06,576.0,0.0
B06,577.0,0.0
B06,578.0,0.0
B06,579.0,0.0
B06,580.0,0.0
B06,581.0,0.0
B06,582.0,0.0
B06,583.0,0.0
B06,584.0,0.0
B06,585.0,0.0
B06,586.0,0.0
B06,587.0,0.0
B06,588.0,0.0
B06,589.0,0.0
B06,590.0,0.0
B06,591.0,0.0
B06,592.0,0.0
B06,593.0,0.0
B06,594.0,0.0
B06,595.0,0.0
B06,596.0,0.0
B06,597.0,0.0
B06,598.0,0.0
B06,599.0,0.0
B06,600.0,0.0
B06,601.0,0.0
B06,602.0,0.0
B06,603.0,0.0
B06,604.0,0.0
B06,605.0,0.0
B06,606.0,0.0
B06,607.0,0.0
B06,608.0,0.0
B06,609.0,0.0
B06,610.0,0.0
B06,611.0,0.0
B06,612.0,0.0
B06,613.0,0.0
B06,614.0,0.0
B06,615.0,0.0
B06,616.0,0.0
B06,617.0,0.0
B06,618.0,0.0
B06,619.0,0.0
B06,620.0,0.0
B06,621.0,0.0
B06,622.0,0.0
B06,623.0,0.0
B06,624.0,0.0
B06,625.0,0.0
B06,626.0,0.0
B06,627.0,0.0
B06,628.0,0.0
B06,629.0,0.0
B06,630.0,0.0
B06,631.0,0.0
B06,632.0,0.0
B06,633.0,0.0
B06,634.0,0.0
B06,635.0,0.0
B06,636.0,0.0
B06,637.0,0.0
B06,638.0,0.0
B06,639.0,0.0
B06,640.0,0.0
B06,641.0,0.0
B06,642.0,0.0
B06,643.0,0.0
B06,644.0,0.0
B06,645.0,0.0
B06,646.0,0.0
B06,647.0,0.0
B06,648.0,0.0
B06,649.0,0.0
B06,650.0,0.0
B06,651.0,0.0
B06,652.0,0.0
B06,653.0,0.0
B06,654.0,0.0
B06,655.0,0.0
B06,656.0,0.0
B06,657.0,0.0
B06,658.0,0.0
B06,659.0,0.0
B06,660.0,0.0
B06,661.0,0.0
B06,662.0,0.0
B06,663.0,0.0
B06,664.0,0.0
B06,665.0,0.0
B06,666.0,0.0
B06,667.0,0.0
B06,668.0,0.0
B06,669.0,0.0
B06,670.0,0.0
B06,671.0,0.0
B06,672.0,0.0
B06,673.0,0.0
B06,674.0,0.0
B06,675.0,0.0
B06,676.0,0.0
B06,677.0,0.0
B06,678.0,0.0
B06,679.0,0.0
B06,680.0,0.0
B06,681.0,0.0
B06,682.0,0.0
B06,683.0,0.0
B06,684.0,0.0
B06,685.0,0.0
B06,686.0,0.0
B06,687.0,0.0
B06,688.0,0.0
B06,689.0,0.0
B06,690.0,0.0
B06,691.0,0.0
B06,692.0,0.0
B06,693.0,0.0
B06,694.0,0.0
B06,695.0,0.0
B06,696.0,0.0
B06,697.0,0.0
B06,698.0,0.0
B06,699.0,0.0
B06,700.0,0.0
B06,701.0,0.0
B06,702.0,0.0
B06,703.0,0.0
B06,704.0,0.0
B06,705.0,0.0
B06,706.0,0.0
B06,707.0,0.0
B06,708.0,0.0
B06,709.0,0.0
B06,710.0,0.0
B06,711.0,0.0
B06,712.0,0.0
B06,713.0,0.0
B06,714.0,0.0
B06,715.0,0.0
B06,716.0,0.0
B06,717.0,0.0
B06,718.0,0.0
B06,719.0,0.0
B06,720.0,0.0
B06,721.0,0.0
B06,722.0,0.0
B06,723.0,0.0
B06,724.0,0.0
B06,725.0,0.0
B06,726.0,0.0
B06,727.0,0.0
B06,728.0,0.0
B06,729.0,0.0
B06,730.0,0.01739744
B06,731.0,0.10565746
B06,732.0,0.38571484
B06,733.0,0.78168196
B06,734.0,0.90518378
B06,735.0,0.91562509
B06,736.0,0.92258804
B06,737.0,0.93134141
B06,738.0,0.9469604
B06,739.0,0.96535098
B06,740.0,0.97817455
B06,741.0,0.99107716
B06,742.0,0.99990615
B06,743.0,1.0
B06,744.0,0.97144118
B06,745.0,0.81937503
B06,746.0,0.46748011
B06,747.0,0.09409351
B06,748.0,0.00983236
B06,749.0,0.0
B06,750.0,0.0
B06,751.0,0.0
B06,752.0,0.0
B06,753.0,0.0
B06,754.0,0.0
B06,755.0,0.0
B06,756.0,0.0
B06,757.0,0.0
B06,758.0,0.0
B06,759.0,0.0
B06,760.0,0.0
B06,761.0,0.0
B06,762.0,0.0
B06,763.0,0.0
B06,764.0,0.0
B06,765.0,0.0
B06,766.0,0.0
B06,767.0,0.0
B06,768.0,0.0
B06,769.0,0.0
B06,770.0,0.0
B06,771.0,0.0
B06,772.0,0.0
B06,773.0,0.0
B06,774.0,0.0
B06,775.0,0.0
B06,776.0,0.0
B06,777.0,0.0
B06,778.0,0.0
B06,779.0,0.0
B06,780.0,0.0
B06,781.0,0.0
B06,782.0,0.0
B06,783.0,0.0
B06,784.0,0.0
B06,785.0,0.0
B06,786.0,0.0
B06,787.0,0.0
B06,788.0,0.0
B06,789.0,0.0
B06,790.0,0.0
B06,791.0,0.0
B06,792.0,0.0
B06,793.0,0.0
B06,794.0,0.0
B06,795.0,0.0
B06,796.0,0.0
B06,797.0,0.0
B06,798.0,0.0
B06,799.0,0.0
B06,800.0,0.0
B06,801.0,0.0
B06,802.0,0.0
B06,803.0,0.0
B06,804.0,0.0
B06,805.0,0.0
B06,806.0,0.0
B06,807.0,0.0
B06,808.0,0.0
B06,809.0,0.0
B06,810.0,0.0
B06,811.0,0.0
B06,812.0,0.0
B06,813.0,0.0
B06,814.0,0.0
B06,815.0,0.0
B06,816.0,0.0
B06,817.0,0.0
B06,818.0,0.0
B06,819.0,0.0
B06,820.0,0.0
B06,821.0,0.0
B06,822.0,0.0
B06,823.0,0.0
B06,824.0,0.0
B06,825.0,0.0
B06,826.0,0.0
B06,827.0,0.0
B06,828.0,0.0
B06,829.0,0.0
B06,830.0,0.0
B06,831.0,0.0
B06,832.0,0.0
B06,833.0,0.0
B06,834.0,0.0
B06,835.0,0.0
B06,836.0,0.0
B06,837.0,0.0
B06,838.0,0.0
B06,839.0,0.0
B06,840.0,0.0
B06,841.0,0.0
B06,842.0,0.0
B06,843.0,0.0
B06,844.0,0.0
B06,845.0,0.0
B06,846.0,0.0
B06,847.0,0.0
B06,848.0,0.0
B06,849.0,0.0
B06,850.0,0.0
B06,851.0,0.0
B06,852.0,0.0
B06,853.0,0.0
B06,854.0,0.0
B06,855.0,0.0
B06,856.0,0.0
B06,857.0,0.0
B06,858.0,0.0
B06,859.0,0.0
B06,860.0,0.0
B06,861.0,0.0
B06,862.0,0.0
B06,863.0,0.0
B06,864.0,0.0
B06,865.0,0.0
B06,866.0,0.0
B06,867.0,0.0
B06,868.0,0.0
B06,869.0,0.0
B06,870.0,0.0
B06,871.0,0.0
B06,872.0,0.0
B06,873.0,0.0
B06,874.0,0.0
B06,875.0,0.0
B06,876.0,0.0
B06,877.0,0.0
B06,878.0,0.0
B06,879.0,0.0
B06,880.0,0.0
B06,881.0,0.0
B06,882.0,0.0
B06,883.0,0.0
B06,884.0,0.0
B06,885.0,0.0
B06,886.0,0.0
B06,887.0,0.0
B06,888.0,0.0
B06,889.0,0.0
B06,890.0,0.0
B06,891.0,0.0
B06,892.0,0.0
B06,893.0,0.0
B06,894.0,0.0
B06,895.0,0.0
B06,896.0,0.0
B06,897.0,0.0
B06,898.0,0.0
B06,899.0,0.0
B06,900.0,0.0
B06,901.0,0.0
B06,902.0,0.0
B06,903.0,0.0
B06,904.0,0.0
B06,905.0,0.0
B06,906.0,0.0
B06,907.0,0.0
B06,908.0,0.0
B06,909.0,0.0
B06,910.0,0.0
B06,911.0,0.0
B06,912.0,0.0
B06,913.0,0.0
B06,914.0,0.0
B06,915.0,0.0
B06,916.0,0.0
B06,917.0,0.0
B06,918.0,0.0
B06,919.0,0.0
B06,920.0,0.0
B06,921.0,0.0
B06,922.0,0.0
B06,923.0,0.0
B06,924.0,0.0
B06,925.0,0.0
B06,926.0,0.0
B06,927.0,0.0
B06,928.0,0.0
B06,929.0,0.0
B06,930.0,0.0
B06,931.0,0.0
B06,932.0,0.0
B06,933.0,0.0
B06,934.0,0.0
B06,935.0,0.0
B06,936.0,0.0
B06,937.0,0.0
B06,938.0,0.0
B06,939.0,0.0
B06,940.0,0.0
B06,941.0,0.0
B06,942.0,0.0
B06,943.0,0.0
B06,944.0,0.0
B06,945.0,0.0
B06,946.0,0.0
B06,947.0,0.0
B06,948.0,0.0
B06,949.0,0.0
B06,950.0,0.0
B06,951.0,0.0
B06,952.0,0.0
B06,953.0,0.0
B06,954.0,0.0
B06,955.0,0.0
B06,956.0,0.0
B06,957.0,0.0
B06,958.0,0.0
B06,959.0,0.0
B06,960.0,0.0
B06,961.0,0.0
B06,962.0,0.0
B06,963.0,0.0
B06,964.0,0.0
B06,965.0,0.0
B06,966.0,0.0
B06,967.0,0.0
B06,968.0,0.0
B06,969.0,0.0
B06,970.0,0.0
B06,971.0,0.0
B06,972.0,0.0
B06,973.0,0.0
B06,974.0,0.0
B06,975.0,0.0
B06,976.0,0.0
B06,977.0,0.0
B06,978.0,0.0
B06,979.0,0.0
B06,980.0,0.0
B06,981.0,0.0
B06,982.0,0.0
B06,983.0,0.0
B06,984.0,0.0
B06,985.0,0.0
B06,986.0,0.0
B06,987.0,0.0
B06,988.0,0.0
B06,989.0,0.0
B06,990.0,0.0
B06,991.0,0.0
B06,992.0,0.0
B06,993.0,0.0
B06,994.0,0.0
B06,995.0,0.0
B06,996.0,0.0
B06,997.0,0.0
B06,998.0,0.0
B06,999.0,0.0
B06,1000.0,0.0
B06,1001.0,0.0
B06,1002.0,0.0
B06,1003.0,0.0
B06,1004.0,0.0
B06,1005.0,0.0
B06,1006.0,0.0
B06,1007.0,0.0
B06,1008.0,0.0
B06,1009.0,0.0
B06,1010.0,0.0
B06,1011.0,0.0
B06,1012.0,0.0
B06,1013.0,0.0
B06,1014.0,0.0
B06,1015.0,0.0
B06,1016.0,0.0
B06,1017.0,0.0
B06,1018.0,0.0
B06,1019.0,0.0
B06,1020.0,0.0
B06,1021.0,0.0
B06,1022.0,0.0
B06,1023.0,0.0
B06,1024.0,0.0
B06,1025.0,0.0
B06,1026.0,0.0
B06,1027.0,0.0
B06,1028.0,0.0
B06,1029.0,0.0
B06,1030.0,0.0
B06,1031.0,0.0
B06,1032.0,0.0
B06,1033.0,0.0
B06,1034.0,0.0
B06,1035.0,0.0
B06,1036.0,0.0
B06,1037.0,0.0
B06,1038.0,0.0
B06,1039.0,0.0
B06,1040.0,0.0
B06,1041.0,0.0
B06,1042.0,0.0
B06,1043.0,0.0
B06,1044.0,0.0
B06,1045.0,0.0
B06,1046.0,0.0
B06,1047.0,0.0
B06,1048.0,0.0
B06,1049.0,0.0
B06,1050.0,0.0
B06,1051.0,0.0
B06,1052.0,0.0
B06,1053.0,0.0
B06,1054.0,0.0
B06,1055.0,0.0
B06,1056.0,0.0
B06,1057.0,0.0
B06,1058.0,0.0
B06,1059.0,0.0
B06,1060.0,0.0
B06,1061.0,0.0
B06,1062.0,0.0
B06,1063.0,0.0
B06,1064.0,0.0
B06,1065.0,0.0
B06,1066.0,0.0
B06,1067.0,0.0
B06,1068.0,0.0
B06,1069.0,0.0
B06,1070.0,0.0
B06,1071.0,0.0
B06,1072.0,0.0
B06,1073.0,0.0
B06,1074.0,0.0
B06,1075.0,0.0
B06,1076.0,0.0
B06,1077.0,0.0
B06,1078.0,0.0
B06,1079.0,0.0
B06,1080.0,0.0
B06,1081.0,0.0
B06,1082.0,0.0
B06,1083.0,0.0
B06,1084.0,0.0
B06,1085.0,0.0
B06,1086.0,0.0
B06,1087.0,0.0
B06,1088.0,0.0
B06,1089.0,0.0
B06,1090.0,0.0
B06,1091.0,0.0
B06,1092.0,0.0
B06,1093.0,0.0
B06,1094.0,0.0
B06,1095.0,0.0
B06,1096.0,0.0
B06,1097.0,0.0
B06,1098.0,0.0
B06,1099.0,0.0
B06,1100.0,0.0
B06,1101.0,0.0
B06,1102.0,0.0
B06,1103.0,0.0
B06,1104.0,0.0
B06,1105.0,0.0
B06,1106.0,0.0
B06,1107.0,0.0
B06,1108.0,0.0
B06,1109.0,0.0
B06,1110.0,0.0
B06,1111.0,0.0
B06,1112.0,0.0
B06,1113.0,0.0
B06,1114.0,0.0
B06,1115.0,0.0
B06,1116.0,0.0
B06,1117.0,0.0
B06,1118.0,0.0
B06,1119.0,0.0
B06,1120.0,0.0
B06,1121.0,0.0
B06,1122.0,0.0
B06,1123.0,0.0
B06,1124.0,0.0
B06,1125.0,0.0
B06,1126.0,0.0
B06,1127.0,0.0
B06,1128.0,0.0
B06,1129.0,0.0
B06,1130.0,0.0
B06,1131.0,0.0
B06,1132.0,0.0
B06,1133.0,0.0
B06,1134.0,0.0
B06,1135.0,0.0
B06,1136.0,0.0
B06,1137.0,0.0
B06,1138.0,0.0
B06,1139.0,0.0
B06,1140.0,0.0
B06,1141.0,0.0
B06,1142.0,0.0
B06,1143.0,0.0
B06,1144.0,0.0
B06,1145.0,0.0
B06,1146.0,0.0
B06,1147.0,0.0
B06,1148.0,0.0
B06,1149.0,0.0
B06,1150.0,0.0
B06,1151.0,0.0
B06,1152.0,0.0
B06,1153.0,0.0
B06,1154.0,0.0
B06,1155.0,0.0
B06,1156.0,0.0
B06,1157.0,0.0
B06,1158.0,0.0
B06,1159.0,0.0
B06,1160.0,0.0
B06,1161.0,0.0
B06,1162.0,0.0
B06,1163.0,0.0
B06,1164.0,0.0
B06,1165.0,0.0
B06,1166.0,0.0
B06,1167.0,0.0
B06,1168.0,0.0
B06,1169.0,0.0
B06,1170.0,0.0
B06,1171.0,0.0
B06,1172.0,0.0
B06,1173.0,0.0
B06,1174.0,0.0
B06,1175.0,0.0
B06,1176.0,0.0
B06,1177.0,0.0
B06,1178.0,0.0
B06,1179.0,0.0
B06,1180.0,0.0
B06,1181.0,0.0
B06,1182.0,0.0
B06,1183.0,0.0
B06,1184.0,0.0
B06,1185.0,0.0
B06,1186.0,0.0
B06,1187.0,0.0
B06,1188.0,0.0
B06,1189.0,0.0
B06,1190.0,0.0
B06,1191.0,0.0
B06,1192.0,0.0
B06,1193.0,0.0
B06,1194.0,0.0
B06,1195.0,0.0
B06,1196.0,0.0
B06,1197.0,0.0
B06,1198.0,0.0
B06,1199.0,0.0
B06,1200.0,0.0
B06,1201.0,0.0
B06,1202.0,0.0
B06,1203.0,0.0
B06,1204.0,0.0
B06,1205.0,0.0
B06,1206.0,0.0
B06,1207.0,0.0
B06,1208.0,0.0
B06,1209.0,0.0
B06,1210.0,0.0
B06,1211.0,0.0
B06,1212.0,0.0
B06,1213.0,0.0
B06,1214.0,0.0
B06,1215.0,0.0
B06,1216.0,0.0
B06,1217.0,0.0
B06,1218.0,0.0
B06,1219.0,0.0
B06,1220.0,0.0
B06,1221.0,0.0
B06,1222.0,0.0
B06,1223.0,0.0
B06,1224.0,0.0
B06,1225.0,0.0
B06,1226.0,0.0
B06,1227.0,0.0
B06,1228.0,0.0
B06,1229.0,0.0
B06,1230.0,0.0
B06,1231.0,0.0
B06,1232.0,0.0
B06,1233.0,0.0
B06,1234.0,0.0
B06,1235.0,0.0
B06,1236.0,0.0
B06,1237.0,0.0
B06,1238.0,0.0
B06,1239.0,0.0
B06,1240.0,0.0
B06,1241.0,0.0
B06,1242.0,0.0
B06,1243.0,0.0
B06,1244.0,0.0
B06,1245.0,0.0
B06,1246.0,0.0
B06,1247.0,0.0
B06,1248.0,0.0
B06,1249.0,0.0
B06,1250.0,0.0
B06,1251.0,0.0
B06,1252.0,0.0
B06,1253.0,0.0
B06,1254.0,0.0
B06,1255.0,0.0
B06,1256.0,0.0
B06,1257.0,0.0
B06,1258.0,0.0
B06,1259.0,0.0
B06,1260.0,0.0
B06,1261.0,0.0
B06,1262.0,0.0
B06,1263.0,0.0
B06,1264.0,0.0
B06,1265.0,0.0
B06,1266.0,0.0
B06,1267.0,0.0
B06,1268.0,0.0
B06,1269.0,0.0
B06,1270.0,0.0
B06,1271.0,0.0
B06,1272.0,0.0
B06,1273.0,0.0
B06,1274.0,0.0
B06,1275.0,0.0
B06,1276.0,0.0
B06,1277.0,0.0
B06,1278.0,0.0
B06,1279.0,0.0
B06,1280.0,0.0
B06,1281.0,0.0
B06,1282.0,0.0
B06,1283.0,0.0
B06,1284.0,0.0
B06,1285.0,0.0
B06,1286.0,0.0
B06,1287.0,0.0
B06,1288.0,0.0
B06,1289.0,0.0
B06,1290.0,0.0
B06,1291.0,0.0
B06,1292.0,0.0
B06,1293.0,0.0
B06,1294.0,0.0
B06,1295.0,0.0
B06,1296.0,0.0
B06,1297.0,0.0
B06,1298.0,0.0
B06,1299.0,0.0
B06,1300.0,0.0
B06,1301.0,0.0
B06,1302.0,0.0
B06,1303.0,0.0
B06,1304.0,0.0
B06,1305.0,0.0
B06,1306.0,0.0
B06,1307.0,0.0
B06,1308.0,0.0
B06,1309.0,0.0
B06,1310.0,0.0
B06,1311.0,0.0
B06,1312.0,0.0
B06,1313.0,0.0
B06,1314.0,0.0
B06,1315.0,0.0
B06,1316.0,0.0
B06,1317.0,0.0
B06,1318.0,0.0
B06,1319.0,0.0
B06,1320.0,0.0
B06,1321.0,0.0
B06,1322.0,0.0
B06,1323.0,0.0
B06,1324.0,0.0
B06,1325.0,0.0
B06,1326.0,0.0
B06,1327.0,0.0
B06,1328.0,0.0
B06,1329.0,0.0
B06,1330.0,0.0
B06,1331.0,0.0
B06,1332.0,0.0
B06,1333.0,0.0
B06,1334.0,0.0
B06,1335.0,0.0
B06,1336.0,0.0
B06,1337.0,0.0
B06,1338.0,0.0
B06,1339.0,0.0
B06,1340.0,0.0
B06,1341.0,0.0
B06,1342.0,0.0
B06,1343.0,0.0
B06,1344.0,0.0
B06,1345.0,0.0
B06,1346.0,0.0
B06,1347.0,0.0
B06,1348.0,0.0
B06,1349.0,0.0
B06,1350.0,0.0
B06,1351.0,0.0
B06,1352.0,0.0
B06,1353.0,0.0
B06,1354.0,0.0
B06,1355.0,0.0
B06,1356.0,0.0
B06,1357.0,0.0
B06,1358.0,0.0
B06,1359.0,0.0
B06,1360.0,0.0
B06,1361.0,0.0
B06,1362.0,0.0
B06,1363.0,0.0
B06,1364.0,0.0
B06,1365.0,0.0
B06,1366.0,0.0
B06,1367.0,0.0
B06,1368.0,0.0
B06,1369.0,0.0
B06,1370.0,0.0
B06,1371.0,0.0
B06,1372.0,0.0
B06,1373.0,0.0
B06,1374.0,0.0
B06,1375.0,0.0
B06,1376.0,0.0
B06,1377.0,0.0
B06,1378.0,0.0
B06,1379.0,0.0
B06,1380.0,0.0
B06,1381.0,0.0
B06,1382.0,0.0
B06,1383.0,0.0
B06,1384.0,0.0
B06,1385.0,0.0
B06,1386.0,0.0
B06,1387.0,0.0
B06,1388.0,0.0
B06,1389.0,0.0
B06,1390.0,0.0
B06,1391.0,0.0
B06,1392.0,0.0
B06,1393.0,0.0
B06,1394.0,0.0
B06,1395.0,0.0
B06,1396.0,0.0
B06,1397.0,0.0
B06,1398.0,0.0
B06,1399.0,0.0
B06,1400.0,0.0
B06,1401.0,0.0
B06,1402.0,0.0
B06,1403.0,0.0
B06,1404.0,0.0
B06,1405.0,0.0
B06,1406.0,0.0
B06,1407.0,0.0
B06,1408.0,0.0
B06,1409.0,0.0
B06,1410.0,0.0
B06,1411.0,0.0
B06,1412.0,0.0
B06,1413.0,0.0
B06,1414.0,0.0
B06,1415.0,0.0
B06,1416.0,0.0
B06,1417.0,0.0
B06,1418.0,0.0
B06,1419.0,0.0
B06,1420.0,0.0
B06,1421.0,0.0
B06,1422.0,0.0
B06,1423.0,0.0
B06,1424.0,0.0
B06,1425.0,0.0
B06,1426.0,0.0
B06,1427.0,0.0
B06,1428.0,0.0
B06,1429.0,0.0
B06,1430.0,0.0
B06,1431.0,0.0
B06,1432.0,0.0
B06,1433.0,0.0
B06,1434.0,0.0
B06,1435.0,0.0
B06,1436.0,0.0
B06,1437.0,0.0
B06,1438.0,0.0
B06,1439.0,0.0
B06,1440.0,0.0
B06,1441.0,0.0
B06,1442.0,0.0
B06,1443.0,0.0
B06,1444.0,0.0
B06,1445.0,0.0
B06,1446.0,0.0
B06,1447.0,0.0
B06,1448.0,0.0
B06,1449.0,0.0
B06,1450.0,0.0
B06,1451.0,0.0
B06,1452.0,0.0
B06,1453.0,0.0
B06,1454.0,0.0
B06,1455.0,0.0
B06,1456.0,0.0
B06,1457.0,0.0
B06,1458.0,0.0
B06,1459.0,0.0
B06,1460.0,0.0
B06,1461.0,0.0
B06,1462.0,0.0
B06,1463.0,0.0
B06,1464.0,0.0
B06,1465.0,0.0
B06,1466.0,0.0
B06,1467.0,0.0
B06,1468.0,0.0
B06,1469.0,0.0
B06,1470.0,0.0
B06,1471.0,0.0
B06,1472.0,0.0
B06,1473.0,0.0
B06,1474.0,0.0
B06,1475.0,0.0
B06,1476.0,0.0
B06,1477.0,0.0
B06,1478.0,0.0
B06,1479.0,0.0
B06,1480.0,0.0
B06,1481.0,0.0
B06,1482.0,0.0
B06,1483.0,0.0
B06,1484.0,0.0
B06,1485.0,0.0
B06,1486.0,0.0
B06,1487.0,0.0
B06,1488.0,0.0
B06,1489.0,0.0
B06,1490.0,0.0
B06,1491.0,0.0
B06,1492.0,0.0
B06,1493.0,0.0
B06,1494.0,0.0
B06,1495.0,0.0
B06,1496.0,0.0
B06,1497.0,0.0
B06,1498.0,0.0
B06,1499.0,0.0
B06,1500.0,0.0
B06,1501.0,0.0
B06,1502.0,0.0
B06,1503.0,0.0
B06,1504.0,0.0
B06,1505.0,0.0
B06,1506.0,0.0
B06,1507.0,0.0
B06,1508.0,0.0
B06,1509.0,0.0
B06,1510.0,0.0
B06,1511.0,0.0
B06,1512.0,0.0
B06,1513.0,0.0
B06,1514.0,0.0
B06,1515.0,0.0
B06,1516.0,0.0
B06,1517.0,0.0
B06,1518.0,0.0
B06,1519.0,0.0
B06,1520.0,0.0
B06,1521.0,0.0
B06,1522.0,0.0
B06,1523.0,0.0
B06,1524.0,0.0
B06,1525.0,0.0
B06,1526.0,0.0
B06,1527.0,0.0
B06,1528.0,0.0
B06,1529.0,0.0
B06,1530.0,0.0
B06,1531.0,0.0
B06,1532.0,0.0
B06,1533.0,0.0
B06,1534.0,0.0
B06,1535.0,0.0
B06,1536.0,0.0
B06,1537.0,0.0
B06,1538.0,0.0
B06,1539.0,0.0
B06,1540.0,0.0
B06,1541.0,0.0
B06,1542.0,0.0
B06,1543.0,0.0
B06,1544.0,0.0
B06,1545.0,0.0
B06,1546.0,0.0
B06,1547.0,0.0
B06,1548.0,0.0
B06,1549.0,0.0
B06,1550.0,0.0
B06,1551.0,0.0
B06,1552.0,0.0
B06,1553.0,0.0
B06,1554.0,0.0
B06,1555.0,0.0
B06,1556.0,0.0
B06,1557.0,0.0
B06,1558.0,0.0
B06,1559.0,0.0
B06,1560.0,0.0
B06,1561.0,0.0
B06,1562.0,0.0
B06,1563.0,0.0
B06,1564.0,0.0
B06,1565.0,0.0
B06,1566.0,0.0
B06,1567.0,0.0
B06,1568.0,0.0
B06,1569.0,0.0
B06,1570.0,0.0
B06,1571.0,0.0
B06,1572.0,0.0
B06,1573.0,0.0
B06,1574.0,0.0
B06,1575.0,0.0
B06,1576.0,0.0
B06,1577.0,0.0
B06,1578.0,0.0
B06,1579.0,0.0
B06,1580.0,0.0
B06,1581.0,0.0
B06,1582.0,0.0
B06,1583.0,0.0
B06,1584.0,0.0
B06,1585.0,0.0
B06,1586.0,0.0
B06,1587.0,0.0
B06,1588.0,0.0
B06,1589.0,0.0
B06,1590.0,0.0
B06,1591.0,0.0
B06,1592.0,0.0
B06,1593.0,0.0
B06,1594.0,0.0
B06,1595.0,0.0
B06,1596.0,0.0
B06,1597.0,0.0
B06,1598.0,0.0
B06,1599.0,0.0
B06,1600.0,0.0
B06,1601.0,0.0
B06,1602.0,0.0
B06,1603.0,0.0
B06,1604.0,0.0
B06,1605.0,0.0
B06,1606.0,0.0
B06,1607.0,0.0
B06,1608.0,0.0
B06,1609.0,0.0
B06,1610.0,0.0
B06,1611.0,0.0
B06,1612.0,0.0
B06,1613.0,0.0
B06,1614.0,0.0
B06,1615.0,0.0
B06,1616.0,0.0
B06,1617.0,0.0
B06,1618.0,0.0
B06,1619.0,0.0
B06,1620.0,0.0
B06,1621.0,0.0
B06,1622.0,0.0
B06,1623.0,0.0
B06,1624.0,0.0
B06,1625.0,0.0
B06,1626.0,0.0
B06,1627.0,0.0
B06,1628.0,0.0
B06,1629.0,0.0
B06,1630.0,0.0
B06,1631.0,0.0
B06,1632.0,0.0
B06,1633.0,0.0
B06,1634.0,0.0
B06,1635.0,0.0
B06,1636.0,0.0
B06,1637.0,0.0
B06,1638.0,0.0
B06,1639.0,0.0
B06,1640.0,0.0
B06,1641.0,0.0
B06,1642.0,0.0
B06,1643.0,0.0
B06,1644.0,0.0
B06,1645.0,0.0
B06,1646.0,0.0
B06,1647.0,0.0
B06,1648.0,0.0
B06,1649.0,0.0
B06,1650.0,0.0
B06,1651.0,0.0
B06,1652.0,0.0
B06,1653.0,0.0
B06,1654.0,0.0
B06,1655.0,0.0
B06,1656.0,0.0
B06,1657.0,0.0
B06,1658.0,0.0
B06,1659.0,0.0
B06,1660.0,0.0
B06,1661.0,0.0
B06,1662.0,0.0
B06,1663.0,0.0
B06,1664.0,0.0
B06,1665.0,0.0
B06,1666.0,0.0
B06,1667.0,0.0
B06,1668.0,0.0
B06,1669.0,0.0
B06,1670.0,0.0
B06,1671.0,0.0
B06,1672.0,0.0
B06,1673.0,0.0
B06,1674.0,0.0
B06,1675.0,0.0
B06,1676.0,0.0
B06,1677.0,0.0
B06,1678.0,0.0
B06,1679.0,0.0
B06,1680.0,0.0
B06,1681.0,0.0
B06,1682.0,0.0
B06,1683.0,0.0
B06,1684.0,0.0
B06,1685.0,0.0
B06,1686.0,0.0
B06,1687.0,0.0
B06,1688.0,0.0
B06,1689.0,0.0
B06,1690.0,0.0
B06,1691.0,0.0
B06,1692.0,0.0
B06,1693.0,0.0
B06,1694.0,0.0
B06,1695.0,0.0
B06,1696.0,0.0
B06,1697.0,0.0
B06,1698.0,0.0
B06,1699.0,0.0
B06,1700.0,0.0
B06,1701.0,0.0
B06,1702.0,0.0
B06,1703.0,0.0
B06,1704.0,0.0
B06,1705.0,0.0
B06,1706.0,0.0
B06,1707.0,0.0
B06,1708.0,0.0
B06,1709.0,0.0
B06,1710.0,0.0
B06,1711.0,0.0
B06,1712.0,0.0
B06,1713.0,0.0
B06,1714.0,0.0
B06,1715.0,0.0
B06,1716.0,0.0
B06,1717.0,0.0
B06,1718.0,0.0
B06,1719.0,0.0
B06,1720.0,0.0
B06,1721.0,0.0
B06,1722.0,0.0
B06,1723.0,0.0
B06,1724.0,0.0
B06,1725.0,0.0
B06,1726.0,0.0
B06,1727.0,0.0
B06,1728.0,0.0
B06,1729.0,0.0
B06,1730.0,0.0
B06,1731.0,0.0
B06,1732.0,0.0
B06,1733.0,0.0
B06,1734.0,0.0
B06,1735.0,0.0
B06,1736.0,0.0
B06,1737.0,0.0
B06,1738.0,0.0
B06,1739.0,0.0
B06,1740.0,0.0
B06,1741.0,0.0
B06,1742.0,0.0
B06,1743.0,0.0
B06,1744.0,0.0
B06,1745.0,0.0
B06,1746.0,0.0
B06,1747.0,0.0
B06,1748.0,0.0
B06,1749.0,0.0
B06,1750.0,0.0
B06,1751.0,0.0
B06,1752.0,0.0
B06,1753.0,0.0
B06,1754.0,0.0
B06,1755.0,0.0
B06,1756.0,0.0
B06,1757.0,0.0
B06,1758.0,0.0
B06,1759.0,0.0
B06,1760.0,0.0
B06,1761.0,0.0
B06,1762.0,0.0
B06,1763.0,0.0
B06,1764.0,0.0
B06,1765.0,0.0
B06,1766.0,0.0
B06,1767.0,0.0
B06,1768.0,0.0
B06,1769.0,0.0
B06,1770.0,0.0
B06,1771.0,0.0
B06,1772.0,0.0
B06,1773.0,0.0
B06,1774.0,0.0
B06,1775.0,0.0
B06,1776.0,0.0
B06,1777.0,0.0
B06,1778.0,0.0
B06,1779.0,0.0
B06,1780.0,0.0
B06,1781.0,0.0
B06,1782.0,0.0
B06,1783.0,0.0
B06,1784.0,0.0
B06,1785.0,0.0
B06,1786.0,0.0
B06,1787.0,0.0
B06,1788.0,0.0
B06,1789.0,0.0
B06,1790.0,0.0
B06,1791.0,0.0
B06,1792.0,0.0
B06,1793.0,0.0
B06,1794.0,0.0
B06,1795.0,0.0
B06,1796.0,0.0
B06,1797.0,0.0
B06,1798.0,0.0
B06,1799.0,0.0
B06,1800.0,0.0
B06,1801.0,0.0
B06,1802.0,0.0
B06,1803.0,0.0
B06,1804.0,0.0
B06,1805.0,0.0
B06,1806.0,0.0
B06,1807.0,0.0
B06,1808.0,0.0
B06,1809.0,0.0
B06,1810.0,0.0
B06,1811.0,0.0
B06,1812.0,0.0
B06,1813.0,0.0
B06,1814.0,0.0
B06,1815.0,0.0
B06,1816.0,0.0
B06,1817.0,0.0
B06,1818.0,0.0
B06,1819.0,0.0
B06,1820.0,0.0
B06,1821.0,0.0
B06,1822.0,0.0
B06,1823.0,0.0
B06,1824.0,0.0
B06,1825.0,0.0
B06,1826.0,0.0
B06,1827.0,0.0
B06,1828.0,0.0
B06,1829.0,0.0
B06,1830.0,0.0
B06,1831.0,0.0
B06,1832.0,0.0
B06,1833.0,0.0
B06,1834.0,0.0
B06,1835.0,0.0
B06,1836.0,0.0
B06,1837.0,0.0
B06,1838.0,0.0
B06,1839.0,0.0
B06,1840.0,0.0
B06,1841.0,0.0
B06,1842.0,0.0
B06,1843.0,0.0
B06,1844.0,0.0
B06,1845.0,0.0
B06,1846.0,0.0
B06,1847.0,0.0
B06,1848.0,0.0
B06,1849.0,0.0
B06,1850.0,0.0
B06,1851.0,0.0
B06,1852.0,0.0
B06,1853.0,0.0
B06,1854.0,0.0
B06,1855.0,0.0
B06,1856.0,0.0
B06,1857.0,0.0
B06,1858.0,0.0
B06,1859.0,0.0
B06,1860.0,0.0
B06,1861.0,0.0
B06,1862.0,0.0
B06,1863.0,0.0
B06,1864.0,0.0
B06,1865.0,0.0
B06,1866.0,0.0
B06,1867.0,0.0
B06,1868.0,0.0
B06,1869.0,0.0
B06,1870.0,0.0
B06,1871.0,0.0
B06,1872.0,0.0
B06,1873.0,0.0
B06,1874.0,0.0
B06,1875.0,0.0
B06,1876.0,0.0
B06,1877.0,0.0
B06,1878.0,0.0
B06,1879.0,0.0
B06,1880.0,0.0
B06,1881.0,0.0
B06,1882.0,0.0
B06,1883.0,0.0
B06,1884.0,0.0
B06,1885.0,0.0
B06,1886.0,0.0
B06,1887.0,0.0
B06,1888.0,0.0
B06,1889.0,0.0
B06,1890.0,0.0
B06,1891.0,0.0
B06,1892.0,0.0
B06,1893.0,0.0
B06,1894.0,0.0
B06,1895.0,0.0
B06,1896.0,0.0
B06,1897.0,0.0
B06,1898.0,0.0
B06,1899.0,0.0
B06,1900.0,0.0
B06,1901.0,0.0
B06,1902.0,0.0
B06,1903.0,0.0
B06,1904.0,0.0
B06,1905.0,0.0
B06,1906.0,0.0
B06,1907.0,0.0
B06,1908.0,0.0
B06,1909.0,0.0
B06,1910.0,0.0
B06,1911.0,0.0
B06,1912.0,0.0
B06,1913.0,0.0
B06,1914.0,0.0
B06,1915.0,0.0
B06,1916.0,0.0
B06,1917.0,0.0
B06,1918.0,0.0
B06,1919.0,0.0
B06,1920.0,0.0
B06,1921.0,0.0
B06,1922.0,0.0
B06,1923.0,0.0
B06,1924.0,0.0
B06,1925.0,0.0
B06,1926.0,0.0
B06,1927.0,0.0
B06,1928.0,0.0
B06,1929.0,0.0
B06,1930.0,0.0
B06,1931.0,0.0
B06,1932.0,0.0
B06,1933.0,0.0
B06,1934.0,0.0
B06,1935.0,0.0
B06,1936.0,0.0
B06,1937.0,0.0
B06,1938.0,0.0
B06,1939.0,0.0
B06,1940.0,0.0
B06,1941.0,0.0
B06,1942.0,0.0
B06,1943.0,0.0
B06,1944.0,0.0
B06,1945.0,0.0
B06,1946.0,0.0
B06,1947.0,0.0
B06,1948.0,0.0
B06,1949.0,0.0
B06,1950.0,0.0
B06,1951.0,0.0
B06,1952.0,0.0
B06,1953.0,0.0
B06,1954.0,0.0
B06,1955.0,0.0
B06,1956.0,0.0
B06,1957.0,0.0
B06,1958.0,0.0
B06,1959.0,0.0
B06,1960.0,0.0
B06,1961.0,0.0
B06,1962.0,0.0
B06,1963.0,0.0
B06,1964.0,0.0
B06,1965.0,0.0
B06,1966.0,0.0
B06,1967.0,0.0
B06,1968.0,0.0
B06,1969.0,0.0
B06,1970.0,0.0
B06,1971.0,0.0
B06,1972.0,0.0
B06,1973.0,0.0
B06,1974.0,0.0
B06,1975.0,0.0
B06,1976.0,0.0
B06,1977.0,0.0
B06,1978.0,0.0
B06,1979.0,0.0
B06,1980.0,0.0
B06,1981.0,0.0
B06,1982.0,0.0
B06,1983.0,0.0
B06,1984.0,0.0
B06,1985.0,0.0
B06,1986.0,0.0
B06,1987.0,0.0
B06,1988.0,0.0
B06,1989.0,0.0
B06,1990.0,0.0
B06,1991.0,0.0
B06,1992.0,0.0
B06,1993.0,0.0
B06,1994.0,0.0
B06,1995.0,0.0
B06,1996.0,0.0
B06,1997.0,0.0
B06,1998.0,0.0
B06,1999.0,0.0
B06,2000.0,0.0
B06,2001.0,0.0
B06,2002.0,0.0
B06,2003.0,0.0
B06,2004.0,0.0
B06,2005.0,0.0
B06,2006.0,0.0
B06,2007.0,0.0
B06,2008.0,0.0
B06,2009.0,0.0
B06,2010.0,0.0
B06,2011.0,0.0
B06,2012.0,0.0
B06,2013.0,0.0
B06,2014.0,0.0
B06,2015.0,0.0
B06,2016.0,0.0
B06,2017.0,0.0
B06,2018.0,0.0
B06,2019.0,0.0
B06,2020.0,0.0
B06,2021.0,0.0
B06,2022.0,0.0
B06,2023.0,0.0
B06,2024.0,0.0
B06,2025.0,0.0
B06,2026.0,0.0
B06,2027.0,0.0
B06,2028.0,0.0
B06,2029.0,0.0
B06,2030.0,0.0
B06,2031.0,0.0
B06,2032.0,0.0
B06,2033.0,0.0
B06,2034.0,0.0
B06,2035.0,0.0
B06,2036.0,0.0
B06,2037.0,0.0
B06,2038.0,0.0
B06,2039.0,0.0
B06,2040.0,0.0
B06,2041.0,0.0
B06,2042.0,0.0
B06,2043.0,0.0
B06,2044.0,0.0
B06,2045.0,0.0
B06,2046.0,0.0
B06,2047.0,0.0
B06,2048.0,0.0
B06,2049.0,0.0
B06,2050.0,0.0
B06,2051.0,0.0
B06,2052.0,0.0
B06,2053.0,0.0
B06,2054.0,0.0
B06,2055.0,0.0
B06,2056.0,0.0
B06,2057.0,0.0
B06,2058.0,0.0
B06,2059.0,0.0
B06,2060.0,0.0
B06,2061.0,0.0
B06,2062.0,0.0
B06,2063.0,0.0
B06,2064.0,0.0
B06,2065.0,0.0
B06,2066.0,0.0
B06,2067.0,0.0
B06,2068.0,0.0
B06,2069.0,0.0
B06,2070.0,0.0
B06,2071.0,0.0
B06,2072.0,0.0
B06,2073.0,0.0
B06,2074.0,0.0
B06,2075.0,0.0
B06,2076.0,0.0
B06,2077.0,0.0
B06,2078.0,0.0
B06,2079.0,0.0
B06,2080.0,0.0
B06,2081.0,0.0
B06,2082.0,0.0
B06,2083.0,0.0
B06,2084.0,0.0
B06,2085.0,0.0
B06,2086.0,0.0
B06,2087.0,0.0
B06,2088.0,0.0
B06,2089.0,0.0
B06,2090.0,0.0
B06,2091.0,0.0
B06,2092.0,0.0
B06,2093.0,0.0
B06,2094.0,0.0
B06,2095.0,0.0
B06,2096.0,0.0
B06,2097.0,0.0
B06,2098.0,0.0
B06,2099.0,0.0
B06,2100.0,0.0
B06,2101.0,0.0
B06,2102.0,0.0
B06,2103.0,0.0
B06,2104.0,0.0
B06,2105.0,0.0
B06,2106.0,0.0
B06,2107.0,0.0
B06,2108.0,0.0
B06,2109.0,0.0
B06,2110.0,0.0
B06,2111.0,0.0
B06,2112.0,0.0
B06,2113.0,0.0
B06,2114.0,0.0
B06,2115.0,0.0
B06,2116.0,0.0
B06,2117.0,0.0
B06,2118.0,0.0
B06,2119.0,0.0
B06,2120.0,0.0
B06,2121.0,0.0
B06,2122.0,0.0
B06,2123.0,0.0
B06,2124.0,0.0
B06,2125.0,0.0
B06,2126.0,0.0
B06,2127.0,0.0
B06,2128.0,0.0
B06,2129.0,0.0
B06,2130.0,0.0
B06,2131.0,0.0
B06,2132.0,0.0
B06,2133.0,0.0
B06,2134.0,0.0
B06,2135.0,0.0
B06,2136.0,0.0
B06,2137.0,0.0
B06,2138.0,0.0
B06,2139.0,0.0
B06,2140.0,0.0
B06,2141.0,0.0
B06,2142.0,0.0
B06,2143.0,0.0
B06,2144.0,0.0
B06,2145.0,0.0
B06,2146.0,0.0
B06,2147.0,0.0
B06,2148.0,0.0
B06,2149.0,0.0
B06,2150.0,0.0
B06,2151.0,0.0
B06,2152.0,0.0
B06,2153.0,0.0
B06,2154.0,0.0
B06,2155.0,0.0
B06,2156.0,0.0
B06,2157.0,0.0
B06,2158.0,0.0
B06,2159.0,0.0
B06,2160.0,0.0
B06,2161.0,0.0
B06,2162.0,0.0
B06,2163.0,0.0
B06,2164.0,0.0
B06,2165.0,0.0
B06,2166.0,0.0
B06,2167.0,0.0
B06,2168.0,0.0
B06,2169.0,0.0
B06,2170.0,0.0
B06,2171.0,0.0
B06,2172.0,0.0
B06,2173.0,0.0
B06,2174.0,0.0
B06,2175.0,0.0
B06,2176.0,0.0
B06,2177.0,0.0
B06,2178.0,0.0
B06,2179.0,0.0
B06,2180.0,0.0
B06,2181.0,0.0
B06,2182.0,0.0
B06,2183.0,0.0
B06,2184.0,0.0
B06,2185.0,0.0
B06,2186.0,0.0
B06,2187.0,0.0
B06,2188.0,0.0
B06,2189.0,0.0
B06,2190.0,0.0
B06,2191.0,0.0
B06,2192.0,0.0
B06,2193.0,0.0
B06,2194.0,0.0
B06,2195.0,0.0
B06,2196.0,0.0
B06,2197.0,0.0
B06,2198.0,0.0
B06,2199.0,0.0
B06,2200.0,0.0
B06,2201.0,0.0
B06,2202.0,0.0
B06,2203.0,0.0
B06,2204.0,0.0
B06,2205.0,0.0
B06,2206.0,0.0
B06,2207.0,0.0
B06,2208.0,0.0
B06,2209.0,0.0
B06,2210.0,0.0
B06,2211.0,0.0
B06,2212.0,0.0
B06,2213.0,0.0
B06,2214.0,0.0
B06,2215.0,0.0
B06,2216.0,0.0
B06,2217.0,0.0
B06,2218.0,0.0
B06,2219.0,0.0
B06,2220.0,0.0
B06,2221.0,0.0
B06,2222.0,0.0
B06,2223.0,0.0
B06,2224.0,0.0
B06,2225.0,0.0
B06,2226.0,0.0
B06,2227.0,0.0
B06,2228.0,0.0
B06,2229.0,0.0
B06,2230.0,0.0
B06,2231.0,0.0
B06,2232.0,0.0
B06,2233.0,0.0
B06,2234.0,0.0
B06,2235.0,0.0
B06,2236.0,0.0
B06,2237.0,0.0
B06,2238.0,0.0
B06,2239.0,0.0
B06,2240.0,0.0
B06,2241.0,0.0
B06,2242.0,0.0
B06,2243.0,0.0
B06,2244.0,0.0
B06,2245.0,0.0
B06,2246.0,0.0
B06,2247.0,0.0
B06,2248.0,0.0
B06,2249.0,0.0
B06,2250.0,0.0
B06,2251.0,0.0
B06,2252.0,0.0
B06,2253.0,0.0
B06,2254.0,0.0
B06,2255.0,0.0
B06,2256.0,0.0
B06,2257.0,0.0
B06,2258.0,0.0
B06,2259.0,0.0
B06,2260.0,0.0
B06,2261.0,0.0
B06,2262.0,0.0
B06,2263.0,0.0
B06,2264.0,0.0
B06,2265.0,0.0
B06,2266.0,0.0
B06,2267.0,0.0
B06,2268.0,0.0
B06,2269.0,0.0
B06,2270.0,0.0
B06,2271.0,0.0
B06,2272.0,0.0
B06,2273.0,0.0
B06,2274.0,0.0
B06,2275.0,0.0
B06,2276.0,0.0
B06,2277.0,0.0
B06,2278.0,0.0
B06,2279.0,0.0
B06,2280.0,0.0
B06,2281.0,0.0
B06,2282.0,0.0
B06,2283.0,0.0
B06,2284.0,0.0
B06,2285.0,0.0
B06,2286.0,0.0
B06,2287.0,0.0
B06,2288.0,0.0
B06,2289.0,0.0
B06,2290.0,0.0
B06,2291.0,0.0
B06,2292.0,0.0
B06,2293.0,0.0
B06,2294.0,0.0
B06,2295.0,0.0
B06,2296.0,0.0
B06,2297.0,0.0
B06,2298.0,0.0
B06,2299.0,0.0
B06,2300.0,0.0
B06,2301.0,0.0
B06,2302.0,0.0
B06,2303.0,0.0
B06,2304.0,0.0
B06,2305.0,0.0
B06,2306.0,0.0
B06,2307.0,0.0
B06,2308.0,0.0
B06,2309.0,0.0
B06,2310.0,0.0
B06,2311.0,0.0
B06,2312.0,0.0
B06,2313.0,0.0
B06,2314.0,0.0
B06,2315.0,0.0
B06,2316.0,0.0
B06,2317.0,0.0
B06,2318.0,0.0
B06,2319.0,0.0
B06,2320.0,0.0
B06,2321.0,0.0
B06,2322.0,0.0
B06,2323.0,0.0
B06,2324.0,0.0
B06,2325.0,0.0
B06,2326.0,0.0
B06,2327.0,0.0
B06,2328.0,0.0
B06,2329.0,0.0
B06,2330.0,0.0
B06,2331.0,0.0
B06,2332.0,0.0
B06,2333.0,0.0
B06,2334.0,0.0
B06,2335.0,0.0
B06,2336.0,0.0
B06,2337.0,0.0
B06,2338.0,0.0
B06,2339.0,0.0
B06,2340.0,0.0
B06,2341.0,0.0
B06,2342.0,0.0
B06,2343.0,0.0
B06,2344.0,0.0
B06,2345.0,0.0
B06,2346.0,0.0
B06,2347.0,0.0
B06,2348.0,0.0
B06,2349.0,0.0
B06,2350.0,0.0
B06,2351.0,0.0
B06,2352.0,0.0
B06,2353.0,0.0
B06,2354.0,0.0
B06,2355.0,0.0
B06,2356.0,0.0
B06,2357.0,0.0
B06,2358.0,0.0
B06,2359.0,0.0
B06,2360.0,0.0
B06,2361.0,0.0
B06,2362.0,0.0
B06,2363.0,0.0
B06,2364.0,0.0
B06,2365.0,0.0
B06,2366.0,0.0
B06,2367.0,0.0
B06,2368.0,0.0
B06,2369.0,0.0
B06,2370.0,0.0
B06,2371.0,0.0
B06,2372.0,0.0
B06,2373.0,0.0
B06,2374.0,0.0
B06,2375.0,0.0
B06,2376.0,0.0
B06,2377.0,0.0
B06,2378.0,0.0
B06,2379.0,0.0
B06,2380.0,0.0
B06,2381.0,0.0
B06,2382.0,0.0
B06,2383.0,0.0
B06,2384.0,0.0
B06,2385.0,0.0
B06,2386.0,0.0
B06,2387.0,0.0
B06,2388.0,0.0
B06,2389.0,0.0
B06,2390.0,0.0
B06,2391.0,0.0
B06,2392.0,0.0
B06,2393.0,0.0
B06,2394.0,0.0
B06,2395.0,0.0
B06,2396.0,0.0
B06,2397.0,0.0
B06,2398.0,0.0
B06,2399.0,0.0
B06,2400.0,0.0
B06,2401.0,0.0
B06,2402.0,0.0
B06,2403.0,0.0
B06,2404.0,0.0
B06,2405.0,0.0
B06,2406.0,0.0
B06,2407.0,0.0
B06,2408.0,0.0
B06,2409.0,0.0
B06,2410.0,0.0
B06,2411.0,0.0
B06,2412.0,0.0
B06,2413.0,0.0
B06,2414.0,0.0
B06,2415.0,0.0
B06,2416.0,0.0
B06,2417.0,0.0
B06,2418.0,0.0
B06,2419.0,0.0
B06,2420.0,0.0
B06,2421.0,0.0
B06,2422.0,0.0
B06,2423.0,0.0
B06,2424.0,0.0
B06,2425.0,0.0
B06,2426.0,0.0
B06,2427.0,0.0
B06,2428.0,0.0
B06,2429.0,0.0
B06,2430.0,0.0
B06,2431.0,0.0
B06,2432.0,0.0
B06,2433.0,0.0
B06,2434.0,0.0
B06,2435.0,0.0
B06,2436.0,0.0
B06,2437.0,0.0
B06,2438.0,0.0
B06,2439.0,0.0
B06,2440.0,0.0
B06,2441.0,0.0
B06,2442.0,0.0
B06,2443.0,0.0
B06,2444.0,0.0
B06,2445.0,0.0
B06,2446.0,0.0
B06,2447.0,0.0
B06,2448.0,0.0
B06,2449.0,0.0
B06,2450.0,0.0
B06,2451.0,0.0
B06,2452.0,0.0
B06,2453.0,0.0
B06,2454.0,0.0
B06,2455.0,0.0
B06,2456.0,0.0
B06,2457.0,0.0
B06,2458.0,0.0
B06,2459.0,0.0
B06,2460.0,0.0
B06,2461.0,0.0
B06,2462.0,0.0
B06,2463.0,0.0
B06,2464.0,0.0
B06,2465.0,0.0
B06,2466.0,0.0
B06,2467.0,0.0
B06,2468.0,0.0
B06,2469.0,0.0
B06,2470.0,0.0
B06,2471.0,0.0
B06,2472.0,0.0
B06,2473.0,0.0
B06,2474.0,0.0
B06,2475.0,0.0
B06,2476.0,0.0
B06,2477.0,0.0
B06,2478.0,0.0
B06,2479.0,0.0
B06,2480.0,0.0
B06,2481.0,0.0
B06,2482.0,0.0
B06,2483.0,0.0
B06,2484.0,0.0
B06,2485.0,0.0
B06,2486.0,0.0
B06,2487.0,0.0
B06,2488.0,0.0
B06,2489.0,0.0
B06,2490.0,0.0
B06,2491.0,0.0
B06,2492.0,0.0
B06,2493.0,0.0
B06,2494.0,0.0
B06,2495.0,0.0
B06,2496.0,0.0
B06,2497.0,0.0
B06,2498.0,0.0
B06,2499.0,0.0
B06,2500.0,0.0
B06,2501.0,0.0
B06,2502.0,0.0
B06,2503.0,0.0
B06,2504.0,0.0
B06,2505.0,0.0
B06,2506.0,0.0
B06,2507.0,0.0
B06,2508.0,0.0
B06,2509.0,0.0
B06,2510.0,0.0
B06,2511.0,0.0
B06,2512.0,0.0
B06,2513.0,0.0
B06,2514.0,0.0
B06,2515.0,0.0
B06,2516.0,0.0
B06,2517.0,0.0
B06,2518.0,0.0
B06,2519.0,0.0
B06,2520.0,0.0
B06,2521.0,0.0
B06,2522.0,0.0
B06,2523.0,0.0
B06,2524.0,0.0
B06,2525.0,0.0
B06,2526.0,0.0
B06,2527.0,0.0
B06,2528.0,0.0
B06,2529.0,0.0
B06,2530.0,0.0
B06,2531.0,0.0
B06,2532.0,0.0
B06,2533.0,0.0
B06,2534.0,0.0
B06,2535.0,0.0
B06,2536.0,0.0
B06,2537.0,0.0
B06,2538.0,0.0
B06,2539.0,0.0
B06,2540.0,0.0
B06,2541.0,0.0
B06,2542.0,0.0
B06,2543.0,0.0
B06,2544.0,0.0
B06,2545.0,0.0
B06,2546.0,0.0
B06,2547.0,0.0
B06,2548.0,0.0
B06,2549.0,0.0
B06,2550.0,0.0
B06,2551.0,0.0
B06,2552.0,0.0
B06,2553.0,0.0
B06,2554.0,0.0
B06,2555.0,0.0
B06,2556.0,0.0
B06,2557.0,0.0
B06,2558.0,0.0
B06,2559.0,0.0
B06,2560.0,0.0
B06,2561.0,0.0
B06,2562.0,0.0
B06,2563.0,0.0
B06,2564.0,0.0
B06,2565.0,0.0
B06,2566.0,0.0
B06,2567.0,0.0
B06,2568.0,0.0
B06,2569.0,0.0
B06,2570.0,0.0
B06,2571.0,0.0
B06,2572.0,0.0
B06,2573.0,0.0
B06,2574.0,0.0
B06,2575.0,0.0
B06,2576.0,0.0
B06,2577.0,0.0
B06,2578.0,0.0
B06,2579.0,0.0
B06,2580.0,0.0
B06,2581.0,0.0
B06,2582.0,0.0
B06,2583.0,0.0
B06,2584.0,0.0
B06,2585.0,0.0
B06,2586.0,0.0
B06,2587.0,0.0
B06,2588.0,0.0
B06,2589.0,0.0
B06,2590.0,0.0
B06,2591.0,0.0
B06,2592.0,0.0
B06,2593.0,0.0
B06,2594.0,0.0
B06,2595.0,0.0
B06,2596.0,0.0
B06,2597.0,0.0
B06,2598.0,0.0
B06,2599.0,0.0
B06,2600.0,0.0
B07,300.0,0.0
B07,301.0,0.0
B07,302.0,0.0
B07,303.0,0.0
B07,304.0,0.0
B07,305.0,0.0
B07,306.0,0.0
B07,307.0,0.0
B07,308.0,0.0
B07,309.0,0.0
B07,310.0,0.0
B07,311.0,0.0
B07,312.0,0.0
B07,313.0,0.0
B07,314.0,0.0
B07,315.0,0.0
B07,316.0,0.0
B07,317.0,0.0
B07,318.0,0.0
B07,319.0,0.0
B07,320.0,0.0
B07,321.0,0.0
B07,322.0,0.0
B07,323.0,0.0
B07,324.0,0.0
B07,325.0,0.0
B07,326.0,0.0
B07,327.0,0.0
B07,328.0,0.0
B07,329.0,0.0
B07,330.0,0.0
B07,331.0,0.0
B07,332.0,0.0
B07,333.0,0.0
B07,334.0,0.0
B07,335.0,0.0
B07,336.0,0.0
B07,337.0,0.0
B07,338.0,0.0
B07,339.0,0.0
B07,340.0,0.0
B07,341.0,0.0
B07,342.0,0.0
B07,343.0,0.0
B07,344.0,0.0
B07,345.0,0.0
B07,346.0,0.0
B07,347.0,0.0
B07,348.0,0.0
B07,349.0,0.0
B07,350.0,0.0
B07,351.0,0.0
B07,352.0,0.0
B07,353.0,0.0
B07,354.0,0.0
B07,355.0,0.0
B07,356.0,0.0
B07,357.0,0.0
B07,358.0,0.0
B07,359.0,0.0
B07,360.0,0.0
B07,361.0,0.0
B07,362.0,0.0
B07,363.0,0.0
B07,364.0,0.0
B07,365.0,0.0
B07,366.0,0.0
B07,367.0,0.0
B07,368.0,0.0
B07,369.0,0.0
B07,370.0,0.0
B07,371.0,0.0
B07,372.0,0.0
B07,373.0,0.0
B07,374.0,0.0
B07,375.0,0.0
B07,376.0,0.0
B07,377.0,0.0
B07,378.0,0.0
B07,379.0,0.0
B07,380.0,0.0
B07,381.0,0.0
B07,382.0,0.0
B07,383.0,0.0
B07,384.0,0.0
B07,385.0,0.0
B07,386.0,0.0
B07,387.0,0.0
B07,388.0,0.0
B07,389.0,0.0
B07,390.0,0.0
B07,391.0,0.0
B07,392.0,0.0
B07,393.0,0.0
B07,394.0,0.0
B07,395.0,0.0
B07,396.0,0.0
B07,397.0,0.0
B07,398.0,0.0
B07,399.0,0.0
B07,400.0,0.0
B07,401.0,0.0
B07,402.0,0.0
B07,403.0,0.0
B07,404.0,0.0
B07,405.0,0.0
B07,406.0,0.0
B07,407.0,0.0
B07,408.0,0.0
B07,409.0,0.0
B07,410.0,0.0
B07,411.0,0.0
B07,412.0,0.0
B07,413.0,0.0
B07,414.0,0.0
B07,415.0,0.0
B07,416.0,0.0
B07,417.0,0.0
B07,418.0,0.0
B07,419.0,0.0
B07,420.0,0.0
B07,421.0,0.0
B07,422.0,0.0
B07,423.0,0.0
B07,424.0,0.0
B07,425.0,0.0
B07,426.0,0.0
B07,427.0,0.0
B07,428.0,0.0
B07,429.0,0.0
B07,430.0,0.0
B07,431.0,0.0
B07,432.0,0.0
B07,433.0,0.0
B07,434.0,0.0
B07,435.0,0.0
B07,436.0,0.0
B07,437.0,0.0
B07,438.0,0.0
B07,439.0,0.0
B07,440.0,0.0
B07,441.0,0.0
B07,442.0,0.0
B07,443.0,0.0
B07,444.0,0.0
B07,445.0,0.0
B07,446.0,0.0
B07,447.0,0.0
B07,448.0,0.0
B07,449.0,0.0
B07,450.0,0.0
B07,451.0,0.0
B07,452.0,0.0
B07,453.0,0.0
B07,454.0,0.0
B07,455.0,0.0
B07,456.0,0.0
B07,457.0,0.0
B07,458.0,0.0
B07,459.0,0.0
B07,460.0,0.0
B07,461.0,0.0
B07,462.0,0.0
B07,463.0,0.0
B07,464.0,0.0
B07,465.0,0.0
B07,466.0,0.0
B07,467.0,0.0
B07,468.0,0.0
B07,469.0,0.0
B07,470.0,0.0
B07,471.0,0.0
B07,472.0,0.0
B07,473.0,0.0
B07,474.0,0.0
B07,475.0,0.0
B07,476.0,0.0
B07,477.0,0.0
B07,478.0,0.0
B07,479.0,0.0
B07,480.0,0.0
B07,481.0,0.0
B07,482.0,0.0
B07,483.0,0.0
B07,484.0,0.0
B07,485.0,0.0
B07,486.0,0.0
B07,487.0,0.0
B07,488.0,0.0
B07,489.0,0.0
B07,490.0,0.0
B07,491.0,0.0
B07,492.0,0.0
B07,493.0,0.0
B07,494.0,0.0
B07,495.0,0.0
B07,496.0,0.0
B07,497.0,0.0
B07,498.0,0.0
B07,499.0,0.0
B07,500.0,0.0
B07,501.0,0.0
B07,502.0,0.0
B07,503.0,0.0
B07,504.0,0.0
B07,505.0,0.0
B07,506.0,0.0
B07,507.0,0.0
B07,508.0,0.0
B07,509.0,0.0
B07,510.0,0.0
B07,511.0,0.0
B07,512.0,0.0
B07,513.0,0.0
B07,514.0,0.0
B07,515.0,0.0
B07,516.0,0.0
B07,517.0,0.0
B07,518.0,0.0
B07,519.0,0.0
B07,520.0,0.0
B07,521.0,0.0
B07,522.0,0.0
B07,523.0,0.0
B07,524.0,0.0
B07,525.0,0.0
B07,526.0,0.0
B07,527.0,0.0
B07,528.0,0.0
B07,529.0,0.0
B07,530.0,0.0
B07,531.0,0.0
B07,532.0,0.0
B07,533.0,0.0
B07,534.0,0.0
B07,535.0,0.0
B07,536.0,0.0
B07,537.0,0.0
B07,538.0,0.0
B07,539.0,0.0
B07,540.0,0.0
B07,541.0,0.0
B07,542.0,0.0
B07,543.0,0.0
B07,544.0,0.0
B07,545.0,0.0
B07,546.0,0.0
B07,547.0,0.0
B07,548.0,0.0
B07,549.0,0.0
B07,550.0,0.0
B07,551.0,0.0
B07,552.0,0.0
B07,553.0,0.0
B07,554.0,0.0
B07,555.0,0.0
B07,556.0,0.0
B07,557.0,0.0
B07,558.0,0.0
B07,559.0,0.0
B07,560.0,0.0
B07,561.0,0.0
B07,562.0,0.0
B07,563.0,0.0
B07,564.0,0.0
B07,565.0,0.0
B07,566.0,0.0
B07,567.0,0.0
B07,568.0,0.0
B07,569.0,0.0
B07,570.0,0.0
B07,571.0,0.0
B07,572.0,0.0
B07,573.0,0.0
B07,574.0,0.0
B07,575.0,0.0
B07,576.0,0.0
B07,577.0,0.0
B07,578.0,0.0
B07,579.0,0.0
B07,580.0,0.0
B07,581.0,0.0
B07,582.0,0.0
B07,583.0,0.0
B07,584.0,0.0
B07,585.0,0.0
B07,586.0,0.0
B07,587.0,0.0
B07,588.0,0.0
B07,589.0,0.0
B07,590.0,0.0
B07,591.0,0.0
B07,592.0,0.0
B07,593.0,0.0
B07,594.0,0.0
B07,595.0,0.0
B07,596.0,0.0
B07,597.0,0.0
B07,598.0,0.0
B07,599.0,0.0
B07,600.0,0.0
B07,601.0,0.0
B07,602.0,0.0
B07,603.0,0.0
B07,604.0,0.0
B07,605.0,0.0
B07,606.0,0.0
B07,607.0,0.0
B07,608.0,0.0
B07,609.0,0.0
B07,610.0,0.0
B07,611.0,0.0
B07,612.0,0.0
B07,613.0,0.0
B07,614.0,0.0
B07,615.0,0.0
B07,616.0,0.0
B07,617.0,0.0
B07,618.0,0.0
B07,619.0,0.0
B07,620.0,0.0
B07,621.0,0.0
B07,622.0,0.0
B07,623.0,0.0
B07,624.0,0.0
B07,625.0,0.0
B07,626.0,0.0
B07,627.0,0.0
B07,628.0,0.0
B07,629.0,0.0
B07,630.0,0.0
B07,631.0,0.0
B07,632.0,0.0
B07,633.0,0.0
B07,634.0,0.0
B07,635.0,0.0
B07,636.0,0.0
B07,637.0,0.0
B07,638.0,0.0
B07,639.0,0.0
B07,640.0,0.0
B07,641.0,0.0
B07,642.0,0.0
B07,643.0,0.0
B07,644.0,0.0
B07,645.0,0.0
B07,646.0,0.0
B07,647.0,0.0
B07,648.0,0.0
B07,649.0,0.0
B07,650.0,0.0
B07,651.0,0.0
B07,652.0,0.0
B07,653.0,0.0
B07,654.0,0.0
B07,655.0,0.0
B07,656.0,0.0
B07,657.0,0.0
B07,658.0,0.0
B07,659.0,0.0
B07,660.0,0.0
B07,661.0,0.0
B07,662.0,0.0
B07,663.0,0.0
B07,664.0,0.0
B07,665.0,0.0
B07,666.0,0.0
B07,667.0,0.0
B07,668.0,0.0
B07,669.0,0.0
B07,670.0,0.0
B07,671.0,0.0
B07,672.0,0.0
B07,673.0,0.0
B07,674.0,0.0
B07,675.0,0.0
B07,676.0,0.0
B07,677.0,0.0
B07,678.0,0.0
B07,679.0,0.0
B07,680.0,0.0
B07,681.0,0.0
B07,682.0,0.0
B07,683.0,0.0
B07,684.0,0.0
B07,685.0,0.0
B07,686.0,0.0
B07,687.0,0.0
B07,688.0,0.0
B07,689.0,0.0
B07,690.0,0.0
B07,691.0,0.0
B07,692.0,0.0
B07,693.0,0.0
B07,694.0,0.0
B07,695.0,0.0
B07,696.0,0.0
B07,697.0,0.0
B07,698.0,0.0
B07,699.0,0.0
B07,700.0,0.0
B07,701.0,0.0
B07,702.0,0.0
B07,703.0,0.0
B07,704.0,0.0
B07,705.0,0.0
B07,706.0,0.0
B07,707.0,0.0
B07,708.0,0.0
B07,709.0,0.0
B07,710.0,0.0
B07,711.0,0.0
B07,712.0,0.0
B07,713.0,0.0
B07,714.0,0.0
B07,715.0,0.0
B07,716.0,0.0
B07,717.0,0.0
B07,718.0,0.0
B07,719.0,0.0
B07,720.0,0.0
B07,721.0,0.0
B07,722.0,0.0
B07,723.0,0.0
B07,724.0,0.0
B07,725.0,0.0
B07,726.0,0.0
B07,727.0,0.0
B07,728.0,0.0
B07,729.0,0.0
B07,730.0,0.0
B07,731.0,0.0
B07,732.0,0.0
B07,733.0,0.0
B07,734.0,0.0
B07,735.0,0.0
B07,736.0,0.0
B07,737.0,0.0
B07,738.0,0.0
B07,739.0,0.0
B07,740.0,0.0
B07,741.0,0.0
B07,742.0,0.0
B07,743.0,0.0
B07,744.0,0.0
B07,745.0,0.0
B07,746.0,0.0
B07,747.0,0.0
B07,748.0,0.0
B07,749.0,0.0
B07,750.0,0.0
B07,751.0,0.0
B07,752.0,0.0
B07,753.0,0.0
B07,754.0,0.0
B07,755.0,0.0
B07,756.0,0.0
B07,757.0,0.0
B07,758.0,0.0
B07,759.0,0.0
B07,760.0,0.0
B07,761.0,0.0
B07,762.0,0.0
B07,763.0,0.0
B07,764.0,0.0
B07,765.0,0.0
B07,766.0,0.0103729
B07,767.0,0.03754921
B07,768.0,0.11240409
B07,769.0,0.25890105
B07,770.0,0.48035521
B07,771.0,0.73155954
B07,772.0,0.91293607
B07,773.0,0.97124929
B07,774.0,0.96391197
B07,775.0,0.95529249
B07,776.0,0.964831
B07,777.0,0.98628988
B07,778.0,1.0
B07,779.0,0.99782157
B07,780.0,0.98343012
B07,781.0,0.96489467
B07,782.0,0.94619093
B07,783.0,0.92560158
B07,784.0,0.90788186
B07,785.0,0.88471259
B07,786.0,0.85693094
B07,787.0,0.82513165
B07,788.0,0.7734046
B07,789.0,0.66767522
B07,790.0,0.47756609
B07,791.0,0.23225321
B07,792.0,0.06764032
B07,793.0,0.01301456
B07,794.0,0.00117425
B07,795.0,0.0
B07,796.0,0.0
B07,797.0,0.0
B07,798.0,0.0
B07,799.0,0.0
B07,800.0,0.0
B07,801.0,0.0
B07,802.0,0.0
B07,803.0,0.0
B07,804.0,0.0
B07,805.0,0.0
B07,806.0,0.0
B07,807.0,0.0
B07,808.0,0.0
B07,809.0,0.0
B07,810.0,0.0
B07,811.0,0.0
B07,812.0,0.0
B07,813.0,0.0
B07,814.0,0.0
B07,815.0,0.0
B07,816.0,0.0
B07,817.0,0.0
B07,818.0,0.0
B07,819.0,0.0
B07,820.0,0.0
B07,821.0,0.0
B07,822.0,0.0
B07,823.0,0.0
B07,824.0,0.0
B07,825.0,0.0
B07,826.0,0.0
B07,827.0,0.0
B07,828.0,0.0
B07,829.0,0.0
B07,830.0,0.0
B07,831.0,0.0
B07,832.0,0.0
B07,833.0,0.0
B07,834.0,0.0
B07,835.0,0.0
B07,836.0,0.0
B07,837.0,0.0
B07,838.0,0.0
B07,839.0,0.0
B07,840.0,0.0
B07,841.0,0.0
B07,842.0,0.0
B07,843.0,0.0
B07,844.0,0.0
B07,845.0,0.0
B07,846.0,0.0
B07,847.0,0.0
B07,848.0,0.0
B07,849.0,0.0
B07,850.0,0.0
B07,851.0,0.0
B07,852.0,0.0
B07,853.0,0.0
B07,854.0,0.0
B07,855.0,0.0
B07,856.0,0.0
B07,857.0,0.0
B07,858.0,0.0
B07,859.0,0.0
B07,860.0,0.0
B07,861.0,0.0
B07,862.0,0.0
B07,863.0,0.0
B07,864.0,0.0
B07,865.0,0.0
B07,866.0,0.0
B07,867.0,0.0
B07,868.0,0.0
B07,869.0,0.0
B07,870.0,0.0
B07,871.0,0.0
B07,872.0,0.0
B07,873.0,0.0
B07,874.0,0.0
B07,875.0,0.0
B07,876.0,0.0
B07,877.0,0.0
B07,878.0,0.0
B07,879.0,0.0
B07,880.0,0.0
B07,881.0,0.0
B07,882.0,0.0
B07,883.0,0.0
B07,884.0,0.0
B07,885.0,0.0
B07,886.0,0.0
B07,887.0,0.0
B07,888.0,0.0
B07,889.0,0.0
B07,890.0,0.0
B07,891.0,0.0
B07,892.0,0.0
B07,893.0,0.0
B07,894.0,0.0
B07,895.0,0.0
B07,896.0,0.0
B07,897.0,0.0
B07,898.0,0.0
B07,899.0,0.0
B07,900.0,0.0
B07,901.0,0.0
B07,902.0,0.0
B07,903.0,0.0
B07,904.0,0.0
B07,905.0,0.0
B07,906.0,0.0
B07,907.0,0.0
B07,908.0,0.0
B07,909.0,0.0
B07,910.0,0.0
B07,911.0,0.0
B07,912.0,0.0
B07,913.0,0.0
B07,914.0,0.0
B07,915.0,0.0
B07,916.0,0.0
B07,917.0,0.0
B07,918.0,0.0
B07,919.0,0.0
B07,920.0,0.0
B07,921.0,0.0
B07,922.0,0.0
B07,923.0,0.0
B07,924.0,0.0
B07,925.0,0.0
B07,926.0,0.0
B07,927.0,0.0
B07,928.0,0.0
B07,929.0,0.0
B07,930.0,0.0
B07,931.0,0.0
B07,932.0,0.0
B07,933.0,0.0
B07,934.0,0.0
B07,935.0,0.0
B07,936.0,0.0
B07,937.0,0.0
B07,938.0,0.0
B07,939.0,0.0
B07,940.0,0.0
B07,941.0,0.0
B07,942.0,0.0
B07,943.0,0.0
B07,944.0,0.0
B07,945.0,0.0
B07,946.0,0.0
B07,947.0,0.0
B07,948.0,0.0
B07,949.0,0.0
B07,950.0,0.0
B07,951.0,0.0
B07,952.0,0.0
B07,953.0,0.0
B07,954.0,0.0
B07,955.0,0.0
B07,956.0,0.0
B07,957.0,0.0
B07,958.0,0.0
B07,959.0,0.0
B07,960.0,0.0
B07,961.0,0.0
B07,962.0,0.0
B07,963.0,0.0
B07,964.0,0.0
B07,965.0,0.0
B07,966.0,0.0
B07,967.0,0.0
B07,968.0,0.0
B07,969.0,0.0
B07,970.0,0.0
B07,971.0,0.0
B07,972.0,0.0
B07,973.0,0.0
B07,974.0,0.0
B07,975.0,0.0
B07,976.0,0.0
B07,977.0,0.0
B07,978.0,0.0
B07,979.0,0.0
B07,980.0,0.0
B07,981.0,0.0
B07,982.0,0.0
B07,983.0,0.0
B07,984.0,0.0
B07,985.0,0.0
B07,986.0,0.0
B07,987.0,0.0
B07,988.0,0.0
B07,989.0,0.0
B07,990.0,0.0
B07,991.0,0.0
B07,992.0,0.0
B07,993.0,0.0
B07,994.0,0.0
B07,995.0,0.0
B07,996.0,0.0
B07,997.0,0.0
B07,998.0,0.0
B07,999.0,0.0
B07,1000.0,0.0
B07,1001.0,0.0
B07,1002.0,0.0
B07,1003.0,0.0
B07,1004.0,0.0
B07,1005.0,0.0
B07,1006.0,0.0
B07,1007.0,0.0
B07,1008.0,0.0
B07,1009.0,0.0
B07,1010.0,0.0
B07,1011.0,0.0
B07,1012.0,0.0
B07,1013.0,0.0
B07,1014.0,0.0
B07,1015.0,0.0
B07,1016.0,0.0
B07,1017.0,0.0
B07,1018.0,0.0
B07,1019.0,0.0
B07,1020.0,0.0
B07,1021.0,0.0
B07,1022.0,0.0
B07,1023.0,0.0
B07,1024.0,0.0
B07,1025.0,0.0
B07,1026.0,0.0
B07,1027.0,0.0
B07,1028.0,0.0
B07,1029.0,0.0
B07,1030.0,0.0
B07,1031.0,0.0
B07,1032.0,0.0
B07,1033.0,0.0
B07,1034.0,0.0
B07,1035.0,0.0
B07,1036.0,0.0
B07,1037.0,0.0
B07,1038.0,0.0
B07,1039.0,0.0
B07,1040.0,0.0
B07,1041.0,0.0
B07,1042.0,0.0
B07,1043.0,0.0
B07,1044.0,0.0
B07,1045.0,0.0
B07,1046.0,0.0
B07,1047.0,0.0
B07,1048.0,0.0
B07,1049.0,0.0
B07,1050.0,0.0
B07,1051.0,0.0
B07,1052.0,0.0
B07,1053.0,0.0
B07,1054.0,0.0
B07,1055.0,0.0
B07,1056.0,0.0
B07,1057.0,0.0
B07,1058.0,0.0
B07,1059.0,0.0
B07,1060.0,0.0
B07,1061.0,0.0
B07,1062.0,0.0
B07,1063.0,0.0
B07,1064.0,0.0
B07,1065.0,0.0
B07,1066.0,0.0
B07,1067.0,0.0
B07,1068.0,0.0
B07,1069.0,0.0
B07,1070.0,0.0
B07,1071.0,0.0
B07,1072.0,0.0
B07,1073.0,0.0
B07,1074.0,0.0
B07,1075.0,0.0
B07,1076.0,0.0
B07,1077.0,0.0
B07,1078.0,0.0
B07,1079.0,0.0
B07,1080.0,0.0
B07,1081.0,0.0
B07,1082.0,0.0
B07,1083.0,0.0
B07,1084.0,0.0
B07,1085.0,0.0
B07,1086.0,0.0
B07,1087.0,0.0
B07,1088.0,0.0
B07,1089.0,0.0
B07,1090.0,0.0
B07,1091.0,0.0
B07,1092.0,0.0
B07,1093.0,0.0
B07,1094.0,0.0
B07,1095.0,0.0
B07,1096.0,0.0
B07,1097.0,0.0
B07,1098.0,0.0
B07,1099.0,0.0
B07,1100.0,0.0
B07,1101.0,0.0
B07,1102.0,0.0
B07,1103.0,0.0
B07,1104.0,0.0
B07,1105.0,0.0
B07,1106.0,0.0
B07,1107.0,0.0
B07,1108.0,0.0
B07,1109.0,0.0
B07,1110.0,0.0
B07,1111.0,0.0
B07,1112.0,0.0
B07,1113.0,0.0
B07,1114.0,0.0
B07,1115.0,0.0
B07,1116.0,0.0
B07,1117.0,0.0
B07,1118.0,0.0
B07,1119.0,0.0
B07,1120.0,0.0
B07,1121.0,0.0
B07,1122.0,0.0
B07,1123.0,0.0
B07,1124.0,0.0
B07,1125.0,0.0
B07,1126.0,0.0
B07,1127.0,0.0
B07,1128.0,0.0
B07,1129.0,0.0
B07,1130.0,0.0
B07,1131.0,0.0
B07,1132.0,0.0
B07,1133.0,0.0
B07,1134.0,0.0
B07,1135.0,0.0
B07,1136.0,0.0
B07,1137.0,0.0
B07,1138.0,0.0
B07,1139.0,0.0
B07,1140.0,0.0
B07,1141.0,0.0
B07,1142.0,0.0
B07,1143.0,0.0
B07,1144.0,0.0
B07,1145.0,0.0
B07,1146.0,0.0
B07,1147.0,0.0
B07,1148.0,0.0
B07,1149.0,0.0
B07,1150.0,0.0
B07,1151.0,0.0
B07,1152.0,0.0
B07,1153.0,0.0
B07,1154.0,0.0
B07,1155.0,0.0
B07,1156.0,0.0
B07,1157.0,0.0
B07,1158.0,0.0
B07,1159.0,0.0
B07,1160.0,0.0
B07,1161.0,0.0
B07,1162.0,0.0
B07,1163.0,0.0
B07,1164.0,0.0
B07,1165.0,0.0
B07,1166.0,0.0
B07,1167.0,0.0
B07,1168.0,0.0
B07,1169.0,0.0
B07,1170.0,0.0
B07,1171.0,0.0
B07,1172.0,0.0
B07,1173.0,0.0
B07,1174.0,0.0
B07,1175.0,0.0
B07,1176.0,0.0
B07,1177.0,0.0
B07,1178.0,0.0
B07,1179.0,0.0
B07,1180.0,0.0
B07,1181.0,0.0
B07,1182.0,0.0
B07,1183.0,0.0
B07,1184.0,0.0
B07,1185.0,0.0
B07,1186.0,0.0
B07,1187.0,0.0
B07,1188.0,0.0
B07,1189.0,0.0
B07,1190.0,0.0
B07,1191.0,0.0
B07,1192.0,0.0
B07,1193.0,0.0
B07,1194.0,0.0
B07,1195.0,0.0
B07,1196.0,0.0
B07,1197.0,0.0
B07,1198.0,0.0
B07,1199.0,0.0
B07,1200.0,0.0
B07,1201.0,0.0
B07,1202.0,0.0
B07,1203.0,0.0
B07,1204.0,0.0
B07,1205.0,0.0
B07,1206.0,0.0
B07,1207.0,0.0
B07,1208.0,0.0
B07,1209.0,0.0
B07,1210.0,0.0
B07,1211.0,0.0
B07,1212.0,0.0
B07,1213.0,0.0
B07,1214.0,0.0
B07,1215.0,0.0
B07,1216.0,0.0
B07,1217.0,0.0
B07,1218.0,0.0
B07,1219.0,0.0
B07,1220.0,0.0
B07,1221.0,0.0
B07,1222.0,0.0
B07,1223.0,0.0
B07,1224.0,0.0
B07,1225.0,0.0
B07,1226.0,0.0
B07,1227.0,0.0
B07,1228.0,0.0
B07,1229.0,0.0
B07,1230.0,0.0
B07,1231.0,0.0
B07,1232.0,0.0
B07,1233.0,0.0
B07,1234.0,0.0
B07,1235.0,0.0
B07,1236.0,0.0
B07,1237.0,0.0
B07,1238.0,0.0
B07,1239.0,0.0
B07,1240.0,0.0
B07,1241.0,0.0
B07,1242.0,0.0
B07,1243.0,0.0
B07,1244.0,0.0
B07,1245.0,0.0
B07,1246.0,0.0
B07,1247.0,0.0
B07,1248.0,0.0
B07,1249.0,0.0
B07,1250.0,0.0
B07,1251.0,0.0
B07,1252.0,0.0
B07,1253.0,0.0
B07,1254.0,0.0
B07,1255.0,0.0
B07,1256.0,0.0
B07,1257.0,0.0
B07,1258.0,0.0
B07,1259.0,0.0
B07,1260.0,0.0
B07,1261.0,0.0
B07,1262.0,0.0
B07,1263.0,0.0
B07,1264.0,0.0
B07,1265.0,0.0
B07,1266.0,0.0
B07,1267.0,0.0
B07,1268.0,0.0
B07,1269.0,0.0
B07,1270.0,0.0
B07,1271.0,0.0
B07,1272.0,0.0
B07,1273.0,0.0
B07,1274.0,0.0
B07,1275.0,0.0
B07,1276.0,0.0
B07,1277.0,0.0
B07,1278.0,0.0
B07,1279.0,0.0
B07,1280.0,0.0
B07,1281.0,0.0
B07,1282.0,0.0
B07,1283.0,0.0
B07,1284.0,0.0
B07,1285.0,0.0
B07,1286.0,0.0
B07,1287.0,0.0
B07,1288.0,0.0
B07,1289.0,0.0
B07,1290.0,0.0
B07,1291.0,0.0
B07,1292.0,0.0
B07,1293.0,0.0
B07,1294.0,0.0
B07,1295.0,0.0
B07,1296.0,0.0
B07,1297.0,0.0
B07,1298.0,0.0
B07,1299.0,0.0
B07,1300.0,0.0
B07,1301.0,0.0
B07,1302.0,0.0
B07,1303.0,0.0
B07,1304.0,0.0
B07,1305.0,0.0
B07,1306.0,0.0
B07,1307.0,0.0
B07,1308.0,0.0
B07,1309.0,0.0
B07,1310.0,0.0
B07,1311.0,0.0
B07,1312.0,0.0
B07,1313.0,0.0
B07,1314.0,0.0
B07,1315.0,0.0
B07,1316.0,0.0
B07,1317.0,0.0
B07,1318.0,0.0
B07,1319.0,0.0
B07,1320.0,0.0
B07,1321.0,0.0
B07,1322.0,0.0
B07,1323.0,0.0
B07,1324.0,0.0
B07,1325.0,0.0
B07,1326.0,0.0
B07,1327.0,0.0
B07,1328.0,0.0
B07,1329.0,0.0
B07,1330.0,0.0
B07,1331.0,0.0
B07,1332.0,0.0
B07,1333.0,0.0
B07,1334.0,0.0
B07,1335.0,0.0
B07,1336.0,0.0
B07,1337.0,0.0
B07,1338.0,0.0
B07,1339.0,0.0
B07,1340.0,0.0
B07,1341.0,0.0
B07,1342.0,0.0
B07,1343.0,0.0
B07,1344.0,0.0
B07,1345.0,0.0
B07,1346.0,0.0
B07,1347.0,0.0
B07,1348.0,0.0
B07,1349.0,0.0
B07,1350.0,0.0
B07,1351.0,0.0
B07,1352.0,0.0
B07,1353.0,0.0
B07,1354.0,0.0
B07,1355.0,0.0
B07,1356.0,0.0
B07,1357.0,0.0
B07,1358.0,0.0
B07,1359.0,0.0
B07,1360.0,0.0
B07,1361.0,0.0
B07,1362.0,0.0
B07,1363.0,0.0
B07,1364.0,0.0
B07,1365.0,0.0
B07,1366.0,0.0
B07,1367.0,0.0
B07,1368.0,0.0
B07,1369.0,0.0
B07,1370.0,0.0
B07,1371.0,0.0
B07,1372.0,0.0
B07,1373.0,0.0
B07,1374.0,0.0
B07,1375.0,0.0
B07,1376.0,0.0
B07,1377.0,0.0
B07,1378.0,0.0
B07,1379.0,0.0
B07,1380.0,0.0
B07,1381.0,0.0
B07,1382.0,0.0
B07,1383.0,0.0
B07,1384.0,0.0
B07,1385.0,0.0
B07,1386.0,0.0
B07,1387.0,0.0
B07,1388.0,0.0
B07,1389.0,0.0
B07,1390.0,0.0
B07,1391.0,0.0
B07,1392.0,0.0
B07,1393.0,0.0
B07,1394.0,0.0
B07,1395.0,0.0
B07,1396.0,0.0
B07,1397.0,0.0
B07,1398.0,0.0
B07,1399.0,0.0
B07,1400.0,0.0
B07,1401.0,0.0
B07,1402.0,0.0
B07,1403.0,0.0
B07,1404.0,0.0
B07,1405.0,0.0
B07,1406.0,0.0
B07,1407.0,0.0
B07,1408.0,0.0
B07,1409.0,0.0
B07,1410.0,0.0
B07,1411.0,0.0
B07,1412.0,0.0
B07,1413.0,0.0
B07,1414.0,0.0
B07,1415.0,0.0
B07,1416.0,0.0
B07,1417.0,0.0
B07,1418.0,0.0
B07,1419.0,0.0
B07,1420.0,0.0
B07,1421.0,0.0
B07,1422.0,0.0
B07,1423.0,0.0
B07,1424.0,0.0
B07,1425.0,0.0
B07,1426.0,0.0
B07,1427.0,0.0
B07,1428.0,0.0
B07,1429.0,0.0
B07,1430.0,0.0
B07,1431.0,0.0
B07,1432.0,0.0
B07,1433.0,0.0
B07,1434.0,0.0
B07,1435.0,0.0
B07,1436.0,0.0
B07,1437.0,0.0
B07,1438.0,0.0
B07,1439.0,0.0
B07,1440.0,0.0
B07,1441.0,0.0
B07,1442.0,0.0
B07,1443.0,0.0
B07,1444.0,0.0
B07,1445.0,0.0
B07,1446.0,0.0
B07,1447.0,0.0
B07,1448.0,0.0
B07,1449.0,0.0
B07,1450.0,0.0
B07,1451.0,0.0
B07,1452.0,0.0
B07,1453.0,0.0
B07,1454.0,0.0
B07,1455.0,0.0
B07,1456.0,0.0
B07,1457.0,0.0
B07,1458.0,0.0
B07,1459.0,0.0
B07,1460.0,0.0
B07,1461.0,0.0
B07,1462.0,0.0
B07,1463.0,0.0
B07,1464.0,0.0
B07,1465.0,0.0
B07,1466.0,0.0
B07,1467.0,0.0
B07,1468.0,0.0
B07,1469.0,0.0
B07,1470.0,0.0
B07,1471.0,0.0
B07,1472.0,0.0
B07,1473.0,0.0
B07,1474.0,0.0
B07,1475.0,0.0
B07,1476.0,0.0
B07,1477.0,0.0
B07,1478.0,0.0
B07,1479.0,0.0
B07,1480.0,0.0
B07,1481.0,0.0
B07,1482.0,0.0
B07,1483.0,0.0
B07,1484.0,0.0
B07,1485.0,0.0
B07,1486.0,0.0
B07,1487.0,0.0
B07,1488.0,0.0
B07,1489.0,0.0
B07,1490.0,0.0
B07,1491.0,0.0
B07,1492.0,0.0
B07,1493.0,0.0
B07,1494.0,0.0
B07,1495.0,0.0
B07,1496.0,0.0
B07,1497.0,0.0
B07,1498.0,0.0
B07,1499.0,0.0
B07,1500.0,0.0
B07,1501.0,0.0
B07,1502.0,0.0
B07,1503.0,0.0
B07,1504.0,0.0
B07,1505.0,0.0
B07,1506.0,0.0
B07,1507.0,0.0
B07,1508.0,0.0
B07,1509.0,0.0
B07,1510.0,0.0
B07,1511.0,0.0
B07,1512.0,0.0
B07,1513.0,0.0
B07,1514.0,0.0
B07,1515.0,0.0
B07,1516.0,0.0
B07,1517.0,0.0
B07,1518.0,0.0
B07,1519.0,0.0
B07,1520.0,0.0
B07,1521.0,0.0
B07,1522.0,0.0
B07,1523.0,0.0
B07,1524.0,0.0
B07,1525.0,0.0
B07,1526.0,0.0
B07,1527.0,0.0
B07,1528.0,0.0
B07,1529.0,0.0
B07,1530.0,0.0
B07,1531.0,0.0
B07,1532.0,0.0
B07,1533.0,0.0
B07,1534.0,0.0
B07,1535.0,0.0
B07,1536.0,0.0
B07,1537.0,0.0
B07,1538.0,0.0
B07,1539.0,0.0
B07,1540.0,0.0
B07,1541.0,0.0
B07,1542.0,0.0
B07,1543.0,0.0
B07,1544.0,0.0
B07,1545.0,0.0
B07,1546.0,0.0
B07,1547.0,0.0
B07,1548.0,0.0
B07,1549.0,0.0
B07,1550.0,0.0
B07,1551.0,0.0
B07,1552.0,0.0
B07,1553.0,0.0
B07,1554.0,0.0
B07,1555.0,0.0
B07,1556.0,0.0
B07,1557.0,0.0
B07,1558.0,0.0
B07,1559.0,0.0
B07,1560.0,0.0
B07,1561.0,0.0
B07,1562.0,0.0
B07,1563.0,0.0
B07,1564.0,0.0
B07,1565.0,0.0
B07,1566.0,0.0
B07,1567.0,0.0
B07,1568.0,0.0
B07,1569.0,0.0
B07,1570.0,0.0
B07,1571.0,0.0
B07,1572.0,0.0
B07,1573.0,0.0
B07,1574.0,0.0
B07,1575.0,0.0
B07,1576.0,0.0
B07,1577.0,0.0
B07,1578.0,0.0
B07,1579.0,0.0
B07,1580.0,0.0
B07,1581.0,0.0
B07,1582.0,0.0
B07,1583.0,0.0
B07,1584.0,0.0
B07,1585.0,0.0
B07,1586.0,0.0
B07,1587.0,0.0
B07,1588.0,0.0
B07,1589.0,0.0
B07,1590.0,0.0
B07,1591.0,0.0
B07,1592.0,0.0
B07,1593.0,0.0
B07,1594.0,0.0
B07,1595.0,0.0
B07,1596.0,0.0
B07,1597.0,0.0
B07,1598.0,0.0
B07,1599.0,0.0
B07,1600.0,0.0
B07,1601.0,0.0
B07,1602.0,0.0
B07,1603.0,0.0
B07,1604.0,0.0
B07,1605.0,0.0
B07,1606.0,0.0
B07,1607.0,0.0
B07,1608.0,0.0
B07,1609.0,0.0
B07,1610.0,0.0
B07,1611.0,0.0
B07,1612.0,0.0
B07,1613.0,0.0
B07,1614.0,0.0
B07,1615.0,0.0
B07,1616.0,0.0
B07,1617.0,0.0
B07,1618.0,0.0
B07,1619.0,0.0
B07,1620.0,0.0
B07,1621.0,0.0
B07,1622.0,0.0
B07,1623.0,0.0
B07,1624.0,0.0
B07,1625.0,0.0
B07,1626.0,0.0
B07,1627.0,0.0
B07,1628.0,0.0
B07,1629.0,0.0
B07,1630.0,0.0
B07,1631.0,0.0
B07,1632.0,0.0
B07,1633.0,0.0
B07,1634.0,0.0
B07,1635.0,0.0
B07,1636.0,0.0
B07,1637.0,0.0
B07,1638.0,0.0
B07,1639.0,0.0
B07,1640.0,0.0
B07,1641.0,0.0
B07,1642.0,0.0
B07,1643.0,0.0
B07,1644.0,0.0
B07,1645.0,0.0
B07,1646.0,0.0
B07,1647.0,0.0
B07,1648.0,0.0
B07,1649.0,0.0
B07,1650.0,0.0
B07,1651.0,0.0
B07,1652.0,0.0
B07,1653.0,0.0
B07,1654.0,0.0
B07,1655.0,0.0
B07,1656.0,0.0
B07,1657.0,0.0
B07,1658.0,0.0
B07,1659.0,0.0
B07,1660.0,0.0
B07,1661.0,0.0
B07,1662.0,0.0
B07,1663.0,0.0
B07,1664.0,0.0
B07,1665.0,0.0
B07,1666.0,0.0
B07,1667.0,0.0
B07,1668.0,0.0
B07,1669.0,0.0
B07,1670.0,0.0
B07,1671.0,0.0
B07,1672.0,0.0
B07,1673.0,0.0
B07,1674.0,0.0
B07,1675.0,0.0
B07,1676.0,0.0
B07,1677.0,0.0
B07,1678.0,0.0
B07,1679.0,0.0
B07,1680.0,0.0
B07,1681.0,0.0
B07,1682.0,0.0
B07,1683.0,0.0
B07,1684.0,0.0
B07,1685.0,0.0
B07,1686.0,0.0
B07,1687.0,0.0
B07,1688.0,0.0
B07,1689.0,0.0
B07,1690.0,0.0
B07,1691.0,0.0
B07,1692.0,0.0
B07,1693.0,0.0
B07,1694.0,0.0
B07,1695.0,0.0
B07,1696.0,0.0
B07,1697.0,0.0
B07,1698.0,0.0
B07,1699.0,0.0
B07,1700.0,0.0
B07,1701.0,0.0
B07,1702.0,0.0
B07,1703.0,0.0
B07,1704.0,0.0
B07,1705.0,0.0
B07,1706.0,0.0
B07,1707.0,0.0
B07,1708.0,0.0
B07,1709.0,0.0
B07,1710.0,0.0
B07,1711.0,0.0
B07,1712.0,0.0
B07,1713.0,0.0
B07,1714.0,0.0
B07,1715.0,0.0
B07,1716.0,0.0
B07,1717.0,0.0
B07,1718.0,0.0
B07,1719.0,0.0
B07,1720.0,0.0
B07,1721.0,0.0
B07,1722.0,0.0
B07,1723.0,0.0
B07,1724.0,0.0
B07,1725.0,0.0
B07,1726.0,0.0
B07,1727.0,0.0
B07,1728.0,0.0
B07,1729.0,0.0
B07,1730.0,0.0
B07,1731.0,0.0
B07,1732.0,0.0
B07,1733.0,0.0
B07,1734.0,0.0
B07,1735.0,0.0
B07,1736.0,0.0
B07,1737.0,0.0
B07,1738.0,0.0
B07,1739.0,0.0
B07,1740.0,0.0
B07,1741.0,0.0
B07,1742.0,0.0
B07,1743.0,0.0
B07,1744.0,0.0
B07,1745.0,0.0
B07,1746.0,0.0
B07,1747.0,0.0
B07,1748.0,0.0
B07,1749.0,0.0
B07,1750.0,0.0
B07,1751.0,0.0
B07,1752.0,0.0
B07,1753.0,0.0
B07,1754.0,0.0
B07,1755.0,0.0
B07,1756.0,0.0
B07,1757.0,0.0
B07,1758.0,0.0
B07,1759.0,0.0
B07,1760.0,0.0
B07,1761.0,0.0
B07,1762.0,0.0
B07,1763.0,0.0
B07,1764.0,0.0
B07,1765.0,0.0
B07,1766.0,0.0
B07,1767.0,0.0
B07,1768.0,0.0
B07,1769.0,0.0
B07,1770.0,0.0
B07,1771.0,0.0
B07,1772.0,0.0
B07,1773.0,0.0
B07,1774.0,0.0
B07,1775.0,0.0
B07,1776.0,0.0
B07,1777.0,0.0
B07,1778.0,0.0
B07,1779.0,0.0
B07,1780.0,0.0
B07,1781.0,0.0
B07,1782.0,0.0
B07,1783.0,0.0
B07,1784.0,0.0
B07,1785.0,0.0
B07,1786.0,0.0
B07,1787.0,0.0
B07,1788.0,0.0
B07,1789.0,0.0
B07,1790.0,0.0
B07,1791.0,0.0
B07,1792.0,0.0
B07,1793.0,0.0
B07,1794.0,0.0
B07,1795.0,0.0
B07,1796.0,0.0
B07,1797.0,0.0
B07,1798.0,0.0
B07,1799.0,0.0
B07,1800.0,0.0
B07,1801.0,0.0
B07,1802.0,0.0
B07,1803.0,0.0
B07,1804.0,0.0
B07,1805.0,0.0
B07,1806.0,0.0
B07,1807.0,0.0
B07,1808.0,0.0
B07,1809.0,0.0
B07,1810.0,0.0
B07,1811.0,0.0
B07,1812.0,0.0
B07,1813.0,0.0
B07,1814.0,0.0
B07,1815.0,0.0
B07,1816.0,0.0
B07,1817.0,0.0
B07,1818.0,0.0
B07,1819.0,0.0
B07,1820.0,0.0
B07,1821.0,0.0
B07,1822.0,0.0
B07,1823.0,0.0
B07,1824.0,0.0
B07,1825.0,0.0
B07,1826.0,0.0
B07,1827.0,0.0
B07,1828.0,0.0
B07,1829.0,0.0
B07,1830.0,0.0
B07,1831.0,0.0
B07,1832.0,0.0
B07,1833.0,0.0
B07,1834.0,0.0
B07,1835.0,0.0
B07,1836.0,0.0
B07,1837.0,0.0
B07,1838.0,0.0
B07,1839.0,0.0
B07,1840.0,0.0
B07,1841.0,0.0
B07,1842.0,0.0
B07,1843.0,0.0
B07,1844.0,0.0
B07,1845.0,0.0
B07,1846.0,0.0
B07,1847.0,0.0
B07,1848.0,0.0
B07,1849.0,0.0
B07,1850.0,0.0
B07,1851.0,0.0
B07,1852.0,0.0
B07,1853.0,0.0
B07,1854.0,0.0
B07,1855.0,0.0
B07,1856.0,0.0
B07,1857.0,0.0
B07,1858.0,0.0
B07,1859.0,0.0
B07,1860.0,0.0
B07,1861.0,0.0
B07,1862.0,0.0
B07,1863.0,0.0
B07,1864.0,0.0
B07,1865.0,0.0
B07,1866.0,0.0
B07,1867.0,0.0
B07,1868.0,0.0
B07,1869.0,0.0
B07,1870.0,0.0
B07,1871.0,0.0
B07,1872.0,0.0
B07,1873.0,0.0
B07,1874.0,0.0
B07,1875.0,0.0
B07,1876.0,0.0
B07,1877.0,0.0
B07,1878.0,0.0
B07,1879.0,0.0
B07,1880.0,0.0
B07,1881.0,0.0
B07,1882.0,0.0
B07,1883.0,0.0
B07,1884.0,0.0
B07,1885.0,0.0
B07,1886.0,0.0
B07,1887.0,0.0
B07,1888.0,0.0
B07,1889.0,0.0
B07,1890.0,0.0
B07,1891.0,0.0
B07,1892.0,0.0
B07,1893.0,0.0
B07,1894.0,0.0
B07,1895.0,0.0
B07,1896.0,0.0
B07,1897.0,0.0
B07,1898.0,0.0
B07,1899.0,0.0
B07,1900.0,0.0
B07,1901.0,0.0
B07,1902.0,0.0
B07,1903.0,0.0
B07,1904.0,0.0
B07,1905.0,0.0
B07,1906.0,0.0
B07,1907.0,0.0
B07,1908.0,0.0
B07,1909.0,0.0
B07,1910.0,0.0
B07,1911.0,0.0
B07,1912.0,0.0
B07,1913.0,0.0
B07,1914.0,0.0
B07,1915.0,0.0
B07,1916.0,0.0
B07,1917.0,0.0
B07,1918.0,0.0
B07,1919.0,0.0
B07,1920.0,0.0
B07,1921.0,0.0
B07,1922.0,0.0
B07,1923.0,0.0
B07,1924.0,0.0
B07,1925.0,0.0
B07,1926.0,0.0
B07,1927.0,0.0
B07,1928.0,0.0
B07,1929.0,0.0
B07,1930.0,0.0
B07,1931.0,0.0
B07,1932.0,0.0
B07,1933.0,0.0
B07,1934.0,0.0
B07,1935.0,0.0
B07,1936.0,0.0
B07,1937.0,0.0
B07,1938.0,0.0
B07,1939.0,0.0
B07,1940.0,0.0
B07,1941.0,0.0
B07,1942.0,0.0
B07,1943.0,0.0
B07,1944.0,0.0
B07,1945.0,0.0
B07,1946.0,0.0
B07,1947.0,0.0
B07,1948.0,0.0
B07,1949.0,0.0
B07,1950.0,0.0
B07,1951.0,0.0
B07,1952.0,0.0
B07,1953.0,0.0
B07,1954.0,0.0
B07,1955.0,0.0
B07,1956.0,0.0
B07,1957.0,0.0
B07,1958.0,0.0
B07,1959.0,0.0
B07,1960.0,0.0
B07,1961.0,0.0
B07,1962.0,0.0
B07,1963.0,0.0
B07,1964.0,0.0
B07,1965.0,0.0
B07,1966.0,0.0
B07,1967.0,0.0
B07,1968.0,0.0
B07,1969.0,0.0
B07,1970.0,0.0
B07,1971.0,0.0
B07,1972.0,0.0
B07,1973.0,0.0
B07,1974.0,0.0
B07,1975.0,0.0
B07,1976.0,0.0
B07,1977.0,0.0
B07,1978.0,0.0
B07,1979.0,0.0
B07,1980.0,0.0
B07,1981.0,0.0
B07,1982.0,0.0
B07,1983.0,0.0
B07,1984.0,0.0
B07,1985.0,0.0
B07,1986.0,0.0
B07,1987.0,0.0
B07,1988.0,0.0
B07,1989.0,0.0
B07,1990.0,0.0
B07,1991.0,0.0
B07,1992.0,0.0
B07,1993.0,0.0
B07,1994.0,0.0
B07,1995.0,0.0
B07,1996.0,0.0
B07,1997.0,0.0
B07,1998.0,0.0
B07,1999.0,0.0
B07,2000.0,0.0
B07,2001.0,0.0
B07,2002.0,0.0
B07,2003.0,0.0
B07,2004.0,0.0
B07,2005.0,0.0
B07,2006.0,0.0
B07,2007.0,0.0
B07,2008.0,0.0
B07,2009.0,0.0
B07,2010.0,0.0
B07,2011.0,0.0
B07,2012.0,0.0
B07,2013.0,0.0
B07,2014.0,0.0
B07,2015.0,0.0
B07,2016.0,0.0
B07,2017.0,0.0
B07,2018.0,0.0
B07,2019.0,0.0
B07,2020.0,0.0
B07,2021.0,0.0
B07,2022.0,0.0
B07,2023.0,0.0
B07,2024.0,0.0
B07,2025.0,0.0
B07,2026.0,0.0
B07,2027.0,0.0
B07,2028.0,0.0
B07,2029.0,0.0
B07,2030.0,0.0
B07,2031.0,0.0
B07,2032.0,0.0
B07,2033.0,0.0
B07,2034.0,0.0
B07,2035.0,0.0
B07,2036.0,0.0
B07,2037.0,0.0
B07,2038.0,0.0
B07,2039.0,0.0
B07,2040.0,0.0
B07,2041.0,0.0
B07,2042.0,0.0
B07,2043.0,0.0
B07,2044.0,0.0
B07,2045.0,0.0
B07,2046.0,0.0
B07,2047.0,0.0
B07,2048.0,0.0
B07,2049.0,0.0
B07,2050.0,0.0
B07,2051.0,0.0
B07,2052.0,0.0
B07,2053.0,0.0
B07,2054.0,0.0
B07,2055.0,0.0
B07,2056.0,0.0
B07,2057.0,0.0
B07,2058.0,0.0
B07,2059.0,0.0
B07,2060.0,0.0
B07,2061.0,0.0
B07,2062.0,0.0
B07,2063.0,0.0
B07,2064.0,0.0
B07,2065.0,0.0
B07,2066.0,0.0
B07,2067.0,0.0
B07,2068.0,0.0
B07,2069.0,0.0
B07,2070.0,0.0
B07,2071.0,0.0
B07,2072.0,0.0
B07,2073.0,0.0
B07,2074.0,0.0
B07,2075.0,0.0
B07,2076.0,0.0
B07,2077.0,0.0
B07,2078.0,0.0
B07,2079.0,0.0
B07,2080.0,0.0
B07,2081.0,0.0
B07,2082.0,0.0
B07,2083.0,0.0
B07,2084.0,0.0
B07,2085.0,0.0
B07,2086.0,0.0
B07,2087.0,0.0
B07,2088.0,0.0
B07,2089.0,0.0
B07,2090.0,0.0
B07,2091.0,0.0
B07,2092.0,0.0
B07,2093.0,0.0
B07,2094.0,0.0
B07,2095.0,0.0
B07,2096.0,0.0
B07,2097.0,0.0
B07,2098.0,0.0
B07,2099.0,0.0
B07,2100.0,0.0
B07,2101.0,0.0
B07,2102.0,0.0
B07,2103.0,0.0
B07,2104.0,0.0
B07,2105.0,0.0
B07,2106.0,0.0
B07,2107.0,0.0
B07,2108.0,0.0
B07,2109.0,0.0
B07,2110.0,0.0
B07,2111.0,0.0
B07,2112.0,0.0
B07,2113.0,0.0
B07,2114.0,0.0
B07,2115.0,0.0
B07,2116.0,0.0
B07,2117.0,0.0
B07,2118.0,0.0
B07,2119.0,0.0
B07,2120.0,0.0
B07,2121.0,0.0
B07,2122.0,0.0
B07,2123.0,0.0
B07,2124.0,0.0
B07,2125.0,0.0
B07,2126.0,0.0
B07,2127.0,0.0
B07,2128.0,0.0
B07,2129.0,0.0
B07,2130.0,0.0
B07,2131.0,0.0
B07,2132.0,0.0
B07,2133.0,0.0
B07,2134.0,0.0
B07,2135.0,0.0
B07,2136.0,0.0
B07,2137.0,0.0
B07,2138.0,0.0
B07,2139.0,0.0
B07,2140.0,0.0
B07,2141.0,0.0
B07,2142.0,0.0
B07,2143.0,0.0
B07,2144.0,0.0
B07,2145.0,0.0
B07,2146.0,0.0
B07,2147.0,0.0
B07,2148.0,0.0
B07,2149.0,0.0
B07,2150.0,0.0
B07,2151.0,0.0
B07,2152.0,0.0
B07,2153.0,0.0
B07,2154.0,0.0
B07,2155.0,0.0
B07,2156.0,0.0
B07,2157.0,0.0
B07,2158.0,0.0
B07,2159.0,0.0
B07,2160.0,0.0
B07,2161.0,0.0
B07,2162.0,0.0
B07,2163.0,0.0
B07,2164.0,0.0
B07,2165.0,0.0
B07,2166.0,0.0
B07,2167.0,0.0
B07,2168.0,0.0
B07,2169.0,0.0
B07,2170.0,0.0
B07,2171.0,0.0
B07,2172.0,0.0
B07,2173.0,0.0
B07,2174.0,0.0
B07,2175.0,0.0
B07,2176.0,0.0
B07,2177.0,0.0
B07,2178.0,0.0
B07,2179.0,0.0
B07,2180.0,0.0
B07,2181.0,0.0
B07,2182.0,0.0
B07,2183.0,0.0
B07,2184.0,0.0
B07,2185.0,0.0
B07,2186.0,0.0
B07,2187.0,0.0
B07,2188.0,0.0
B07,2189.0,0.0
B07,2190.0,0.0
B07,2191.0,0.0
B07,2192.0,0.0
B07,2193.0,0.0
B07,2194.0,0.0
B07,2195.0,0.0
B07,2196.0,0.0
B07,2197.0,0.0
B07,2198.0,0.0
B07,2199.0,0.0
B07,2200.0,0.0
B07,2201.0,0.0
B07,2202.0,0.0
B07,2203.0,0.0
B07,2204.0,0.0
B07,2205.0,0.0
B07,2206.0,0.0
B07,2207.0,0.0
B07,2208.0,0.0
B07,2209.0,0.0
B07,2210.0,0.0
B07,2211.0,0.0
B07,2212.0,0.0
B07,2213.0,0.0
B07,2214.0,0.0
B07,2215.0,0.0
B07,2216.0,0.0
B07,2217.0,0.0
B07,2218.0,0.0
B07,2219.0,0.0
B07,2220.0,0.0
B07,2221.0,0.0
B07,2222.0,0.0
B07,2223.0,0.0
B07,2224.0,0.0
B07,2225.0,0.0
B07,2226.0,0.0
B07,2227.0,0.0
B07,2228.0,0.0
B07,2229.0,0.0
B07,2230.0,0.0
B07,2231.0,0.0
B07,2232.0,0.0
B07,2233.0,0.0
B07,2234.0,0.0
B07,2235.0,0.0
B07,2236.0,0.0
B07,2237.0,0.0
B07,2238.0,0.0
B07,2239.0,0.0
B07,2240.0,0.0
B07,2241.0,0.0
B07,2242.0,0.0
B07,2243.0,0.0
B07,2244.0,0.0
B07,2245.0,0.0
B07,2246.0,0.0
B07,2247.0,0.0
B07,2248.0,0.0
B07,2249.0,0.0
B07,2250.0,0.0
B07,2251.0,0.0
B07,2252.0,0.0
B07,2253.0,0.0
B07,2254.0,0.0
B07,2255.0,0.0
B07,2256.0,0.0
B07,2257.0,0.0
B07,2258.0,0.0
B07,2259.0,0.0
B07,2260.0,0.0
B07,2261.0,0.0
B07,2262.0,0.0
B07,2263.0,0.0
B07,2264.0,0.0
B07,2265.0,0.0
B07,2266.0,0.0
B07,2267.0,0.0
B07,2268.0,0.0
B07,2269.0,0.0
B07,2270.0,0.0
B07,2271.0,0.0
B07,2272.0,0.0
B07,2273.0,0.0
B07,2274.0,0.0
B07,2275.0,0.0
B07,2276.0,0.0
B07,2277.0,0.0
B07,2278.0,0.0
B07,2279.0,0.0
B07,2280.0,0.0
B07,2281.0,0.0
B07,2282.0,0.0
B07,2283.0,0.0
B07,2284.0,0.0
B07,2285.0,0.0
B07,2286.0,0.0
B07,2287.0,0.0
B07,2288.0,0.0
B07,2289.0,0.0
B07,2290.0,0.0
B07,2291.0,0.0
B07,2292.0,0.0
B07,2293.0,0.0
B07,2294.0,0.0
B07,2295.0,0.0
B07,2296.0,0.0
B07,2297.0,0.0
B07,2298.0,0.0
B07,2299.0,0.0
B07,2300.0,0.0
B07,2301.0,0.0
B07,2302.0,0.0
B07,2303.0,0.0
B07,2304.0,0.0
B07,2305.0,0.0
B07,2306.0,0.0
B07,2307.0,0.0
B07,2308.0,0.0
B07,2309.0,0.0
B07,2310.0,0.0
B07,2311.0,0.0
B07,2312.0,0.0
B07,2313.0,0.0
B07,2314.0,0.0
B07,2315.0,0.0
B07,2316.0,0.0
B07,2317.0,0.0
B07,2318.0,0.0
B07,2319.0,0.0
B07,2320.0,0.0
B07,2321.0,0.0
B07,2322.0,0.0
B07,2323.0,0.0
B07,2324.0,0.0
B07,2325.0,0.0
B07,2326.0,0.0
B07,2327.0,0.0
B07,2328.0,0.0
B07,2329.0,0.0
B07,2330.0,0.0
B07,2331.0,0.0
B07,2332.0,0.0
B07,2333.0,0.0
B07,2334.0,0.0
B07,2335.0,0.0
B07,2336.0,0.0
B07,2337.0,0.0
B07,2338.0,0.0
B07,2339.0,0.0
B07,2340.0,0.0
B07,2341.0,0.0
B07,2342.0,0.0
B07,2343.0,0.0
B07,2344.0,0.0
B07,2345.0,0.0
B07,2346.0,0.0
B07,2347.0,0.0
B07,2348.0,0.0
B07,2349.0,0.0
B07,2350.0,0.0
B07,2351.0,0.0
B07,2352.0,0.0
B07,2353.0,0.0
B07,2354.0,0.0
B07,2355.0,0.0
B07,2356.0,0.0
B07,2357.0,0.0
B07,2358.0,0.0
B07,2359.0,0.0
B07,2360.0,0.0
B07,2361.0,0.0
B07,2362.0,0.0
B07,2363.0,0.0
B07,2364.0,0.0
B07,2365.0,0.0
B07,2366.0,0.0
B07,2367.0,0.0
B07,2368.0,0.0
B07,2369.0,0.0
B07,2370.0,0.0
B07,2371.0,0.0
B07,2372.0,0.0
B07,2373.0,0.0
B07,2374.0,0.0
B07,2375.0,0.0
B07,2376.0,0.0
B07,2377.0,0.0
B07,2378.0,0.0
B07,2379.0,0.0
B07,2380.0,0.0
B07,2381.0,0.0
B07,2382.0,0.0
B07,2383.0,0.0
B07,2384.0,0.0
B07,2385.0,0.0
B07,2386.0,0.0
B07,2387.0,0.0
B07,2388.0,0.0
B07,2389.0,0.0
B07,2390.0,0.0
B07,2391.0,0.0
B07,2392.0,0.0
B07,2393.0,0.0
B07,2394.0,0.0
B07,2395.0,0.0
B07,2396.0,0.0
B07,2397.0,0.0
B07,2398.0,0.0
B07,2399.0,0.0
B07,2400.0,0.0
B07,2401.0,0.0
B07,2402.0,0.0
B07,2403.0,0.0
B07,2404.0,0.0
B07,2405.0,0.0
B07,2406.0,0.0
B07,2407.0,0.0
B07,2408.0,0.0
B07,2409.0,0.0
B07,2410.0,0.0
B07,2411.0,0.0
B07,2412.0,0.0
B07,2413.0,0.0
B07,2414.0,0.0
B07,2415.0,0.0
B07,2416.0,0.0
B07,2417.0,0.0
B07,2418.0,0.0
B07,2419.0,0.0
B07,2420.0,0.0
B07,2421.0,0.0
B07,2422.0,0.0
B07,2423.0,0.0
B07,2424.0,0.0
B07,2425.0,0.0
B07,2426.0,0.0
B07,2427.0,0.0
B07,2428.0,0.0
B07,2429.0,0.0
B07,2430.0,0.0
B07,2431.0,0.0
B07,2432.0,0.0
B07,2433.0,0.0
B07,2434.0,0.0
B07,2435.0,0.0
B07,2436.0,0.0
B07,2437.0,0.0
B07,2438.0,0.0
B07,2439.0,0.0
B07,2440.0,0.0
B07,2441.0,0.0
B07,2442.0,0.0
B07,2443.0,0.0
B07,2444.0,0.0
B07,2445.0,0.0
B07,2446.0,0.0
B07,2447.0,0.0
B07,2448.0,0.0
B07,2449.0,0.0
B07,2450.0,0.0
B07,2451.0,0.0
B07,2452.0,0.0
B07,2453.0,0.0
B07,2454.0,0.0
B07,2455.0,0.0
B07,2456.0,0.0
B07,2457.0,0.0
B07,2458.0,0.0
B07,2459.0,0.0
B07,2460.0,0.0
B07,2461.0,0.0
B07,2462.0,0.0
B07,2463.0,0.0
B07,2464.0,0.0
B07,2465.0,0.0
B07,2466.0,0.0
B07,2467.0,0.0
B07,2468.0,0.0
B07,2469.0,0.0
B07,2470.0,0.0
B07,2471.0,0.0
B07,2472.0,0.0
B07,2473.0,0.0
B07,2474.0,0.0
B07,2475.0,0.0
B07,2476.0,0.0
B07,2477.0,0.0
B07,2478.0,0.0
B07,2479.0,0.0
B07,2480.0,0.0
B07,2481.0,0.0
B07,2482.0,0.0
B07,2483.0,0.0
B07,2484.0,0.0
B07,2485.0,0.0
B07,2486.0,0.0
B07,2487.0,0.0
B07,2488.0,0.0
B07,2489.0,0.0
B07,2490.0,0.0
B07,2491.0,0.0
B07,2492.0,0.0
B07,2493.0,0.0
B07,2494.0,0.0
B07,2495.0,0.0
B07,2496.0,0.0
B07,2497.0,0.0
B07,2498.0,0.0
B07,2499.0,0.0
B07,2500.0,0.0
B07,2501.0,0.0
B07,2502.0,0.0
B07,2503.0,0.0
B07,2504.0,0.0
B07,2505.0,0.0
B07,2506.0,0.0
B07,2507.0,0.0
B07,2508.0,0.0
B07,2509.0,0.0
B07,2510.0,0.0
B07,2511.0,0.0
B07,2512.0,0.0
B07,2513.0,0.0
B07,2514.0,0.0
B07,2515.0,0.0
B07,2516.0,0.0
B07,2517.0,0.0
B07,2518.0,0.0
B07,2519.0,0.0
B07,2520.0,0.0
B07,2521.0,0.0
B07,2522.0,0.0
B07,2523.0,0.0
B07,2524.0,0.0
B07,2525.0,0.0
B07,2526.0,0.0
B07,2527.0,0.0
B07,2528.0,0.0
B07,2529.0,0.0
B07,2530.0,0.0
B07,2531.0,0.0
B07,2532.0,0.0
B07,2533.0,0.0
B07,2534.0,0.0
B07,2535.0,0.0
B07,2536.0,0.0
B07,2537.0,0.0
B07,2538.0,0.0
B07,2539.0,0.0
B07,2540.0,0.0
B07,2541.0,0.0
B07,2542.0,0.0
B07,2543.0,0.0
B07,2544.0,0.0
B07,2545.0,0.0
B07,2546.0,0.0
B07,2547.0,0.0
B07,2548.0,0.0
B07,2549.0,0.0
B07,2550.0,0.0
B07,2551.0,0.0
B07,2552.0,0.0
B07,2553.0,0.0
B07,2554.0,0.0
B07,2555.0,0.0
B07,2556.0,0.0
B07,2557.0,0.0
B07,2558.0,0.0
B07,2559.0,0.0
B07,2560.0,0.0
B07,2561.0,0.0
B07,2562.0,0.0
B07,2563.0,0.0
B07,2564.0,0.0
B07,2565.0,0.0
B07,2566.0,0.0
B07,2567.0,0.0
B07,2568.0,0.0
B07,2569.0,0.0
B07,2570.0,0.0
B07,2571.0,0.0
B07,2572.0,0.0
B07,2573.0,0.0
B07,2574.0,0.0
B07,2575.0,0.0
B07,2576.0,0.0
B07,2577.0,0.0
B07,2578.0,0.0
B07,2579.0,0.0
B07,2580.0,0.0
B07,2581.0,0.0
B07,2582.0,0.0
B07,2583.0,0.0
B07,2584.0,0.0
B07,2585.0,0.0
B07,2586.0,0.0
B07,2587.0,0.0
B07,2588.0,0.0
B07,2589.0,0.0
B07,2590.0,0.0
B07,2591.0,0.0
B07,2592.0,0.0
B07,2593.0,0.0
B07,2594.0,0.0
B07,2595.0,0.0
B07,2596.0,0.0
B07,2597.0,0.0
B07,2598.0,0.0
B07,2599.0,0.0
B07,2600.0,0.0
B08,300.0,0.0
B08,301.0,0.0
B08,302.0,0.0
B08,303.0,0.0
B08,304.0,0.0
B08,305.0,0.0
B08,306.0,0.0
B08,307.0,0.0
B08,308.0,0.0
B08,309.0,0.0
B08,310.0,0.0
B08,311.0,0.0
B08,312.0,0.0
B08,313.0,0.0
B08,314.0,0.0
B08,315.0,0.0
B08,316.0,0.0
B08,317.0,0.0
B08,318.0,0.0
B08,319.0,0.0
B08,320.0,0.0
B08,321.0,0.0
B08,322.0,0.0
B08,323.0,0.0
B08,324.0,0.0
B08,325.0,0.0
B08,326.0,0.0
B08,327.0,0.0
B08,328.0,0.0
B08,329.0,0.0
B08,330.0,0.0
B08,331.0,0.0
B08,332.0,0.0
B08,333.0,0.0
B08,334.0,0.0
B08,335.0,0.0
B08,336.0,0.0
B08,337.0,0.0
B08,338.0,0.0
B08,339.0,0.0
B08,340.0,0.0
B08,341.0,0.0
B08,342.0,0.0
B08,343.0,0.0
B08,344.0,0.0
B08,345.0,0.0
B08,346.0,0.0
B08,347.0,0.0
B08,348.0,0.0
B08,349.0,0.0
B08,350.0,0.0
B08,351.0,0.0
B08,352.0,0.0
B08,353.0,0.0
B08,354.0,0.0
B08,355.0,0.0
B08,356.0,0.0
B08,357.0,0.0
B08,358.0,0.0
B08,359.0,0.0
B08,360.0,0.0
B08,361.0,0.0
B08,362.0,0.0
B08,363.0,0.0
B08,364.0,0.0
B08,365.0,0.0
B08,366.0,0.0
B08,367.0,0.0
B08,368.0,0.0
B08,369.0,0.0
B08,370.0,0.0
B08,371.0,0.0
B08,372.0,0.0
B08,373.0,0.0
B08,374.0,0.0
B08,375.0,0.0
B08,376.0,0.0
B08,377.0,0.0
B08,378.0,0.0
B08,379.0,0.0
B08,380.0,0.0
B08,381.0,0.0
B08,382.0,0.0
B08,383.0,0.0
B08,384.0,0.0
B08,385.0,0.0
B08,386.0,0.0
B08,387.0,0.0
B08,388.0,0.0
B08,389.0,0.0
B08,390.0,0.0
B08,391.0,0.0
B08,392.0,0.0
B08,393.0,0.0
B08,394.0,0.0
B08,395.0,0.0
B08,396.0,0.0
B08,397.0,0.0
B08,398.0,0.0
B08,399.0,0.0
B08,400.0,0.0
B08,401.0,0.0
B08,402.0,0.0
B08,403.0,0.0
B08,404.0,0.0
B08,405.0,0.0
B08,406.0,0.0
B08,407.0,0.0
B08,408.0,0.0
B08,409.0,0.0
B08,410.0,0.0
B08,411.0,0.0
B08,412.0,0.0
B08,413.0,0.0
B08,414.0,0.0
B08,415.0,0.0
B08,416.0,0.0
B08,417.0,0.0
B08,418.0,0.0
B08,419.0,0.0
B08,420.0,0.0
B08,421.0,0.0
B08,422.0,0.0
B08,423.0,0.0
B08,424.0,0.0
B08,425.0,0.0
B08,426.0,0.0
B08,427.0,0.0
B08,428.0,0.0
B08,429.0,0.0
B08,430.0,0.0
B08,431.0,0.0
B08,432.0,0.0
B08,433.0,0.0
B08,434.0,0.0
B08,435.0,0.0
B08,436.0,0.0
B08,437.0,0.0
B08,438.0,0.0
B08,439.0,0.0
B08,440.0,0.0
B08,441.0,0.0
B08,442.0,0.0
B08,443.0,0.0
B08,444.0,0.0
B08,445.0,0.0
B08,446.0,0.0
B08,447.0,0.0
B08,448.0,0.0
B08,449.0,0.0
B08,450.0,0.0
B08,451.0,0.0
B08,452.0,0.0
B08,453.0,0.0
B08,454.0,0.0
B08,455.0,0.0
B08,456.0,0.0
B08,457.0,0.0
B08,458.0,0.0
B08,459.0,0.0
B08,460.0,0.0
B08,461.0,0.0
B08,462.0,0.0
B08,463.0,0.0
B08,464.0,0.0
B08,465.0,0.0
B08,466.0,0.0
B08,467.0,0.0
B08,468.0,0.0
B08,469.0,0.0
B08,470.0,0.0
B08,471.0,0.0
B08,472.0,0.0
B08,473.0,0.0
B08,474.0,0.0
B08,475.0,0.0
B08,476.0,0.0
B08,477.0,0.0
B08,478.0,0.0
B08,479.0,0.0
B08,480.0,0.0
B08,481.0,0.0
B08,482.0,0.0
B08,483.0,0.0
B08,484.0,0.0
B08,485.0,0.0
B08,486.0,0.0
B08,487.0,0.0
B08,488.0,0.0
B08,489.0,0.0
B08,490.0,0.0
B08,491.0,0.0
B08,492.0,0.0
B08,493.0,0.0
B08,494.0,0.0
B08,495.0,0.0
B08,496.0,0.0
B08,497.0,0.0
B08,498.0,0.0
B08,499.0,0.0
B08,500.0,0.0
B08,501.0,0.0
B08,502.0,0.0
B08,503.0,0.0
B08,504.0,0.0
B08,505.0,0.0
B08,506.0,0.0
B08,507.0,0.0
B08,508.0,0.0
B08,509.0,0.0
B08,510.0,0.0
B08,511.0,0.0
B08,512.0,0.0
B08,513.0,0.0
B08,514.0,0.0
B08,515.0,0.0
B08,516.0,0.0
B08,517.0,0.0
B08,518.0,0.0
B08,519.0,0.0
B08,520.0,0.0
B08,521.0,0.0
B08,522.0,0.0
B08,523.0,0.0
B08,524.0,0.0
B08,525.0,0.0
B08,526.0,0.0
B08,527.0,0.0
B08,528.0,0.0
B08,529.0,0.0
B08,530.0,0.0
B08,531.0,0.0
B08,532.0,0.0
B08,533.0,0.0
B08,534.0,0.0
B08,535.0,0.0
B08,536.0,0.0
B08,537.0,0.0
B08,538.0,0.0
B08,539.0,0.0
B08,540.0,0.0
B08,541.0,0.0
B08,542.0,0.0
B08,543.0,0.0
B08,544.0,0.0
B08,545.0,0.0
B08,546.0,0.0
B08,547.0,0.0
B08,548.0,0.0
B08,549.0,0.0
B08,550.0,0.0
B08,551.0,0.0
B08,552.0,0.0
B08,553.0,0.0
B08,554.0,0.0
B08,555.0,0.0
B08,556.0,0.0
B08,557.0,0.0
B08,558.0,0.0
B08,559.0,0.0
B08,560.0,0.0
B08,561.0,0.0
B08,562.0,0.0
B08,563.0,0.0
B08,564.0,0.0
B08,565.0,0.0
B08,566.0,0.0
B08,567.0,0.0
B08,568.0,0.0
B08,569.0,0.0
B08,570.0,0.0
B08,571.0,0.0
B08,572.0,0.0
B08,573.0,0.0
B08,574.0,0.0
B08,575.0,0.0
B08,576.0,0.0
B08,577.0,0.0
B08,578.0,0.0
B08,579.0,0.0
B08,580.0,0.0
B08,581.0,0.0
B08,582.0,0.0
B08,583.0,0.0
B08,584.0,0.0
B08,585.0,0.0
B08,586.0,0.0
B08,587.0,0.0
B08,588.0,0.0
B08,589.0,0.0
B08,590.0,0.0
B08,591.0,0.0
B08,592.0,0.0
B08,593.0,0.0
B08,594.0,0.0
B08,595.0,0.0
B08,596.0,0.0
B08,597.0,0.0
B08,598.0,0.0
B08,599.0,0.0
B08,600.0,0.0
B08,601.0,0.0
B08,602.0,0.0
B08,603.0,0.0
B08,604.0,0.0
B08,605.0,0.0
B08,606.0,0.0
B08,607.0,0.0
B08,608.0,0.0
B08,609.0,0.0
B08,610.0,0.0
B08,611.0,0.0
B08,612.0,0.0
B08,613.0,0.0
B08,614.0,0.0
B08,615.0,0.0
B08,616.0,0.0
B08,617.0,0.0
B08,618.0,0.0
B08,619.0,0.0
B08,620.0,0.0
B08,621.0,0.0
B08,622.0,0.0
B08,623.0,0.0
B08,624.0,0.0
B08,625.0,0.0
B08,626.0,0.0
B08,627.0,0.0
B08,628.0,0.0
B08,629.0,0.0
B08,630.0,0.0
B08,631.0,0.0
B08,632.0,0.0
B08,633.0,0.0
B08,634.0,0.0
B08,635.0,0.0
B08,636.0,0.0
B08,637.0,0.0
B08,638.0,0.0
B08,639.0,0.0
B08,640.0,0.0
B08,641.0,0.0
B08,642.0,0.0
B08,643.0,0.0
B08,644.0,0.0
B08,645.0,0.0
B08,646.0,0.0
B08,647.0,0.0
B08,648.0,0.0
B08,649.0,0.0
B08,650.0,0.0
B08,651.0,0.0
B08,652.0,0.0
B08,653.0,0.0
B08,654.0,0.0
B08,655.0,0.0
B08,656.0,0.0
B08,657.0,0.0
B08,658.0,0.0
B08,659.0,0.0
B08,660.0,0.0
B08,661.0,0.0
B08,662.0,0.0
B08,663.0,0.0
B08,664.0,0.0
B08,665.0,0.0
B08,666.0,0.0
B08,667.0,0.0
B08,668.0,0.0
B08,669.0,0.0
B08,670.0,0.0
B08,671.0,0.0
B08,672.0,0.0
B08,673.0,0.0
B08,674.0,0.0
B08,675.0,0.0
B08,676.0,0.0
B08,677.0,0.0
B08,678.0,0.0
B08,679.0,0.0
B08,680.0,0.0
B08,681.0,0.0
B08,682.0,0.0
B08,683.0,0.0
B08,684.0,0.0
B08,685.0,0.0
B08,686.0,0.0
B08,687.0,0.0
B08,688.0,0.0
B08,689.0,0.0
B08,690.0,0.0
B08,691.0,0.0
B08,692.0,0.0
B08,693.0,0.0
B08,694.0,0.0
B08,695.0,0.0
B08,696.0,0.0
B08,697.0,0.0
B08,698.0,0.0
B08,699.0,0.0
B08,700.0,0.0
B08,701.0,0.0
B08,702.0,0.0
B08,703.0,0.0
B08,704.0,0.0
B08,705.0,0.0
B08,706.0,0.0
B08,707.0,0.0
B08,708.0,0.0
B08,709.0,0.0
B08,710.0,0.0
B08,711.0,0.0
B08,712.0,0.0
B08,713.0,0.0
B08,714.0,0.0
B08,715.0,0.0
B08,716.0,0.0
B08,717.0,0.0
B08,718.0,0.0
B08,719.0,0.0
B08,720.0,0.0
B08,721.0,0.0
B08,722.0,0.0
B08,723.0,0.0
B08,724.0,0.0
B08,725.0,0.0
B08,726.0,0.0
B08,727.0,0.0
B08,728.0,0.0
B08,729.0,0.0
B08,730.0,0.0
B08,731.0,0.0
B08,732.0,0.0
B08,733.0,0.0
B08,734.0,0.0
B08,735.0,0.0
B08,736.0,0.0
B08,737.0,0.0
B08,738.0,0.0
B08,739.0,0.0
B08,740.0,0.0
B08,741.0,0.0
B08,742.0,0.0
B08,743.0,0.0
B08,744.0,0.0
B08,745.0,0.0
B08,746.0,0.0
B08,747.0,0.0
B08,748.0,0.0
B08,749.0,0.0
B08,750.0,0.0
B08,751.0,0.0
B08,752.0,0.0
B08,753.0,0.0
B08,754.0,0.0
B08,755.0,0.0
B08,756.0,0.0
B08,757.0,0.0
B08,758.0,0.0
B08,759.0,0.0
B08,760.0,0.0
B08,761.0,0.0
B08,762.0,0.0
B08,763.0,0.0
B08,764.0,0.0
B08,765.0,0.0
B08,766.0,0.0
B08,767.0,0.0
B08,768.0,0.0
B08,769.0,0.0
B08,770.0,0.0
B08,771.0,0.0
B08,772.0,0.0
B08,773.0,0.0
B08,774.0,0.00037316
B08,775.0,0.00296451
B08,776.0,0.01663315
B08,777.0,0.02818619
B08,778.0,0.05000442
B08,779.0,0.08575595
B08,780.0,0.14871265
B08,781.0,0.25701156
B08,782.0,0.42307501
B08,783.0,0.62943997
B08,784.0,0.80112571
B08,785.0,0.90352196
B08,786.0,0.93855197
B08,787.0,0.94406104
B08,788.0,0.9474892
B08,789.0,0.96325767
B08,790.0,0.97948137
B08,791.0,0.99144397
B08,792.0,0.99630748
B08,793.0,1.0
B08,794.0,0.99827121
B08,795.0,0.99843182
B08,796.0,0.98914342
B08,797.0,0.98264167
B08,798.0,0.96769944
B08,799.0,0.95752283
B08,800.0,0.95074919
B08,801.0,0.9458125
B08,802.0,0.94267916
B08,803.0,0.9465958
B08,804.0,0.94450012
B08,805.0,0.93992861
B08,806.0,0.92759688
B08,807.0,0.91226544
B08,808.0,0.89079677
B08,809.0,0.8706102
B08,810.0,0.85021777
B08,811.0,0.83416655
B08,812.0,0.82214927
B08,813.0,0.8124078
B08,814.0,0.80920229
B08,815.0,0.80220847
B08,816.0,0.79081499
B08,817.0,0.78239761
B08,818.0,0.76731527
B08,819.0,0.75394962
B08,820.0,0.74226922
B08,821.0,0.72750987
B08,822.0,0.71976209
B08,823.0,0.71456726
B08,824.0,0.71982866
B08,825.0,0.72746214
B08,826.0,0.73945306
B08,827.0,0.75138424
B08,828.0,0.76310661
B08,829.0,0.77122498
B08,830.0,0.78298312
B08,831.0,0.78494127
B08,832.0,0.78409222
B08,833.0,0.7834498
B08,834.0,0.78216032
B08,835.0,0.78062401
B08,836.0,0.78132572
B08,837.0,0.7813272
B08,838.0,0.7810081
B08,839.0,0.77897938
B08,840.0,0.7761445
B08,841.0,0.76910534
B08,842.0,0.7625494
B08,843.0,0.75157186
B08,844.0,0.74086146
B08,845.0,0.73121299
B08,846.0,0.71988688
B08,847.0,0.71025573
B08,848.0,0.69679744
B08,849.0,0.68602501
B08,850.0,0.67163906
B08,851.0,0.65532408
B08,852.0,0.64173681
B08,853.0,0.62683353
B08,854.0,0.61241074
B08,855.0,0.60185411
B08,856.0,0.59380689
B08,857.0,0.58714687
B08,858.0,0.58444579
B08,859.0,0.58231388
B08,860.0,0.58111599
B08,861.0,0.57996902
B08,862.0,0.57480451
B08,863.0,0.57684802
B08,864.0,0.57273034
B08,865.0,0.57144461
B08,866.0,0.56985127
B08,867.0,0.57167225
B08,868.0,0.57154913
B08,869.0,0.57292235
B08,870.0,0.57617796
B08,871.0,0.5784908
B08,872.0,0.58023702
B08,873.0,0.57982619
B08,874.0,0.57868642
B08,875.0,0.57587451
B08,876.0,0.56976789
B08,877.0,0.56173136
B08,878.0,0.55644176
B08,879.0,0.54881732
B08,880.0,0.54508423
B08,881.0,0.54153848
B08,882.0,0.54069902
B08,883.0,0.53850959
B08,884.0,0.53655263
B08,885.0,0.530404
B08,886.0,0.52068821
B08,887.0,0.50399678
B08,888.0,0.486513
B08,889.0,0.46813829
B08,890.0,0.45468861
B08,891.0,0.44447936
B08,892.0,0.44177056
B08,893.0,0.44425396
B08,894.0,0.44633078
B08,895.0,0.43914074
B08,896.0,0.41748156
B08,897.0,0.3690277
B08,898.0,0.30165803
B08,899.0,0.23504284
B08,900.0,0.17434599
B08,901.0,0.12247894
B08,902.0,0.08354059
B08,903.0,0.05624109
B08,904.0,0.03804368
B08,905.0,0.02427229
B08,906.0,0.01490577
B08,907.0,0.00615862
B08,908.0,0.0
B08,909.0,0.0
B08,910.0,0.0
B08,911.0,0.0
B08,912.0,0.0
B08,913.0,0.0
B08,914.0,0.0
B08,915.0,0.0
B08,916.0,0.0
B08,917.0,0.0
B08,918.0,0.0
B08,919.0,0.0
B08,920.0,0.0
B08,921.0,0.0
B08,922.0,0.0
B08,923.0,0.0
B08,924.0,0.0
B08,925.0,0.0
B08,926.0,0.0
B08,927.0,0.0
B08,928.0,0.0
B08,929.0,0.0
B08,930.0,0.0
B08,931.0,0.0
B08,932.0,0.0
B08,933.0,0.0
B08,934.0,0.0
B08,935.0,0.0
B08,936.0,0.0
B08,937.0,0.0
B08,938.0,0.0
B08,939.0,0.0
B08,940.0,0.0
B08,941.0,0.0
B08,942.0,0.0
B08,943.0,0.0
B08,944.0,0.0
B08,945.0,0.0
B08,946.0,0.0
B08,947.0,0.0
B08,948.0,0.0
B08,949.0,0.0
B08,950.0,0.0
B08,951.0,0.0
B08,952.0,0.0
B08,953.0,0.0
B08,954.0,0.0
B08,955.0,0.0
B08,956.0,0.0
B08,957.0,0.0
B08,958.0,0.0
B08,959.0,0.0
B08,960.0,0.0
B08,961.0,0.0
B08,962.0,0.0
B08,963.0,0.0
B08,964.0,0.0
B08,965.0,0.0
B08,966.0,0.0
B08,967.0,0.0
B08,968.0,0.0
B08,969.0,0.0
B08,970.0,0.0
B08,971.0,0.0
B08,972.0,0.0
B08,973.0,0.0
B08,974.0,0.0
B08,975.0,0.0
B08,976.0,0.0
B08,977.0,0.0
B08,978.0,0.0
B08,979.0,0.0
B08,980.0,0.0
B08,981.0,0.0
B08,982.0,0.0
B08,983.0,0.0
B08,984.0,0.0
B08,985.0,0.0
B08,986.0,0.0
B08,987.0,0.0
B08,988.0,0.0
B08,989.0,0.0
B08,990.0,0.0
B08,991.0,0.0
B08,992.0,0.0
B08,993.0,0.0
B08,994.0,0.0
B08,995.0,0.0
B08,996.0,0.0
B08,997.0,0.0
B08,998.0,0.0
B08,999.0,0.0
B08,1000.0,0.0
B08,1001.0,0.0
B08,1002.0,0.0
B08,1003.0,0.0
B08,1004.0,0.0
B08,1005.0,0.0
B08,1006.0,0.0
B08,1007.0,0.0
B08,1008.0,0.0
B08,1009.0,0.0
B08,1010.0,0.0
B08,1011.0,0.0
B08,1012.0,0.0
B08,1013.0,0.0
B08,1014.0,0.0
B08,1015.0,0.0
B08,1016.0,0.0
B08,1017.0,0.0
B08,1018.0,0.0
B08,1019.0,0.0
B08,1020.0,0.0
B08,1021.0,0.0
B08,1022.0,0.0
B08,1023.0,0.0
B08,1024.0,0.0
B08,1025.0,0.0
B08,1026.0,0.0
B08,1027.0,0.0
B08,1028.0,0.0
B08,1029.0,0.0
B08,1030.0,0.0
B08,1031.0,0.0
B08,1032.0,0.0
B08,1033.0,0.0
B08,1034.0,0.0
B08,1035.0,0.0
B08,1036.0,0.0
B08,1037.0,0.0
B08,1038.0,0.0
B08,1039.0,0.0
B08,1040.0,0.0
B08,1041.0,0.0
B08,1042.0,0.0
B08,1043.0,0.0
B08,1044.0,0.0
B08,1045.0,0.0
B08,1046.0,0.0
B08,1047.0,0.0
B08,1048.0,0.0
B08,1049.0,0.0
B08,1050.0,0.0
B08,1051.0,0.0
B08,1052.0,0.0
B08,1053.0,0.0
B08,1054.0,0.0
B08,1055.0,0.0
B08,1056.0,0.0
B08,1057.0,0.0
B08,1058.0,0.0
B08,1059.0,0.0
B08,1060.0,0.0
B08,1061.0,0.0
B08,1062.0,0.0
B08,1063.0,0.0
B08,1064.0,0.0
B08,1065.0,0.0
B08,1066.0,0.0
B08,1067.0,0.0
B08,1068.0,0.0
B08,1069.0,0.0
B08,1070.0,0.0
B08,1071.0,0.0
B08,1072.0,0.0
B08,1073.0,0.0
B08,1074.0,0.0
B08,1075.0,0.0
B08,1076.0,0.0
B08,1077.0,0.0
B08,1078.0,0.0
B08,1079.0,0.0
B08,1080.0,0.0
B08,1081.0,0.0
B08,1082.0,0.0
B08,1083.0,0.0
B08,1084.0,0.0
B08,1085.0,0.0
B08,1086.0,0.0
B08,1087.0,0.0
B08,1088.0,0.0
B08,1089.0,0.0
B08,1090.0,0.0
B08,1091.0,0.0
B08,1092.0,0.0
B08,1093.0,0.0
B08,1094.0,0.0
B08,1095.0,0.0
B08,1096.0,0.0
B08,1097.0,0.0
B08,1098.0,0.0
B08,1099.0,0.0
B08,1100.0,0.0
B08,1101.0,0.0
B08,1102.0,0.0
B08,1103.0,0.0
B08,1104.0,0.0
B08,1105.0,0.0
B08,1106.0,0.0
B08,1107.0,0.0
B08,1108.0,0.0
B08,1109.0,0.0
B08,1110.0,0.0
B08,1111.0,0.0
B08,1112.0,0.0
B08,1113.0,0.0
B08,1114.0,0.0
B08,1115.0,0.0
B08,1116.0,0.0
B08,1117.0,0.0
B08,1118.0,0.0
B08,1119.0,0.0
B08,1120.0,0.0
B08,1121.0,0.0
B08,1122.0,0.0
B08,1123.0,0.0
B08,1124.0,0.0
B08,1125.0,0.0
B08,1126.0,0.0
B08,1127.0,0.0
B08,1128.0,0.0
B08,1129.0,0.0
B08,1130.0,0.0
B08,1131.0,0.0
B08,1132.0,0.0
B08,1133.0,0.0
B08,1134.0,0.0
B08,1135.0,0.0
B08,1136.0,0.0
B08,1137.0,0.0
B08,1138.0,0.0
B08,1139.0,0.0
B08,1140.0,0.0
B08,1141.0,0.0
B08,1142.0,0.0
B08,1143.0,0.0
B08,1144.0,0.0
B08,1145.0,0.0
B08,1146.0,0.0
B08,1147.0,0.0
B08,1148.0,0.0
B08,1149.0,0.0
B08,1150.0,0.0
B08,1151.0,0.0
B08,1152.0,0.0
B08,1153.0,0.0
B08,1154.0,0.0
B08,1155.0,0.0
B08,1156.0,0.0
B08,1157.0,0.0
B08,1158.0,0.0
B08,1159.0,0.0
B08,1160.0,0.0
B08,1161.0,0.0
B08,1162.0,0.0
B08,1163.0,0.0
B08,1164.0,0.0
B08,1165.0,0.0
B08,1166.0,0.0
B08,1167.0,0.0
B08,1168.0,0.0
B08,1169.0,0.0
B08,1170.0,0.0
B08,1171.0,0.0
B08,1172.0,0.0
B08,1173.0,0.0
B08,1174.0,0.0
B08,1175.0,0.0
B08,1176.0,0.0
B08,1177.0,0.0
B08,1178.0,0.0
B08,1179.0,0.0
B08,1180.0,0.0
B08,1181.0,0.0
B08,1182.0,0.0
B08,1183.0,0.0
B08,1184.0,0.0
B08,1185.0,0.0
B08,1186.0,0.0
B08,1187.0,0.0
B08,1188.0,0.0
B08,1189.0,0.0
B08,1190.0,0.0
B08,1191.0,0.0
B08,1192.0,0.0
B08,1193.0,0.0
B08,1194.0,0.0
B08,1195.0,0.0
B08,1196.0,0.0
B08,1197.0,0.0
B08,1198.0,0.0
B08,1199.0,0.0
B08,1200.0,0.0
B08,1201.0,0.0
B08,1202.0,0.0
B08,1203.0,0.0
B08,1204.0,0.0
B08,1205.0,0.0
B08,1206.0,0.0
B08,1207.0,0.0
B08,1208.0,0.0
B08,1209.0,0.0
B08,1210.0,0.0
B08,1211.0,0.0
B08,1212.0,0.0
B08,1213.0,0.0
B08,1214.0,0.0
B08,1215.0,0.0
B08,1216.0,0.0
B08,1217.0,0.0
B08,1218.0,0.0
B08,1219.0,0.0
B08,1220.0,0.0
B08,1221.0,0.0
B08,1222.0,0.0
B08,1223.0,0.0
B08,1224.0,0.0
B08,1225.0,0.0
B08,1226.0,0.0
B08,1227.0,0.0
B08,1228.0,0.0
B08,1229.0,0.0
B08,1230.0,0.0
B08,1231.0,0.0
B08,1232.0,0.0
B08,1233.0,0.0
B08,1234.0,0.0
B08,1235.0,0.0
B08,1236.0,0.0
B08,1237.0,0.0
B08,1238.0,0.0
B08,1239.0,0.0
B08,1240.0,0.0
B08,1241.0,0.0
B08,1242.0,0.0
B08,1243.0,0.0
B08,1244.0,0.0
B08,1245.0,0.0
B08,1246.0,0.0
B08,1247.0,0.0
B08,1248.0,0.0
B08,1249.0,0.0
B08,1250.0,0.0
B08,1251.0,0.0
B08,1252.0,0.0
B08,1253.0,0.0
B08,1254.0,0.0
B08,1255.0,0.0
B08,1256.0,0.0
B08,1257.0,0.0
B08,1258.0,0.0
B08,1259.0,0.0
B08,1260.0,0.0
B08,1261.0,0.0
B08,1262.0,0.0
B08,1263.0,0.0
B08,1264.0,0.0
B08,1265.0,0.0
B08,1266.0,0.0
B08,1267.0,0.0
B08,1268.0,0.0
B08,1269.0,0.0
B08,1270.0,0.0
B08,1271.0,0.0
B08,1272.0,0.0
B08,1273.0,0.0
B08,1274.0,0.0
B08,1275.0,0.0
B08,1276.0,0.0
B08,1277.0,0.0
B08,1278.0,0.0
B08,1279.0,0.0
B08,1280.0,0.0
B08,1281.0,0.0
B08,1282.0,0.0
B08,1283.0,0.0
B08,1284.0,0.0
B08,1285.0,0.0
B08,1286.0,0.0
B08,1287.0,0.0
B08,1288.0,0.0
B08,1289.0,0.0
B08,1290.0,0.0
B08,1291.0,0.0
B08,1292.0,0.0
B08,1293.0,0.0
B08,1294.0,0.0
B08,1295.0,0.0
B08,1296.0,0.0
B08,1297.0,0.0
B08,1298.0,0.0
B08,1299.0,0.0
B08,1300.0,0.0
B08,1301.0,0.0
B08,1302.0,0.0
B08,1303.0,0.0
B08,1304.0,0.0
B08,1305.0,0.0
B08,1306.0,0.0
B08,1307.0,0.0
B08,1308.0,0.0
B08,1309.0,0.0
B08,1310.0,0.0
B08,1311.0,0.0
B08,1312.0,0.0
B08,1313.0,0.0
B08,1314.0,0.0
B08,1315.0,0.0
B08,1316.0,0.0
B08,1317.0,0.0
B08,1318.0,0.0
B08,1319.0,0.0
B08,1320.0,0.0
B08,1321.0,0.0
B08,1322.0,0.0
B08,1323.0,0.0
B08,1324.0,0.0
B08,1325.0,0.0
B08,1326.0,0.0
B08,1327.0,0.0
B08,1328.0,0.0
B08,1329.0,0.0
B08,1330.0,0.0
B08,1331.0,0.0
B08,1332.0,0.0
B08,1333.0,0.0
B08,1334.0,0.0
B08,1335.0,0.0
B08,1336.0,0.0
B08,1337.0,0.0
B08,1338.0,0.0
B08,1339.0,0.0
B08,1340.0,0.0
B08,1341.0,0.0
B08,1342.0,0.0
B08,1343.0,0.0
B08,1344.0,0.0
B08,1345.0,0.0
B08,1346.0,0.0
B08,1347.0,0.0
B08,1348.0,0.0
B08,1349.0,0.0
B08,1350.0,0.0
B08,1351.0,0.0
B08,1352.0,0.0
B08,1353.0,0.0
B08,1354.0,0.0
B08,1355.0,0.0
B08,1356.0,0.0
B08,1357.0,0.0
B08,1358.0,0.0
B08,1359.0,0.0
B08,1360.0,0.0
B08,1361.0,0.0
B08,1362.0,0.0
B08,1363.0,0.0
B08,1364.0,0.0
B08,1365.0,0.0
B08,1366.0,0.0
B08,1367.0,0.0
B08,1368.0,0.0
B08,1369.0,0.0
B08,1370.0,0.0
B08,1371.0,0.0
B08,1372.0,0.0
B08,1373.0,0.0
B08,1374.0,0.0
B08,1375.0,0.0
B08,1376.0,0.0
B08,1377.0,0.0
B08,1378.0,0.0
B08,1379.0,0.0
B08,1380.0,0.0
B08,1381.0,0.0
B08,1382.0,0.0
B08,1383.0,0.0
B08,1384.0,0.0
B08,1385.0,0.0
B08,1386.0,0.0
B08,1387.0,0.0
B08,1388.0,0.0
B08,1389.0,0.0
B08,1390.0,0.0
B08,1391.0,0.0
B08,1392.0,0.0
B08,1393.0,0.0
B08,1394.0,0.0
B08,1395.0,0.0
B08,1396.0,0.0
B08,1397.0,0.0
B08,1398.0,0.0
B08,1399.0,0.0
B08,1400.0,0.0
B08,1401.0,0.0
B08,1402.0,0.0
B08,1403.0,0.0
B08,1404.0,0.0
B08,1405.0,0.0
B08,1406.0,0.0
B08,1407.0,0.0
B08,1408.0,0.0
B08,1409.0,0.0
B08,1410.0,0.0
B08,1411.0,0.0
B08,1412.0,0.0
B08,1413.0,0.0
B08,1414.0,0.0
B08,1415.0,0.0
B08,1416.0,0.0
B08,1417.0,0.0
B08,1418.0,0.0
B08,1419.0,0.0
B08,1420.0,0.0
B08,1421.0,0.0
B08,1422.0,0.0
B08,1423.0,0.0
B08,1424.0,0.0
B08,1425.0,0.0
B08,1426.0,0.0
B08,1427.0,0.0
B08,1428.0,0.0
B08,1429.0,0.0
B08,1430.0,0.0
B08,1431.0,0.0
B08,1432.0,0.0
B08,1433.0,0.0
B08,1434.0,0.0
B08,1435.0,0.0
B08,1436.0,0.0
B08,1437.0,0.0
B08,1438.0,0.0
B08,1439.0,0.0
B08,1440.0,0.0
B08,1441.0,0.0
B08,1442.0,0.0
B08,1443.0,0.0
B08,1444.0,0.0
B08,1445.0,0.0
B08,1446.0,0.0
B08,1447.0,0.0
B08,1448.0,0.0
B08,1449.0,0.0
B08,1450.0,0.0
B08,1451.0,0.0
B08,1452.0,0.0
B08,1453.0,0.0
B08,1454.0,0.0
B08,1455.0,0.0
B08,1456.0,0.0
B08,1457.0,0.0
B08,1458.0,0.0
B08,1459.0,0.0
B08,1460.0,0.0
B08,1461.0,0.0
B08,1462.0,0.0
B08,1463.0,0.0
B08,1464.0,0.0
B08,1465.0,0.0
B08,1466.0,0.0
B08,1467.0,0.0
B08,1468.0,0.0
B08,1469.0,0.0
B08,1470.0,0.0
B08,1471.0,0.0
B08,1472.0,0.0
B08,1473.0,0.0
B08,1474.0,0.0
B08,1475.0,0.0
B08,1476.0,0.0
B08,1477.0,0.0
B08,1478.0,0.0
B08,1479.0,0.0
B08,1480.0,0.0
B08,1481.0,0.0
B08,1482.0,0.0
B08,1483.0,0.0
B08,1484.0,0.0
B08,1485.0,0.0
B08,1486.0,0.0
B08,1487.0,0.0
B08,1488.0,0.0
B08,1489.0,0.0
B08,1490.0,0.0
B08,1491.0,0.0
B08,1492.0,0.0
B08,1493.0,0.0
B08,1494.0,0.0
B08,1495.0,0.0
B08,1496.0,0.0
B08,1497.0,0.0
B08,1498.0,0.0
B08,1499.0,0.0
B08,1500.0,0.0
B08,1501.0,0.0
B08,1502.0,0.0
B08,1503.0,0.0
B08,1504.0,0.0
B08,1505.0,0.0
B08,1506.0,0.0
B08,1507.0,0.0
B08,1508.0,0.0
B08,1509.0,0.0
B08,1510.0,0.0
B08,1511.0,0.0
B08,1512.0,0.0
B08,1513.0,0.0
B08,1514.0,0.0
B08,1515.0,0.0
B08,1516.0,0.0
B08,1517.0,0.0
B08,1518.0,0.0
B08,1519.0,0.0
B08,1520.0,0.0
B08,1521.0,0.0
B08,1522.0,0.0
B08,1523.0,0.0
B08,1524.0,0.0
B08,1525.0,0.0
B08,1526.0,0.0
B08,1527.0,0.0
B08,1528.0,0.0
B08,1529.0,0.0
B08,1530.0,0.0
B08,1531.0,0.0
B08,1532.0,0.0
B08,1533.0,0.0
B08,1534.0,0.0
B08,1535.0,0.0
B08,1536.0,0.0
B08,1537.0,0.0
B08,1538.0,0.0
B08,1539.0,0.0
B08,1540.0,0.0
B08,1541.0,0.0
B08,1542.0,0.0
B08,1543.0,0.0
B08,1544.0,0.0
B08,1545.0,0.0
B08,1546.0,0.0
B08,1547.0,0.0
B08,1548.0,0.0
B08,1549.0,0.0
B08,1550.0,0.0
B08,1551.0,0.0
B08,1552.0,0.0
B08,1553.0,0.0
B08,1554.0,0.0
B08,1555.0,0.0
B08,1556.0,0.0
B08,1557.0,0.0
B08,1558.0,0.0
B08,1559.0,0.0
B08,1560.0,0.0
B08,1561.0,0.0
B08,1562.0,0.0
B08,1563.0,0.0
B08,1564.0,0.0
B08,1565.0,0.0
B08,1566.0,0.0
B08,1567.0,0.0
B08,1568.0,0.0
B08,1569.0,0.0
B08,1570.0,0.0
B08,1571.0,0.0
B08,1572.0,0.0
B08,1573.0,0.0
B08,1574.0,0.0
B08,1575.0,0.0
B08,1576.0,0.0
B08,1577.0,0.0
B08,1578.0,0.0
B08,1579.0,0.0
B08,1580.0,0.0
B08,1581.0,0.0
B08,1582.0,0.0
B08,1583.0,0.0
B08,1584.0,0.0
B08,1585.0,0.0
B08,1586.0,0.0
B08,1587.0,0.0
B08,1588.0,0.0
B08,1589.0,0.0
B08,1590.0,0.0
B08,1591.0,0.0
B08,1592.0,0.0
B08,1593.0,0.0
B08,1594.0,0.0
B08,1595.0,0.0
B08,1596.0,0.0
B08,1597.0,0.0
B08,1598.0,0.0
B08,1599.0,0.0
B08,1600.0,0.0
B08,1601.0,0.0
B08,1602.0,0.0
B08,1603.0,0.0
B08,1604.0,0.0
B08,1605.0,0.0
B08,1606.0,0.0
B08,1607.0,0.0
B08,1608.0,0.0
B08,1609.0,0.0
B08,1610.0,0.0
B08,1611.0,0.0
B08,1612.0,0.0
B08,1613.0,0.0
B08,1614.0,0.0
B08,1615.0,0.0
B08,1616.0,0.0
B08,1617.0,0.0
B08,1618.0,0.0
B08,1619.0,0.0
B08,1620.0,0.0
B08,1621.0,0.0
B08,1622.0,0.0
B08,1623.0,0.0
B08,1624.0,0.0
B08,1625.0,0.0
B08,1626.0,0.0
B08,1627.0,0.0
B08,1628.0,0.0
B08,1629.0,0.0
B08,1630.0,0.0
B08,1631.0,0.0
B08,1632.0,0.0
B08,1633.0,0.0
B08,1634.0,0.0
B08,1635.0,0.0
B08,1636.0,0.0
B08,1637.0,0.0
B08,1638.0,0.0
B08,1639.0,0.0
B08,1640.0,0.0
B08,1641.0,0.0
B08,1642.0,0.0
B08,1643.0,0.0
B08,1644.0,0.0
B08,1645.0,0.0
B08,1646.0,0.0
B08,1647.0,0.0
B08,1648.0,0.0
B08,1649.0,0.0
B08,1650.0,0.0
B08,1651.0,0.0
B08,1652.0,0.0
B08,1653.0,0.0
B08,1654.0,0.0
B08,1655.0,0.0
B08,1656.0,0.0
B08,1657.0,0.0
B08,1658.0,0.0
B08,1659.0,0.0
B08,1660.0,0.0
B08,1661.0,0.0
B08,1662.0,0.0
B08,1663.0,0.0
B08,1664.0,0.0
B08,1665.0,0.0
B08,1666.0,0.0
B08,1667.0,0.0
B08,1668.0,0.0
B08,1669.0,0.0
B08,1670.0,0.0
B08,1671.0,0.0
B08,1672.0,0.0
B08,1673.0,0.0
B08,1674.0,0.0
B08,1675.0,0.0
B08,1676.0,0.0
B08,1677.0,0.0
B08,1678.0,0.0
B08,1679.0,0.0
B08,1680.0,0.0
B08,1681.0,0.0
B08,1682.0,0.0
B08,1683.0,0.0
B08,1684.0,0.0
B08,1685.0,0.0
B08,1686.0,0.0
B08,1687.0,0.0
B08,1688.0,0.0
B08,1689.0,0.0
B08,1690.0,0.0
B08,1691.0,0.0
B08,1692.0,0.0
B08,1693.0,0.0
B08,1694.0,0.0
B08,1695.0,0.0
B08,1696.0,0.0
B08,1697.0,0.0
B08,1698.0,0.0
B08,1699.0,0.0
B08,1700.0,0.0
B08,1701.0,0.0
B08,1702.0,0.0
B08,1703.0,0.0
B08,1704.0,0.0
B08,1705.0,0.0
B08,1706.0,0.0
B08,1707.0,0.0
B08,1708.0,0.0
B08,1709.0,0.0
B08,1710.0,0.0
B08,1711.0,0.0
B08,1712.0,0.0
B08,1713.0,0.0
B08,1714.0,0.0
B08,1715.0,0.0
B08,1716.0,0.0
B08,1717.0,0.0
B08,1718.0,0.0
B08,1719.0,0.0
B08,1720.0,0.0
B08,1721.0,0.0
B08,1722.0,0.0
B08,1723.0,0.0
B08,1724.0,0.0
B08,1725.0,0.0
B08,1726.0,0.0
B08,1727.0,0.0
B08,1728.0,0.0
B08,1729.0,0.0
B08,1730.0,0.0
B08,1731.0,0.0
B08,1732.0,0.0
B08,1733.0,0.0
B08,1734.0,0.0
B08,1735.0,0.0
B08,1736.0,0.0
B08,1737.0,0.0
B08,1738.0,0.0
B08,1739.0,0.0
B08,1740.0,0.0
B08,1741.0,0.0
B08,1742.0,0.0
B08,1743.0,0.0
B08,1744.0,0.0
B08,1745.0,0.0
B08,1746.0,0.0
B08,1747.0,0.0
B08,1748.0,0.0
B08,1749.0,0.0
B08,1750.0,0.0
B08,1751.0,0.0
B08,1752.0,0.0
B08,1753.0,0.0
B08,1754.0,0.0
B08,1755.0,0.0
B08,1756.0,0.0
B08,1757.0,0.0
B08,1758.0,0.0
B08,1759.0,0.0
B08,1760.0,0.0
B08,1761.0,0.0
B08,1762.0,0.0
B08,1763.0,0.0
B08,1764.0,0.0
B08,1765.0,0.0
B08,1766.0,0.0
B08,1767.0,0.0
B08,1768.0,0.0
B08,1769.0,0.0
B08,1770.0,0.0
B08,1771.0,0.0
B08,1772.0,0.0
B08,1773.0,0.0
B08,1774.0,0.0
B08,1775.0,0.0
B08,1776.0,0.0
B08,1777.0,0.0
B08,1778.0,0.0
B08,1779.0,0.0
B08,1780.0,0.0
B08,1781.0,0.0
B08,1782.0,0.0
B08,1783.0,0.0
B08,1784.0,0.0
B08,1785.0,0.0
B08,1786.0,0.0
B08,1787.0,0.0
B08,1788.0,0.0
B08,1789.0,0.0
B08,1790.0,0.0
B08,1791.0,0.0
B08,1792.0,0.0
B08,1793.0,0.0
B08,1794.0,0.0
B08,1795.0,0.0
B08,1796.0,0.0
B08,1797.0,0.0
B08,1798.0,0.0
B08,1799.0,0.0
B08,1800.0,0.0
B08,1801.0,0.0
B08,1802.0,0.0
B08,1803.0,0.0
B08,1804.0,0.0
B08,1805.0,0.0
B08,1806.0,0.0
B08,1807.0,0.0
B08,1808.0,0.0
B08,1809.0,0.0
B08,1810.0,0.0
B08,1811.0,0.0
B08,1812.0,0.0
B08,1813.0,0.0
B08,1814.0,0.0
B08,1815.0,0.0
B08,1816.0,0.0
B08,1817.0,0.0
B08,1818.0,0.0
B08,1819.0,0.0
B08,1820.0,0.0
B08,1821.0,0.0
B08,1822.0,0.0
B08,1823.0,0.0
B08,1824.0,0.0
B08,1825.0,0.0
B08,1826.0,0.0
B08,1827.0,0.0
B08,1828.0,0.0
B08,1829.0,0.0
B08,1830.0,0.0
B08,1831.0,0.0
B08,1832.0,0.0
B08,1833.0,0.0
B08,1834.0,0.0
B08,1835.0,0.0
B08,1836.0,0.0
B08,1837.0,0.0
B08,1838.0,0.0
B08,1839.0,0.0
B08,1840.0,0.0
B08,1841.0,0.0
B08,1842.0,0.0
B08,1843.0,0.0
B08,1844.0,0.0
B08,1845.0,0.0
B08,1846.0,0.0
B08,1847.0,0.0
B08,1848.0,0.0
B08,1849.0,0.0
B08,1850.0,0.0
B08,1851.0,0.0
B08,1852.0,0.0
B08,1853.0,0.0
B08,1854.0,0.0
B08,1855.0,0.0
B08,1856.0,0.0
B08,1857.0,0.0
B08,1858.0,0.0
B08,1859.0,0.0
B08,1860.0,0.0
B08,1861.0,0.0
B08,1862.0,0.0
B08,1863.0,0.0
B08,1864.0,0.0
B08,1865.0,0.0
B08,1866.0,0.0
B08,1867.0,0.0
B08,1868.0,0.0
B08,1869.0,0.0
B08,1870.0,0.0
B08,1871.0,0.0
B08,1872.0,0.0
B08,1873.0,0.0
B08,1874.0,0.0
B08,1875.0,0.0
B08,1876.0,0.0
B08,1877.0,0.0
B08,1878.0,0.0
B08,1879.0,0.0
B08,1880.0,0.0
B08,1881.0,0.0
B08,1882.0,0.0
B08,1883.0,0.0
B08,1884.0,0.0
B08,1885.0,0.0
B08,1886.0,0.0
B08,1887.0,0.0
B08,1888.0,0.0
B08,1889.0,0.0
B08,1890.0,0.0
B08,1891.0,0.0
B08,1892.0,0.0
B08,1893.0,0.0
B08,1894.0,0.0
B08,1895.0,0.0
B08,1896.0,0.0
B08,1897.0,0.0
B08,1898.0,0.0
B08,1899.0,0.0
B08,1900.0,0.0
B08,1901.0,0.0
B08,1902.0,0.0
B08,1903.0,0.0
B08,1904.0,0.0
B08,1905.0,0.0
B08,1906.0,0.0
B08,1907.0,0.0
B08,1908.0,0.0
B08,1909.0,0.0
B08,1910.0,0.0
B08,1911.0,0.0
B08,1912.0,0.0
B08,1913.0,0.0
B08,1914.0,0.0
B08,1915.0,0.0
B08,1916.0,0.0
B08,1917.0,0.0
B08,1918.0,0.0
B08,1919.0,0.0
B08,1920.0,0.0
B08,1921.0,0.0
B08,1922.0,0.0
B08,1923.0,0.0
B08,1924.0,0.0
B08,1925.0,0.0
B08,1926.0,0.0
B08,1927.0,0.0
B08,1928.0,0.0
B08,1929.0,0.0
B08,1930.0,0.0
B08,1931.0,0.0
B08,1932.0,0.0
B08,1933.0,0.0
B08,1934.0,0.0
B08,1935.0,0.0
B08,1936.0,0.0
B08,1937.0,0.0
B08,1938.0,0.0
B08,1939.0,0.0
B08,1940.0,0.0
B08,1941.0,0.0
B08,1942.0,0.0
B08,1943.0,0.0
B08,1944.0,0.0
B08,1945.0,0.0
B08,1946.0,0.0
B08,1947.0,0.0
B08,1948.0,0.0
B08,1949.0,0.0
B08,1950.0,0.0
B08,1951.0,0.0
B08,1952.0,0.0
B08,1953.0,0.0
B08,1954.0,0.0
B08,1955.0,0.0
B08,1956.0,0.0
B08,1957.0,0.0
B08,1958.0,0.0
B08,1959.0,0.0
B08,1960.0,0.0
B08,1961.0,0.0
B08,1962.0,0.0
B08,1963.0,0.0
B08,1964.0,0.0
B08,1965.0,0.0
B08,1966.0,0.0
B08,1967.0,0.0
B08,1968.0,0.0
B08,1969.0,0.0
B08,1970.0,0.0
B08,1971.0,0.0
B08,1972.0,0.0
B08,1973.0,0.0
B08,1974.0,0.0
B08,1975.0,0.0
B08,1976.0,0.0
B08,1977.0,0.0
B08,1978.0,0.0
B08,1979.0,0.0
B08,1980.0,0.0
B08,1981.0,0.0
B08,1982.0,0.0
B08,1983.0,0.0
B08,1984.0,0.0
B08,1985.0,0.0
B08,1986.0,0.0
B08,1987.0,0.0
B08,1988.0,0.0
B08,1989.0,0.0
B08,1990.0,0.0
B08,1991.0,0.0
B08,1992.0,0.0
B08,1993.0,0.0
B08,1994.0,0.0
B08,1995.0,0.0
B08,1996.0,0.0
B08,1997.0,0.0
B08,1998.0,0.0
B08,1999.0,0.0
B08,2000.0,0.0
B08,2001.0,0.0
B08,2002.0,0.0
B08,2003.0,0.0
B08,2004.0,0.0
B08,2005.0,0.0
B08,2006.0,0.0
B08,2007.0,0.0
B08,2008.0,0.0
B08,2009.0,0.0
B08,2010.0,0.0
B08,2011.0,0.0
B08,2012.0,0.0
B08,2013.0,0.0
B08,2014.0,0.0
B08,2015.0,0.0
B08,2016.0,0.0
B08,2017.0,0.0
B08,2018.0,0.0
B08,2019.0,0.0
B08,2020.0,0.0
B08,2021.0,0.0
B08,2022.0,0.0
B08,2023.0,0.0
B08,2024.0,0.0
B08,2025.0,0.0
B08,2026.0,0.0
B08,2027.0,0.0
B08,2028.0,0.0
B08,2029.0,0.0
B08,2030.0,0.0
B08,2031.0,0.0
B08,2032.0,0.0
B08,2033.0,0.0
B08,2034.0,0.0
B08,2035.0,0.0
B08,2036.0,0.0
B08,2037.0,0.0
B08,2038.0,0.0
B08,2039.0,0.0
B08,2040.0,0.0
B08,2041.0,0.0
B08,2042.0,0.0
B08,2043.0,0.0
B08,2044.0,0.0
B08,2045.0,0.0
B08,2046.0,0.0
B08,2047.0,0.0
B08,2048.0,0.0
B08,2049.0,0.0
B08,2050.0,0.0
B08,2051.0,0.0
B08,2052.0,0.0
B08,2053.0,0.0
B08,2054.0,0.0
B08,2055.0,0.0
B08,2056.0,0.0
B08,2057.0,0.0
B08,2058.0,0.0
B08,2059.0,0.0
B08,2060.0,0.0
B08,2061.0,0.0
B08,2062.0,0.0
B08,2063.0,0.0
B08,2064.0,0.0
B08,2065.0,0.0
B08,2066.0,0.0
B08,2067.0,0.0
B08,2068.0,0.0
B08,2069.0,0.0
B08,2070.0,0.0
B08,2071.0,0.0
B08,2072.0,0.0
B08,2073.0,0.0
B08,2074.0,0.0
B08,2075.0,0.0
B08,2076.0,0.0
B08,2077.0,0.0
B08,2078.0,0.0
B08,2079.0,0.0
B08,2080.0,0.0
B08,2081.0,0.0
B08,2082.0,0.0
B08,2083.0,0.0
B08,2084.0,0.0
B08,2085.0,0.0
B08,2086.0,0.0
B08,2087.0,0.0
B08,2088.0,0.0
B08,2089.0,0.0
B08,2090.0,0.0
B08,2091.0,0.0
B08,2092.0,0.0
B08,2093.0,0.0
B08,2094.0,0.0
B08,2095.0,0.0
B08,2096.0,0.0
B08,2097.0,0.0
B08,2098.0,0.0
B08,2099.0,0.0
B08,2100.0,0.0
B08,2101.0,0.0
B08,2102.0,0.0
B08,2103.0,0.0
B08,2104.0,0.0
B08,2105.0,0.0
B08,2106.0,0.0
B08,2107.0,0.0
B08,2108.0,0.0
B08,2109.0,0.0
B08,2110.0,0.0
B08,2111.0,0.0
B08,2112.0,0.0
B08,2113.0,0.0
B08,2114.0,0.0
B08,2115.0,0.0
B08,2116.0,0.0
B08,2117.0,0.0
B08,2118.0,0.0
B08,2119.0,0.0
B08,2120.0,0.0
B08,2121.0,0.0
B08,2122.0,0.0
B08,2123.0,0.0
B08,2124.0,0.0
B08,2125.0,0.0
B08,2126.0,0.0
B08,2127.0,0.0
B08,2128.0,0.0
B08,2129.0,0.0
B08,2130.0,0.0
B08,2131.0,0.0
B08,2132.0,0.0
B08,2133.0,0.0
B08,2134.0,0.0
B08,2135.0,0.0
B08,2136.0,0.0
B08,2137.0,0.0
B08,2138.0,0.0
B08,2139.0,0.0
B08,2140.0,0.0
B08,2141.0,0.0
B08,2142.0,0.0
B08,2143.0,0.0
B08,2144.0,0.0
B08,2145.0,0.0
B08,2146.0,0.0
B08,2147.0,0.0
B08,2148.0,0.0
B08,2149.0,0.0
B08,2150.0,0.0
B08,2151.0,0.0
B08,2152.0,0.0
B08,2153.0,0.0
B08,2154.0,0.0
B08,2155.0,0.0
B08,2156.0,0.0
B08,2157.0,0.0
B08,2158.0,0.0
B08,2159.0,0.0
B08,2160.0,0.0
B08,2161.0,0.0
B08,2162.0,0.0
B08,2163.0,0.0
B08,2164.0,0.0
B08,2165.0,0.0
B08,2166.0,0.0
B08,2167.0,0.0
B08,2168.0,0.0
B08,2169.0,0.0
B08,2170.0,0.0
B08,2171.0,0.0
B08,2172.0,0.0
B08,2173.0,0.0
B08,2174.0,0.0
B08,2175.0,0.0
B08,2176.0,0.0
B08,2177.0,0.0
B08,2178.0,0.0
B08,2179.0,0.0
B08,2180.0,0.0
B08,2181.0,0.0
B08,2182.0,0.0
B08,2183.0,0.0
B08,2184.0,0.0
B08,2185.0,0.0
B08,2186.0,0.0
B08,2187.0,0.0
B08,2188.0,0.0
B08,2189.0,0.0
B08,2190.0,0.0
B08,2191.0,0.0
B08,2192.0,0.0
B08,2193.0,0.0
B08,2194.0,0.0
B08,2195.0,0.0
B08,2196.0,0.0
B08,2197.0,0.0
B08,2198.0,0.0
B08,2199.0,0.0
B08,2200.0,0.0
B08,2201.0,0.0
B08,2202.0,0.0
B08,2203.0,0.0
B08,2204.0,0.0
B08,2205.0,0.0
B08,2206.0,0.0
B08,2207.0,0.0
B08,2208.0,0.0
B08,2209.0,0.0
B08,2210.0,0.0
B08,2211.0,0.0
B08,2212.0,0.0
B08,2213.0,0.0
B08,2214.0,0.0
B08,2215.0,0.0
B08,2216.0,0.0
B08,2217.0,0.0
B08,2218.0,0.0
B08,2219.0,0.0
B08,2220.0,0.0
B08,2221.0,0.0
B08,2222.0,0.0
B08,2223.0,0.0
B08,2224.0,0.0
B08,2225.0,0.0
B08,2226.0,0.0
B08,2227.0,0.0
B08,2228.0,0.0
B08,2229.0,0.0
B08,2230.0,0.0
B08,2231.0,0.0
B08,2232.0,0.0
B08,2233.0,0.0
B08,2234.0,0.0
B08,2235.0,0.0
B08,2236.0,0.0
B08,2237.0,0.0
B08,2238.0,0.0
B08,2239.0,0.0
B08,2240.0,0.0
B08,2241.0,0.0
B08,2242.0,0.0
B08,2243.0,0.0
B08,2244.0,0.0
B08,2245.0,0.0
B08,2246.0,0.0
B08,2247.0,0.0
B08,2248.0,0.0
B08,2249.0,0.0
B08,2250.0,0.0
B08,2251.0,0.0
B08,2252.0,0.0
B08,2253.0,0.0
B08,2254.0,0.0
B08,2255.0,0.0
B08,2256.0,0.0
B08,2257.0,0.0
B08,2258.0,0.0
B08,2259.0,0.0
B08,2260.0,0.0
B08,2261.0,0.0
B08,2262.0,0.0
B08,2263.0,0.0
B08,2264.0,0.0
B08,2265.0,0.0
B08,2266.0,0.0
B08,2267.0,0.0
B08,2268.0,0.0
B08,2269.0,0.0
B08,2270.0,0.0
B08,2271.0,0.0
B08,2272.0,0.0
B08,2273.0,0.0
B08,2274.0,0.0
B08,2275.0,0.0
B08,2276.0,0.0
B08,2277.0,0.0
B08,2278.0,0.0
B08,2279.0,0.0
B08,2280.0,0.0
B08,2281.0,0.0
B08,2282.0,0.0
B08,2283.0,0.0
B08,2284.0,0.0
B08,2285.0,0.0
B08,2286.0,0.0
B08,2287.0,0.0
B08,2288.0,0.0
B08,2289.0,0.0
B08,2290.0,0.0
B08,2291.0,0.0
B08,2292.0,0.0
B08,2293.0,0.0
B08,2294.0,0.0
B08,2295.0,0.0
B08,2296.0,0.0
B08,2297.0,0.0
B08,2298.0,0.0
B08,2299.0,0.0
B08,2300.0,0.0
B08,2301.0,0.0
B08,2302.0,0.0
B08,2303.0,0.0
B08,2304.0,0.0
B08,2305.0,0.0
B08,2306.0,0.0
B08,2307.0,0.0
B08,2308.0,0.0
B08,2309.0,0.0
B08,2310.0,0.0
B08,2311.0,0.0
B08,2312.0,0.0
B08,2313.0,0.0
B08,2314.0,0.0
B08,2315.0,0.0
B08,2316.0,0.0
B08,2317.0,0.0
B08,2318.0,0.0
B08,2319.0,0.0
B08,2320.0,0.0
B08,2321.0,0.0
B08,2322.0,0.0
B08,2323.0,0.0
B08,2324.0,0.0
B08,2325.0,0.0
B08,2326.0,0.0
B08,2327.0,0.0
B08,2328.0,0.0
B08,2329.0,0.0
B08,2330.0,0.0
B08,2331.0,0.0
B08,2332.0,0.0
B08,2333.0,0.0
B08,2334.0,0.0
B08,2335.0,0.0
B08,2336.0,0.0
B08,2337.0,0.0
B08,2338.0,0.0
B08,2339.0,0.0
B08,2340.0,0.0
B08,2341.0,0.0
B08,2342.0,0.0
B08,2343.0,0.0
B08,2344.0,0.0
B08,2345.0,0.0
B08,2346.0,0.0
B08,2347.0,0.0
B08,2348.0,0.0
B08,2349.0,0.0
B08,2350.0,0.0
B08,2351.0,0.0
B08,2352.0,0.0
B08,2353.0,0.0
B08,2354.0,0.0
B08,2355.0,0.0
B08,2356.0,0.0
B08,2357.0,0.0
B08,2358.0,0.0
B08,2359.0,0.0
B08,2360.0,0.0
B08,2361.0,0.0
B08,2362.0,0.0
B08,2363.0,0.0
B08,2364.0,0.0
B08,2365.0,0.0
B08,2366.0,0.0
B08,2367.0,0.0
B08,2368.0,0.0
B08,2369.0,0.0
B08,2370.0,0.0
B08,2371.0,0.0
B08,2372.0,0.0
B08,2373.0,0.0
B08,2374.0,0.0
B08,2375.0,0.0
B08,2376.0,0.0
B08,2377.0,0.0
B08,2378.0,0.0
B08,2379.0,0.0
B08,2380.0,0.0
B08,2381.0,0.0
B08,2382.0,0.0
B08,2383.0,0.0
B08,2384.0,0.0
B08,2385.0,0.0
B08,2386.0,0.0
B08,2387.0,0.0
B08,2388.0,0.0
B08,2389.0,0.0
B08,2390.0,0.0
B08,2391.0,0.0
B08,2392.0,0.0
B08,2393.0,0.0
B08,2394.0,0.0
B08,2395.0,0.0
B08,2396.0,0.0
B08,2397.0,0.0
B08,2398.0,0.0
B08,2399.0,0.0
B08,2400.0,0.0
B08,2401.0,0.0
B08,2402.0,0.0
B08,2403.0,0.0
B08,2404.0,0.0
B08,2405.0,0.0
B08,2406.0,0.0
B08,2407.0,0.0
B08,2408.0,0.0
B08,2409.0,0.0
B08,2410.0,0.0
B08,2411.0,0.0
B08,2412.0,0.0
B08,2413.0,0.0
B08,2414.0,0.0
B08,2415.0,0.0
B08,2416.0,0.0
B08,2417.0,0.0
B08,2418.0,0.0
B08,2419.0,0.0
B08,2420.0,0.0
B08,2421.0,0.0
B08,2422.0,0.0
B08,2423.0,0.0
B08,2424.0,0.0
B08,2425.0,0.0
B08,2426.0,0.0
B08,2427.0,0.0
B08,2428.0,0.0
B08,2429.0,0.0
B08,2430.0,0.0
B08,2431.0,0.0
B08,2432.0,0.0
B08,2433.0,0.0
B08,2434.0,0.0
B08,2435.0,0.0
B08,2436.0,0.0
B08,2437.0,0.0
B08,2438.0,0.0
B08,2439.0,0.0
B08,2440.0,0.0
B08,2441.0,0.0
B08,2442.0,0.0
B08,2443.0,0.0
B08,2444.0,0.0
B08,2445.0,0.0
B08,2446.0,0.0
B08,2447.0,0.0
B08,2448.0,0.0
B08,2449.0,0.0
B08,2450.0,0.0
B08,2451.0,0.0
B08,2452.0,0.0
B08,2453.0,0.0
B08,2454.0,0.0
B08,2455.0,0.0
B08,2456.0,0.0
B08,2457.0,0.0
B08,2458.0,0.0
B08,2459.0,0.0
B08,2460.0,0.0
B08,2461.0,0.0
B08,2462.0,0.0
B08,2463.0,0.0
B08,2464.0,0.0
B08,2465.0,0.0
B08,2466.0,0.0
B08,2467.0,0.0
B08,2468.0,0.0
B08,2469.0,0.0
B08,2470.0,0.0
B08,2471.0,0.0
B08,2472.0,0.0
B08,2473.0,0.0
B08,2474.0,0.0
B08,2475.0,0.0
B08,2476.0,0.0
B08,2477.0,0.0
B08,2478.0,0.0
B08,2479.0,0.0
B08,2480.0,0.0
B08,2481.0,0.0
B08,2482.0,0.0
B08,2483.0,0.0
B08,2484.0,0.0
B08,2485.0,0.0
B08,2486.0,0.0
B08,2487.0,0.0
B08,2488.0,0.0
B08,2489.0,0.0
B08,2490.0,0.0
B08,2491.0,0.0
B08,2492.0,0.0
B08,2493.0,0.0
B08,2494.0,0.0
B08,2495.0,0.0
B08,2496.0,0.0
B08,2497.0,0.0
B08,2498.0,0.0
B08,2499.0,0.0
B08,2500.0,0.0
B08,2501.0,0.0
B08,2502.0,0.0
B08,2503.0,0.0
B08,2504.0,0.0
B08,2505.0,0.0
B08,2506.0,0.0
B08,2507.0,0.0
B08,2508.0,0.0
B08,2509.0,0.0
B08,2510.0,0.0
B08,2511.0,0.0
B08,2512.0,0.0
B08,2513.0,0.0
B08,2514.0,0.0
B08,2515.0,0.0
B08,2516.0,0.0
B08,2517.0,0.0
B08,2518.0,0.0
B08,2519.0,0.0
B08,2520.0,0.0
B08,2521.0,0.0
B08,2522.0,0.0
B08,2523.0,0.0
B08,2524.0,0.0
B08,2525.0,0.0
B08,2526.0,0.0
B08,2527.0,0.0
B08,2528.0,0.0
B08,2529.0,0.0
B08,2530.0,0.0
B08,2531.0,0.0
B08,2532.0,0.0
B08,2533.0,0.0
B08,2534.0,0.0
B08,2535.0,0.0
B08,2536.0,0.0
B08,2537.0,0.0
B08,2538.0,0.0
B08,2539.0,0.0
B08,2540.0,0.0
B08,2541.0,0.0
B08,2542.0,0.0
B08,2543.0,0.0
B08,2544.0,0.0
B08,2545.0,0.0
B08,2546.0,0.0
B08,2547.0,0.0
B08,2548.0,0.0
B08,2549.0,0.0
B08,2550.0,0.0
B08,2551.0,0.0
B08,2552.0,0.0
B08,2553.0,0.0
B08,2554.0,0.0
B08,2555.0,0.0
B08,2556.0,0.0
B08,2557.0,0.0
B08,2558.0,0.0
B08,2559.0,0.0
B08,2560.0,0.0
B08,2561.0,0.0
B08,2562.0,0.0
B08,2563.0,0.0
B08,2564.0,0.0
B08,2565.0,0.0
B08,2566.0,0.0
B08,2567.0,0.0
B08,2568.0,0.0
B08,2569.0,0.0
B08,2570.0,0.0
B08,2571.0,0.0
B08,2572.0,0.0
B08,2573.0,0.0
B08,2574.0,0.0
B08,2575.0,0.0
B08,2576.0,0.0
B08,2577.0,0.0
B08,2578.0,0.0
B08,2579.0,0.0
B08,2580.0,0.0
B08,2581.0,0.0
B08,2582.0,0.0
B08,2583.0,0.0
B08,2584.0,0.0
B08,2585.0,0.0
B08,2586.0,0.0
B08,2587.0,0.0
B08,2588.0,0.0
B08,2589.0,0.0
B08,2590.0,0.0
B08,2591.0,0.0
B08,2592.0,0.0
B08,2593.0,0.0
B08,2594.0,0.0
B08,2595.0,0.0
B08,2596.0,0.0
B08,2597.0,0.0
B08,2598.0,0.0
B08,2599.0,0.0
B08,2600.0,0.0
B09,300.0,0.0
B09,301.0,0.0
B09,302.0,0.0
B09,303.0,0.0
B09,304.0,0.0
B09,305.0,0.0
B09,306.0,0.0
B09,307.0,0.0
B09,308.0,0.0
B09,309.0,0.0
B09,310.0,0.0
B09,311.0,0.0
B09,312.0,0.0
B09,313.0,0.0
B09,314.0,0.0
B09,315.0,0.0
B09,316.0,0.0
B09,317.0,0.0
B09,318.0,0.0
B09,319.0,0.0
B09,320.0,0.0
B09,321.0,0.0
B09,322.0,0.0
B09,323.0,0.0
B09,324.0,0.0
B09,325.0,0.0
B09,326.0,0.0
B09,327.0,0.0
B09,328.0,0.0
B09,329.0,0.0
B09,330.0,0.0
B09,331.0,0.0
B09,332.0,0.0
B09,333.0,0.0
B09,334.0,0.0
B09,335.0,0.0
B09,336.0,0.0
B09,337.0,0.0
B09,338.0,0.0
B09,339.0,0.0
B09,340.0,0.0
B09,341.0,0.0
B09,342.0,0.0
B09,343.0,0.0
B09,344.0,0.0
B09,345.0,0.0
B09,346.0,0.0
B09,347.0,0.0
B09,348.0,0.0
B09,349.0,0.0
B09,350.0,0.0
B09,351.0,0.0
B09,352.0,0.0
B09,353.0,0.0
B09,354.0,0.0
B09,355.0,0.0
B09,356.0,0.0
B09,357.0,0.0
B09,358.0,0.0
B09,359.0,0.0
B09,360.0,0.0
B09,361.0,0.0
B09,362.0,0.0
B09,363.0,0.0
B09,364.0,0.0
B09,365.0,0.0
B09,366.0,0.0
B09,367.0,0.0
B09,368.0,0.0
B09,369.0,0.0
B09,370.0,0.0
B09,371.0,0.0
B09,372.0,0.0
B09,373.0,0.0
B09,374.0,0.0
B09,375.0,0.0
B09,376.0,0.0
B09,377.0,0.0
B09,378.0,0.0
B09,379.0,0.0
B09,380.0,0.0
B09,381.0,0.0
B09,382.0,0.0
B09,383.0,0.0
B09,384.0,0.0
B09,385.0,0.0
B09,386.0,0.0
B09,387.0,0.0
B09,388.0,0.0
B09,389.0,0.0
B09,390.0,0.0
B09,391.0,0.0
B09,392.0,0.0
B09,393.0,0.0
B09,394.0,0.0
B09,395.0,0.0
B09,396.0,0.0
B09,397.0,0.0
B09,398.0,0.0
B09,399.0,0.0
B09,400.0,0.0
B09,401.0,0.0
B09,402.0,0.0
B09,403.0,0.0
B09,404.0,0.0
B09,405.0,0.0
B09,406.0,0.0
B09,407.0,0.0
B09,408.0,0.0
B09,409.0,0.0
B09,410.0,0.0
B09,411.0,0.0
B09,412.0,0.0
B09,413.0,0.0
B09,414.0,0.0
B09,415.0,0.0
B09,416.0,0.0
B09,417.0,0.0
B09,418.0,0.0
B09,419.0,0.0
B09,420.0,0.0
B09,421.0,0.0
B09,422.0,0.0
B09,423.0,0.0
B09,424.0,0.0
B09,425.0,0.0
B09,426.0,0.0
B09,427.0,0.0
B09,428.0,0.0
B09,429.0,0.0
B09,430.0,0.0
B09,431.0,0.0
B09,432.0,0.0
B09,433.0,0.0
B09,434.0,0.0
B09,435.0,0.0
B09,436.0,0.0
B09,437.0,0.0
B09,438.0,0.0
B09,439.0,0.0
B09,440.0,0.0
B09,441.0,0.0
B09,442.0,0.0
B09,443.0,0.0
B09,444.0,0.0
B09,445.0,0.0
B09,446.0,0.0
B09,447.0,0.0
B09,448.0,0.0
B09,449.0,0.0
B09,450.0,0.0
B09,451.0,0.0
B09,452.0,0.0
B09,453.0,0.0
B09,454.0,0.0
B09,455.0,0.0
B09,456.0,0.0
B09,457.0,0.0
B09,458.0,0.0
B09,459.0,0.0
B09,460.0,0.0
B09,461.0,0.0
B09,462.0,0.0
B09,463.0,0.0
B09,464.0,0.0
B09,465.0,0.0
B09,466.0,0.0
B09,467.0,0.0
B09,468.0,0.0
B09,469.0,0.0
B09,470.0,0.0
B09,471.0,0.0
B09,472.0,0.0
B09,473.0,0.0
B09,474.0,0.0
B09,475.0,0.0
B09,476.0,0.0
B09,477.0,0.0
B09,478.0,0.0
B09,479.0,0.0
B09,480.0,0.0
B09,481.0,0.0
B09,482.0,0.0
B09,483.0,0.0
B09,484.0,0.0
B09,485.0,0.0
B09,486.0,0.0
B09,487.0,0.0
B09,488.0,0.0
B09,489.0,0.0
B09,490.0,0.0
B09,491.0,0.0
B09,492.0,0.0
B09,493.0,0.0
B09,494.0,0.0
B09,495.0,0.0
B09,496.0,0.0
B09,497.0,0.0
B09,498.0,0.0
B09,499.0,0.0
B09,500.0,0.0
B09,501.0,0.0
B09,502.0,0.0
B09,503.0,0.0
B09,504.0,0.0
B09,505.0,0.0
B09,506.0,0.0
B09,507.0,0.0
B09,508.0,0.0
B09,509.0,0.0
B09,510.0,0.0
B09,511.0,0.0
B09,512.0,0.0
B09,513.0,0.0
B09,514.0,0.0
B09,515.0,0.0
B09,516.0,0.0
B09,517.0,0.0
B09,518.0,0.0
B09,519.0,0.0
B09,520.0,0.0
B09,521.0,0.0
B09,522.0,0.0
B09,523.0,0.0
B09,524.0,0.0
B09,525.0,0.0
B09,526.0,0.0
B09,527.0,0.0
B09,528.0,0.0
B09,529.0,0.0
B09,530.0,0.0
B09,531.0,0.0
B09,532.0,0.0
B09,533.0,0.0
B09,534.0,0.0
B09,535.0,0.0
B09,536.0,0.0
B09,537.0,0.0
B09,538.0,0.0
B09,539.0,0.0
B09,540.0,0.0
B09,541.0,0.0
B09,542.0,0.0
B09,543.0,0.0
B09,544.0,0.0
B09,545.0,0.0
B09,546.0,0.0
B09,547.0,0.0
B09,548.0,0.0
B09,549.0,0.0
B09,550.0,0.0
B09,551.0,0.0
B09,552.0,0.0
B09,553.0,0.0
B09,554.0,0.0
B09,555.0,0.0
B09,556.0,0.0
B09,557.0,0.0
B09,558.0,0.0
B09,559.0,0.0
B09,560.0,0.0
B09,561.0,0.0
B09,562.0,0.0
B09,563.0,0.0
B09,564.0,0.0
B09,565.0,0.0
B09,566.0,0.0
B09,567.0,0.0
B09,568.0,0.0
B09,569.0,0.0
B09,570.0,0.0
B09,571.0,0.0
B09,572.0,0.0
B09,573.0,0.0
B09,574.0,0.0
B09,575.0,0.0
B09,576.0,0.0
B09,577.0,0.0
B09,578.0,0.0
B09,579.0,0.0
B09,580.0,0.0
B09,581.0,0.0
B09,582.0,0.0
B09,583.0,0.0
B09,584.0,0.0
B09,585.0,0.0
B09,586.0,0.0
B09,587.0,0.0
B09,588.0,0.0
B09,589.0,0.0
B09,590.0,0.0
B09,591.0,0.0
B09,592.0,0.0
B09,593.0,0.0
B09,594.0,0.0
B09,595.0,0.0
B09,596.0,0.0
B09,597.0,0.0
B09,598.0,0.0
B09,599.0,0.0
B09,600.0,0.0
B09,601.0,0.0
B09,602.0,0.0
B09,603.0,0.0
B09,604.0,0.0
B09,605.0,0.0
B09,606.0,0.0
B09,607.0,0.0
B09,608.0,0.0
B09,609.0,0.0
B09,610.0,0.0
B09,611.0,0.0
B09,612.0,0.0
B09,613.0,0.0
B09,614.0,0.0
B09,615.0,0.0
B09,616.0,0.0
B09,617.0,0.0
B09,618.0,0.0
B09,619.0,0.0
B09,620.0,0.0
B09,621.0,0.0
B09,622.0,0.0
B09,623.0,0.0
B09,624.0,0.0
B09,625.0,0.0
B09,626.0,0.0
B09,627.0,0.0
B09,628.0,0.0
B09,629.0,0.0
B09,630.0,0.0
B09,631.0,0.0
B09,632.0,0.0
B09,633.0,0.0
B09,634.0,0.0
B09,635.0,0.0
B09,636.0,0.0
B09,637.0,0.0
B09,638.0,0.0
B09,639.0,0.0
B09,640.0,0.0
B09,641.0,0.0
B09,642.0,0.0
B09,643.0,0.0
B09,644.0,0.0
B09,645.0,0.0
B09,646.0,0.0
B09,647.0,0.0
B09,648.0,0.0
B09,649.0,0.0
B09,650.0,0.0
B09,651.0,0.0
B09,652.0,0.0
B09,653.0,0.0
B09,654.0,0.0
B09,655.0,0.0
B09,656.0,0.0
B09,657.0,0.0
B09,658.0,0.0
B09,659.0,0.0
B09,660.0,0.0
B09,661.0,0.0
B09,662.0,0.0
B09,663.0,0.0
B09,664.0,0.0
B09,665.0,0.0
B09,666.0,0.0
B09,667.0,0.0
B09,668.0,0.0
B09,669.0,0.0
B09,670.0,0.0
B09,671.0,0.0
B09,672.0,0.0
B09,673.0,0.0
B09,674.0,0.0
B09,675.0,0.0
B09,676.0,0.0
B09,677.0,0.0
B09,678.0,0.0
B09,679.0,0.0
B09,680.0,0.0
B09,681.0,0.0
B09,682.0,0.0
B09,683.0,0.0
B09,684.0,0.0
B09,685.0,0.0
B09,686.0,0.0
B09,687.0,0.0
B09,688.0,0.0
B09,689.0,0.0
B09,690.0,0.0
B09,691.0,0.0
B09,692.0,0.0
B09,693.0,0.0
B09,694.0,0.0
B09,695.0,0.0
B09,696.0,0.0
B09,697.0,0.0
B09,698.0,0.0
B09,699.0,0.0
B09,700.0,0.0
B09,701.0,0.0
B09,702.0,0.0
B09,703.0,0.0
B09,704.0,0.0
B09,705.0,0.0
B09,706.0,0.0
B09,707.0,0.0
B09,708.0,0.0
B09,709.0,0.0
B09,710.0,0.0
B09,711.0,0.0
B09,712.0,0.0
B09,713.0,0.0
B09,714.0,0.0
B09,715.0,0.0
B09,716.0,0.0
B09,717.0,0.0
B09,718.0,0.0
B09,719.0,0.0
B09,720.0,0.0
B09,721.0,0.0
B09,722.0,0.0
B09,723.0,0.0
B09,724.0,0.0
B09,725.0,0.0
B09,726.0,0.0
B09,727.0,0.0
B09,728.0,0.0
B09,729.0,0.0
B09,730.0,0.0
B09,731.0,0.0
B09,732.0,0.0
B09,733.0,0.0
B09,734.0,0.0
B09,735.0,0.0
B09,736.0,0.0
B09,737.0,0.0
B09,738.0,0.0
B09,739.0,0.0
B09,740.0,0.0
B09,741.0,0.0
B09,742.0,0.0
B09,743.0,0.0
B09,744.0,0.0
B09,745.0,0.0
B09,746.0,0.0
B09,747.0,0.0
B09,748.0,0.0
B09,749.0,0.0
B09,750.0,0.0
B09,751.0,0.0
B09,752.0,0.0
B09,753.0,0.0
B09,754.0,0.0
B09,755.0,0.0
B09,756.0,0.0
B09,757.0,0.0
B09,758.0,0.0
B09,759.0,0.0
B09,760.0,0.0
B09,761.0,0.0
B09,762.0,0.0
B09,763.0,0.0
B09,764.0,0.0
B09,765.0,0.0
B09,766.0,0.0
B09,767.0,0.0
B09,768.0,0.0
B09,769.0,0.0
B09,770.0,0.0
B09,771.0,0.0
B09,772.0,0.0
B09,773.0,0.0
B09,774.0,0.0
B09,775.0,0.0
B09,776.0,0.0
B09,777.0,0.0
B09,778.0,0.0
B09,779.0,0.0
B09,780.0,0.0
B09,781.0,0.0
B09,782.0,0.0
B09,783.0,0.0
B09,784.0,0.0
B09,785.0,0.0
B09,786.0,0.0
B09,787.0,0.0
B09,788.0,0.0
B09,789.0,0.0
B09,790.0,0.0
B09,791.0,0.0
B09,792.0,0.0
B09,793.0,0.0
B09,794.0,0.0
B09,795.0,0.0
B09,796.0,0.0
B09,797.0,0.0
B09,798.0,0.0
B09,799.0,0.0
B09,800.0,0.0
B09,801.0,0.0
B09,802.0,0.0
B09,803.0,0.0
B09,804.0,0.0
B09,805.0,0.0
B09,806.0,0.0
B09,807.0,0.0
B09,808.0,0.0
B09,809.0,0.0
B09,810.0,0.0
B09,811.0,0.0
B09,812.0,0.0
B09,813.0,0.0
B09,814.0,0.0
B09,815.0,0.0
B09,816.0,0.0
B09,817.0,0.0
B09,818.0,0.0
B09,819.0,0.0
B09,820.0,0.0
B09,821.0,0.0
B09,822.0,0.0
B09,823.0,0.0
B09,824.0,0.0
B09,825.0,0.0
B09,826.0,0.0
B09,827.0,0.0
B09,828.0,0.0
B09,829.0,0.0
B09,830.0,0.0
B09,831.0,0.0
B09,832.0,0.0
B09,833.0,0.0
B09,834.0,0.0
B09,835.0,0.0
B09,836.0,0.0
B09,837.0,0.0
B09,838.0,0.0
B09,839.0,0.0
B09,840.0,0.0
B09,841.0,0.0
B09,842.0,0.0
B09,843.0,0.0
B09,844.0,0.0
B09,845.0,0.0
B09,846.0,0.0
B09,847.0,0.0
B09,848.0,0.0
B09,849.0,0.0
B09,850.0,0.0
B09,851.0,0.0
B09,852.0,0.0
B09,853.0,0.0
B09,854.0,0.0
B09,855.0,0.0
B09,856.0,0.0
B09,857.0,0.0
B09,858.0,0.0
B09,859.0,0.0
B09,860.0,0.0
B09,861.0,0.0
B09,862.0,0.0
B09,863.0,0.0
B09,864.0,0.0
B09,865.0,0.0
B09,866.0,0.0
B09,867.0,0.0
B09,868.0,0.0
B09,869.0,0.0
B09,870.0,0.0
B09,871.0,0.0
B09,872.0,0.0
B09,873.0,0.0
B09,874.0,0.0
B09,875.0,0.0
B09,876.0,0.0
B09,877.0,0.0
B09,878.0,0.0
B09,879.0,0.0
B09,880.0,0.0
B09,881.0,0.0
B09,882.0,0.0
B09,883.0,0.0
B09,884.0,0.0
B09,885.0,0.0
B09,886.0,0.0
B09,887.0,0.0
B09,888.0,0.0
B09,889.0,0.0
B09,890.0,0.0
B09,891.0,0.0
B09,892.0,0.0
B09,893.0,0.0
B09,894.0,0.0
B09,895.0,0.0
B09,896.0,0.0
B09,897.0,0.0
B09,898.0,0.0
B09,899.0,0.0
B09,900.0,0.0
B09,901.0,0.0
B09,902.0,0.0
B09,903.0,0.0
B09,904.0,0.0
B09,905.0,0.0
B09,906.0,0.0
B09,907.0,0.0
B09,908.0,0.0
B09,909.0,0.0
B09,910.0,0.0
B09,911.0,0.0
B09,912.0,0.0
B09,913.0,0.0
B09,914.0,0.0
B09,915.0,0.0
B09,916.0,0.0
B09,917.0,0.0
B09,918.0,0.0
B09,919.0,0.0
B09,920.0,0.0
B09,921.0,0.0
B09,922.0,0.0
B09,923.0,0.0
B09,924.0,0.0
B09,925.0,0.0
B09,926.0,0.0
B09,927.0,0.0
B09,928.0,0.0
B09,929.0,0.0
B09,930.0,0.0121336
B09,931.0,0.04608767
B09,932.0,0.15156613
B09,933.0,0.35888361
B09,934.0,0.60704101
B09,935.0,0.83836043
B09,936.0,0.93474094
B09,937.0,0.94270146
B09,938.0,0.95838078
B09,939.0,0.99064712
B09,940.0,0.99789825
B09,941.0,1.0
B09,942.0,0.98593726
B09,943.0,0.97333604
B09,944.0,0.95776631
B09,945.0,0.972226
B09,946.0,0.94856942
B09,947.0,0.94367414
B09,948.0,0.90771555
B09,949.0,0.88460732
B09,950.0,0.85258329
B09,951.0,0.83375172
B09,952.0,0.71599386
B09,953.0,0.52202762
B09,954.0,0.26922852
B09,955.0,0.09477806
B09,956.0,0.02640828
B09,957.0,0.00346547
B09,958.0,0.0
B09,959.0,0.0
B09,960.0,0.0
B09,961.0,0.0
B09,962.0,0.0
B09,963.0,0.0
B09,964.0,0.0
B09,965.0,0.0
B09,966.0,0.0
B09,967.0,0.0
B09,968.0,0.0
B09,969.0,0.0
B09,970.0,0.0
B09,971.0,0.0
B09,972.0,0.0
B09,973.0,0.0
B09,974.0,0.0
B09,975.0,0.0
B09,976.0,0.0
B09,977.0,0.0
B09,978.0,0.0
B09,979.0,0.0
B09,980.0,0.0
B09,981.0,0.0
B09,982.0,0.0
B09,983.0,0.0
B09,984.0,0.0
B09,985.0,0.0
B09,986.0,0.0
B09,987.0,0.0
B09,988.0,0.0
B09,989.0,0.0
B09,990.0,0.0
B09,991.0,0.0
B09,992.0,0.0
B09,993.0,0.0
B09,994.0,0.0
B09,995.0,0.0
B09,996.0,0.0
B09,997.0,0.0
B09,998.0,0.0
B09,999.0,0.0
B09,1000.0,0.0
B09,1001.0,0.0
B09,1002.0,0.0
B09,1003.0,0.0
B09,1004.0,0.0
B09,1005.0,0.0
B09,1006.0,0.0
B09,1007.0,0.0
B09,1008.0,0.0
B09,1009.0,0.0
B09,1010.0,0.0
B09,1011.0,0.0
B09,1012.0,0.0
B09,1013.0,0.0
B09,1014.0,0.0
B09,1015.0,0.0
B09,1016.0,0.0
B09,1017.0,0.0
B09,1018.0,0.0
B09,1019.0,0.0
B09,1020.0,0.0
B09,1021.0,0.0
B09,1022.0,0.0
B09,1023.0,0.0
B09,1024.0,0.0
B09,1025.0,0.0
B09,1026.0,0.0
B09,1027.0,0.0
B09,1028.0,0.0
B09,1029.0,0.0
B09,1030.0,0.0
B09,1031.0,0.0
B09,1032.0,0.0
B09,1033.0,0.0
B09,1034.0,0.0
B09,1035.0,0.0
B09,1036.0,0.0
B09,1037.0,0.0
B09,1038.0,0.0
B09,1039.0,0.0
B09,1040.0,0.0
B09,1041.0,0.0
B09,1042.0,0.0
B09,1043.0,0.0
B09,1044.0,0.0
B09,1045.0,0.0
B09,1046.0,0.0
B09,1047.0,0.0
B09,1048.0,0.0
B09,1049.0,0.0
B09,1050.0,0.0
B09,1051.0,0.0
B09,1052.0,0.0
B09,1053.0,0.0
B09,1054.0,0.0
B09,1055.0,0.0
B09,1056.0,0.0
B09,1057.0,0.0
B09,1058.0,0.0
B09,1059.0,0.0
B09,1060.0,0.0
B09,1061.0,0.0
B09,1062.0,0.0
B09,1063.0,0.0
B09,1064.0,0.0
B09,1065.0,0.0
B09,1066.0,0.0
B09,1067.0,0.0
B09,1068.0,0.0
B09,1069.0,0.0
B09,1070.0,0.0
B09,1071.0,0.0
B09,1072.0,0.0
B09,1073.0,0.0
B09,1074.0,0.0
B09,1075.0,0.0
B09,1076.0,0.0
B09,1077.0,0.0
B09,1078.0,0.0
B09,1079.0,0.0
B09,1080.0,0.0
B09,1081.0,0.0
B09,1082.0,0.0
B09,1083.0,0.0
B09,1084.0,0.0
B09,1085.0,0.0
B09,1086.0,0.0
B09,1087.0,0.0
B09,1088.0,0.0
B09,1089.0,0.0
B09,1090.0,0.0
B09,1091.0,0.0
B09,1092.0,0.0
B09,1093.0,0.0
B09,1094.0,0.0
B09,1095.0,0.0
B09,1096.0,0.0
B09,1097.0,0.0
B09,1098.0,0.0
B09,1099.0,0.0
B09,1100.0,0.0
B09,1101.0,0.0
B09,1102.0,0.0
B09,1103.0,0.0
B09,1104.0,0.0
B09,1105.0,0.0
B09,1106.0,0.0
B09,1107.0,0.0
B09,1108.0,0.0
B09,1109.0,0.0
B09,1110.0,0.0
B09,1111.0,0.0
B09,1112.0,0.0
B09,1113.0,0.0
B09,1114.0,0.0
B09,1115.0,0.0
B09,1116.0,0.0
B09,1117.0,0.0
B09,1118.0,0.0
B09,1119.0,0.0
B09,1120.0,0.0
B09,1121.0,0.0
B09,1122.0,0.0
B09,1123.0,0.0
B09,1124.0,0.0
B09,1125.0,0.0
B09,1126.0,0.0
B09,1127.0,0.0
B09,1128.0,0.0
B09,1129.0,0.0
B09,1130.0,0.0
B09,1131.0,0.0
B09,1132.0,0.0
B09,1133.0,0.0
B09,1134.0,0.0
B09,1135.0,0.0
B09,1136.0,0.0
B09,1137.0,0.0
B09,1138.0,0.0
B09,1139.0,0.0
B09,1140.0,0.0
B09,1141.0,0.0
B09,1142.0,0.0
B09,1143.0,0.0
B09,1144.0,0.0
B09,1145.0,0.0
B09,1146.0,0.0
B09,1147.0,0.0
B09,1148.0,0.0
B09,1149.0,0.0
B09,1150.0,0.0
B09,1151.0,0.0
B09,1152.0,0.0
B09,1153.0,0.0
B09,1154.0,0.0
B09,1155.0,0.0
B09,1156.0,0.0
B09,1157.0,0.0
B09,1158.0,0.0
B09,1159.0,0.0
B09,1160.0,0.0
B09,1161.0,0.0
B09,1162.0,0.0
B09,1163.0,0.0
B09,1164.0,0.0
B09,1165.0,0.0
B09,1166.0,0.0
B09,1167.0,0.0
B09,1168.0,0.0
B09,1169.0,0.0
B09,1170.0,0.0
B09,1171.0,0.0
B09,1172.0,0.0
B09,1173.0,0.0
B09,1174.0,0.0
B09,1175.0,0.0
B09,1176.0,0.0
B09,1177.0,0.0
B09,1178.0,0.0
B09,1179.0,0.0
B09,1180.0,0.0
B09,1181.0,0.0
B09,1182.0,0.0
B09,1183.0,0.0
B09,1184.0,0.0
B09,1185.0,0.0
B09,1186.0,0.0
B09,1187.0,0.0
B09,1188.0,0.0
B09,1189.0,0.0
B09,1190.0,0.0
B09,1191.0,0.0
B09,1192.0,0.0
B09,1193.0,0.0
B09,1194.0,0.0
B09,1195.0,0.0
B09,1196.0,0.0
B09,1197.0,0.0
B09,1198.0,0.0
B09,1199.0,0.0
B09,1200.0,0.0
B09,1201.0,0.0
B09,1202.0,0.0
B09,1203.0,0.0
B09,1204.0,0.0
B09,1205.0,0.0
B09,1206.0,0.0
B09,1207.0,0.0
B09,1208.0,0.0
B09,1209.0,0.0
B09,1210.0,0.0
B09,1211.0,0.0
B09,1212.0,0.0
B09,1213.0,0.0
B09,1214.0,0.0
B09,1215.0,0.0
B09,1216.0,0.0
B09,1217.0,0.0
B09,1218.0,0.0
B09,1219.0,0.0
B09,1220.0,0.0
B09,1221.0,0.0
B09,1222.0,0.0
B09,1223.0,0.0
B09,1224.0,0.0
B09,1225.0,0.0
B09,1226.0,0.0
B09,1227.0,0.0
B09,1228.0,0.0
B09,1229.0,0.0
B09,1230.0,0.0
B09,1231.0,0.0
B09,1232.0,0.0
B09,1233.0,0.0
B09,1234.0,0.0
B09,1235.0,0.0
B09,1236.0,0.0
B09,1237.0,0.0
B09,1238.0,0.0
B09,1239.0,0.0
B09,1240.0,0.0
B09,1241.0,0.0
B09,1242.0,0.0
B09,1243.0,0.0
B09,1244.0,0.0
B09,1245.0,0.0
B09,1246.0,0.0
B09,1247.0,0.0
B09,1248.0,0.0
B09,1249.0,0.0
B09,1250.0,0.0
B09,1251.0,0.0
B09,1252.0,0.0
B09,1253.0,0.0
B09,1254.0,0.0
B09,1255.0,0.0
B09,1256.0,0.0
B09,1257.0,0.0
B09,1258.0,0.0
B09,1259.0,0.0
B09,1260.0,0.0
B09,1261.0,0.0
B09,1262.0,0.0
B09,1263.0,0.0
B09,1264.0,0.0
B09,1265.0,0.0
B09,1266.0,0.0
B09,1267.0,0.0
B09,1268.0,0.0
B09,1269.0,0.0
B09,1270.0,0.0
B09,1271.0,0.0
B09,1272.0,0.0
B09,1273.0,0.0
B09,1274.0,0.0
B09,1275.0,0.0
B09,1276.0,0.0
B09,1277.0,0.0
B09,1278.0,0.0
B09,1279.0,0.0
B09,1280.0,0.0
B09,1281.0,0.0
B09,1282.0,0.0
B09,1283.0,0.0
B09,1284.0,0.0
B09,1285.0,0.0
B09,1286.0,0.0
B09,1287.0,0.0
B09,1288.0,0.0
B09,1289.0,0.0
B09,1290.0,0.0
B09,1291.0,0.0
B09,1292.0,0.0
B09,1293.0,0.0
B09,1294.0,0.0
B09,1295.0,0.0
B09,1296.0,0.0
B09,1297.0,0.0
B09,1298.0,0.0
B09,1299.0,0.0
B09,1300.0,0.0
B09,1301.0,0.0
B09,1302.0,0.0
B09,1303.0,0.0
B09,1304.0,0.0
B09,1305.0,0.0
B09,1306.0,0.0
B09,1307.0,0.0
B09,1308.0,0.0
B09,1309.0,0.0
B09,1310.0,0.0
B09,1311.0,0.0
B09,1312.0,0.0
B09,1313.0,0.0
B09,1314.0,0.0
B09,1315.0,0.0
B09,1316.0,0.0
B09,1317.0,0.0
B09,1318.0,0.0
B09,1319.0,0.0
B09,1320.0,0.0
B09,1321.0,0.0
B09,1322.0,0.0
B09,1323.0,0.0
B09,1324.0,0.0
B09,1325.0,0.0
B09,1326.0,0.0
B09,1327.0,0.0
B09,1328.0,0.0
B09,1329.0,0.0
B09,1330.0,0.0
B09,1331.0,0.0
B09,1332.0,0.0
B09,1333.0,0.0
B09,1334.0,0.0
B09,1335.0,0.0
B09,1336.0,0.0
B09,1337.0,0.0
B09,1338.0,0.0
B09,1339.0,0.0
B09,1340.0,0.0
B09,1341.0,0.0
B09,1342.0,0.0
B09,1343.0,0.0
B09,1344.0,0.0
B09,1345.0,0.0
B09,1346.0,0.0
B09,1347.0,0.0
B09,1348.0,0.0
B09,1349.0,0.0
B09,1350.0,0.0
B09,1351.0,0.0
B09,1352.0,0.0
B09,1353.0,0.0
B09,1354.0,0.0
B09,1355.0,0.0
B09,1356.0,0.0
B09,1357.0,0.0
B09,1358.0,0.0
B09,1359.0,0.0
B09,1360.0,0.0
B09,1361.0,0.0
B09,1362.0,0.0
B09,1363.0,0.0
B09,1364.0,0.0
B09,1365.0,0.0
B09,1366.0,0.0
B09,1367.0,0.0
B09,1368.0,0.0
B09,1369.0,0.0
B09,1370.0,0.0
B09,1371.0,0.0
B09,1372.0,0.0
B09,1373.0,0.0
B09,1374.0,0.0
B09,1375.0,0.0
B09,1376.0,0.0
B09,1377.0,0.0
B09,1378.0,0.0
B09,1379.0,0.0
B09,1380.0,0.0
B09,1381.0,0.0
B09,1382.0,0.0
B09,1383.0,0.0
B09,1384.0,0.0
B09,1385.0,0.0
B09,1386.0,0.0
B09,1387.0,0.0
B09,1388.0,0.0
B09,1389.0,0.0
B09,1390.0,0.0
B09,1391.0,0.0
B09,1392.0,0.0
B09,1393.0,0.0
B09,1394.0,0.0
B09,1395.0,0.0
B09,1396.0,0.0
B09,1397.0,0.0
B09,1398.0,0.0
B09,1399.0,0.0
B09,1400.0,0.0
B09,1401.0,0.0
B09,1402.0,0.0
B09,1403.0,0.0
B09,1404.0,0.0
B09,1405.0,0.0
B09,1406.0,0.0
B09,1407.0,0.0
B09,1408.0,0.0
B09,1409.0,0.0
B09,1410.0,0.0
B09,1411.0,0.0
B09,1412.0,0.0
B09,1413.0,0.0
B09,1414.0,0.0
B09,1415.0,0.0
B09,1416.0,0.0
B09,1417.0,0.0
B09,1418.0,0.0
B09,1419.0,0.0
B09,1420.0,0.0
B09,1421.0,0.0
B09,1422.0,0.0
B09,1423.0,0.0
B09,1424.0,0.0
B09,1425.0,0.0
B09,1426.0,0.0
B09,1427.0,0.0
B09,1428.0,0.0
B09,1429.0,0.0
B09,1430.0,0.0
B09,1431.0,0.0
B09,1432.0,0.0
B09,1433.0,0.0
B09,1434.0,0.0
B09,1435.0,0.0
B09,1436.0,0.0
B09,1437.0,0.0
B09,1438.0,0.0
B09,1439.0,0.0
B09,1440.0,0.0
B09,1441.0,0.0
B09,1442.0,0.0
B09,1443.0,0.0
B09,1444.0,0.0
B09,1445.0,0.0
B09,1446.0,0.0
B09,1447.0,0.0
B09,1448.0,0.0
B09,1449.0,0.0
B09,1450.0,0.0
B09,1451.0,0.0
B09,1452.0,0.0
B09,1453.0,0.0
B09,1454.0,0.0
B09,1455.0,0.0
B09,1456.0,0.0
B09,1457.0,0.0
B09,1458.0,0.0
B09,1459.0,0.0
B09,1460.0,0.0
B09,1461.0,0.0
B09,1462.0,0.0
B09,1463.0,0.0
B09,1464.0,0.0
B09,1465.0,0.0
B09,1466.0,0.0
B09,1467.0,0.0
B09,1468.0,0.0
B09,1469.0,0.0
B09,1470.0,0.0
B09,1471.0,0.0
B09,1472.0,0.0
B09,1473.0,0.0
B09,1474.0,0.0
B09,1475.0,0.0
B09,1476.0,0.0
B09,1477.0,0.0
B09,1478.0,0.0
B09,1479.0,0.0
B09,1480.0,0.0
B09,1481.0,0.0
B09,1482.0,0.0
B09,1483.0,0.0
B09,1484.0,0.0
B09,1485.0,0.0
B09,1486.0,0.0
B09,1487.0,0.0
B09,1488.0,0.0
B09,1489.0,0.0
B09,1490.0,0.0
B09,1491.0,0.0
B09,1492.0,0.0
B09,1493.0,0.0
B09,1494.0,0.0
B09,1495.0,0.0
B09,1496.0,0.0
B09,1497.0,0.0
B09,1498.0,0.0
B09,1499.0,0.0
B09,1500.0,0.0
B09,1501.0,0.0
B09,1502.0,0.0
B09,1503.0,0.0
B09,1504.0,0.0
B09,1505.0,0.0
B09,1506.0,0.0
B09,1507.0,0.0
B09,1508.0,0.0
B09,1509.0,0.0
B09,1510.0,0.0
B09,1511.0,0.0
B09,1512.0,0.0
B09,1513.0,0.0
B09,1514.0,0.0
B09,1515.0,0.0
B09,1516.0,0.0
B09,1517.0,0.0
B09,1518.0,0.0
B09,1519.0,0.0
B09,1520.0,0.0
B09,1521.0,0.0
B09,1522.0,0.0
B09,1523.0,0.0
B09,1524.0,0.0
B09,1525.0,0.0
B09,1526.0,0.0
B09,1527.0,0.0
B09,1528.0,0.0
B09,1529.0,0.0
B09,1530.0,0.0
B09,1531.0,0.0
B09,1532.0,0.0
B09,1533.0,0.0
B09,1534.0,0.0
B09,1535.0,0.0
B09,1536.0,0.0
B09,1537.0,0.0
B09,1538.0,0.0
B09,1539.0,0.0
B09,1540.0,0.0
B09,1541.0,0.0
B09,1542.0,0.0
B09,1543.0,0.0
B09,1544.0,0.0
B09,1545.0,0.0
B09,1546.0,0.0
B09,1547.0,0.0
B09,1548.0,0.0
B09,1549.0,0.0
B09,1550.0,0.0
B09,1551.0,0.0
B09,1552.0,0.0
B09,1553.0,0.0
B09,1554.0,0.0
B09,1555.0,0.0
B09,1556.0,0.0
B09,1557.0,0.0
B09,1558.0,0.0
B09,1559.0,0.0
B09,1560.0,0.0
B09,1561.0,0.0
B09,1562.0,0.0
B09,1563.0,0.0
B09,1564.0,0.0
B09,1565.0,0.0
B09,1566.0,0.0
B09,1567.0,0.0
B09,1568.0,0.0
B09,1569.0,0.0
B09,1570.0,0.0
B09,1571.0,0.0
B09,1572.0,0.0
B09,1573.0,0.0
B09,1574.0,0.0
B09,1575.0,0.0
B09,1576.0,0.0
B09,1577.0,0.0
B09,1578.0,0.0
B09,1579.0,0.0
B09,1580.0,0.0
B09,1581.0,0.0
B09,1582.0,0.0
B09,1583.0,0.0
B09,1584.0,0.0
B09,1585.0,0.0
B09,1586.0,0.0
B09,1587.0,0.0
B09,1588.0,0.0
B09,1589.0,0.0
B09,1590.0,0.0
B09,1591.0,0.0
B09,1592.0,0.0
B09,1593.0,0.0
B09,1594.0,0.0
B09,1595.0,0.0
B09,1596.0,0.0
B09,1597.0,0.0
B09,1598.0,0.0
B09,1599.0,0.0
B09,1600.0,0.0
B09,1601.0,0.0
B09,1602.0,0.0
B09,1603.0,0.0
B09,1604.0,0.0
B09,1605.0,0.0
B09,1606.0,0.0
B09,1607.0,0.0
B09,1608.0,0.0
B09,1609.0,0.0
B09,1610.0,0.0
B09,1611.0,0.0
B09,1612.0,0.0
B09,1613.0,0.0
B09,1614.0,0.0
B09,1615.0,0.0
B09,1616.0,0.0
B09,1617.0,0.0
B09,1618.0,0.0
B09,1619.0,0.0
B09,1620.0,0.0
B09,1621.0,0.0
B09,1622.0,0.0
B09,1623.0,0.0
B09,1624.0,0.0
B09,1625.0,0.0
B09,1626.0,0.0
B09,1627.0,0.0
B09,1628.0,0.0
B09,1629.0,0.0
B09,1630.0,0.0
B09,1631.0,0.0
B09,1632.0,0.0
B09,1633.0,0.0
B09,1634.0,0.0
B09,1635.0,0.0
B09,1636.0,0.0
B09,1637.0,0.0
B09,1638.0,0.0
B09,1639.0,0.0
B09,1640.0,0.0
B09,1641.0,0.0
B09,1642.0,0.0
B09,1643.0,0.0
B09,1644.0,0.0
B09,1645.0,0.0
B09,1646.0,0.0
B09,1647.0,0.0
B09,1648.0,0.0
B09,1649.0,0.0
B09,1650.0,0.0
B09,1651.0,0.0
B09,1652.0,0.0
B09,1653.0,0.0
B09,1654.0,0.0
B09,1655.0,0.0
B09,1656.0,0.0
B09,1657.0,0.0
B09,1658.0,0.0
B09,1659.0,0.0
B09,1660.0,0.0
B09,1661.0,0.0
B09,1662.0,0.0
B09,1663.0,0.0
B09,1664.0,0.0
B09,1665.0,0.0
B09,1666.0,0.0
B09,1667.0,0.0
B09,1668.0,0.0
B09,1669.0,0.0
B09,1670.0,0.0
B09,1671.0,0.0
B09,1672.0,0.0
B09,1673.0,0.0
B09,1674.0,0.0
B09,1675.0,0.0
B09,1676.0,0.0
B09,1677.0,0.0
B09,1678.0,0.0
B09,1679.0,0.0
B09,1680.0,0.0
B09,1681.0,0.0
B09,1682.0,0.0
B09,1683.0,0.0
B09,1684.0,0.0
B09,1685.0,0.0
B09,1686.0,0.0
B09,1687.0,0.0
B09,1688.0,0.0
B09,1689.0,0.0
B09,1690.0,0.0
B09,1691.0,0.0
B09,1692.0,0.0
B09,1693.0,0.0
B09,1694.0,0.0
B09,1695.0,0.0
B09,1696.0,0.0
B09,1697.0,0.0
B09,1698.0,0.0
B09,1699.0,0.0
B09,1700.0,0.0
B09,1701.0,0.0
B09,1702.0,0.0
B09,1703.0,0.0
B09,1704.0,0.0
B09,1705.0,0.0
B09,1706.0,0.0
B09,1707.0,0.0
B09,1708.0,0.0
B09,1709.0,0.0
B09,1710.0,0.0
B09,1711.0,0.0
B09,1712.0,0.0
B09,1713.0,0.0
B09,1714.0,0.0
B09,1715.0,0.0
B09,1716.0,0.0
B09,1717.0,0.0
B09,1718.0,0.0
B09,1719.0,0.0
B09,1720.0,0.0
B09,1721.0,0.0
B09,1722.0,0.0
B09,1723.0,0.0
B09,1724.0,0.0
B09,1725.0,0.0
B09,1726.0,0.0
B09,1727.0,0.0
B09,1728.0,0.0
B09,1729.0,0.0
B09,1730.0,0.0
B09,1731.0,0.0
B09,1732.0,0.0
B09,1733.0,0.0
B09,1734.0,0.0
B09,1735.0,0.0
B09,1736.0,0.0
B09,1737.0,0.0
B09,1738.0,0.0
B09,1739.0,0.0
B09,1740.0,0.0
B09,1741.0,0.0
B09,1742.0,0.0
B09,1743.0,0.0
B09,1744.0,0.0
B09,1745.0,0.0
B09,1746.0,0.0
B09,1747.0,0.0
B09,1748.0,0.0
B09,1749.0,0.0
B09,1750.0,0.0
B09,1751.0,0.0
B09,1752.0,0.0
B09,1753.0,0.0
B09,1754.0,0.0
B09,1755.0,0.0
B09,1756.0,0.0
B09,1757.0,0.0
B09,1758.0,0.0
B09,1759.0,0.0
B09,1760.0,0.0
B09,1761.0,0.0
B09,1762.0,0.0
B09,1763.0,0.0
B09,1764.0,0.0
B09,1765.0,0.0
B09,1766.0,0.0
B09,1767.0,0.0
B09,1768.0,0.0
B09,1769.0,0.0
B09,1770.0,0.0
B09,1771.0,0.0
B09,1772.0,0.0
B09,1773.0,0.0
B09,1774.0,0.0
B09,1775.0,0.0
B09,1776.0,0.0
B09,1777.0,0.0
B09,1778.0,0.0
B09,1779.0,0.0
B09,1780.0,0.0
B09,1781.0,0.0
B09,1782.0,0.0
B09,1783.0,0.0
B09,1784.0,0.0
B09,1785.0,0.0
B09,1786.0,0.0
B09,1787.0,0.0
B09,1788.0,0.0
B09,1789.0,0.0
B09,1790.0,0.0
B09,1791.0,0.0
B09,1792.0,0.0
B09,1793.0,0.0
B09,1794.0,0.0
B09,1795.0,0.0
B09,1796.0,0.0
B09,1797.0,0.0
B09,1798.0,0.0
B09,1799.0,0.0
B09,1800.0,0.0
B09,1801.0,0.0
B09,1802.0,0.0
B09,1803.0,0.0
B09,1804.0,0.0
B09,1805.0,0.0
B09,1806.0,0.0
B09,1807.0,0.0
B09,1808.0,0.0
B09,1809.0,0.0
B09,1810.0,0.0
B09,1811.0,0.0
B09,1812.0,0.0
B09,1813.0,0.0
B09,1814.0,0.0
B09,1815.0,0.0
B09,1816.0,0.0
B09,1817.0,0.0
B09,1818.0,0.0
B09,1819.0,0.0
B09,1820.0,0.0
B09,1821.0,0.0
B09,1822.0,0.0
B09,1823.0,0.0
B09,1824.0,0.0
B09,1825.0,0.0
B09,1826.0,0.0
B09,1827.0,0.0
B09,1828.0,0.0
B09,1829.0,0.0
B09,1830.0,0.0
B09,1831.0,0.0
B09,1832.0,0.0
B09,1833.0,0.0
B09,1834.0,0.0
B09,1835.0,0.0
B09,1836.0,0.0
B09,1837.0,0.0
B09,1838.0,0.0
B09,1839.0,0.0
B09,1840.0,0.0
B09,1841.0,0.0
B09,1842.0,0.0
B09,1843.0,0.0
B09,1844.0,0.0
B09,1845.0,0.0
B09,1846.0,0.0
B09,1847.0,0.0
B09,1848.0,0.0
B09,1849.0,0.0
B09,1850.0,0.0
B09,1851.0,0.0
B09,1852.0,0.0
B09,1853.0,0.0
B09,1854.0,0.0
B09,1855.0,0.0
B09,1856.0,0.0
B09,1857.0,0.0
B09,1858.0,0.0
B09,1859.0,0.0
B09,1860.0,0.0
B09,1861.0,0.0
B09,1862.0,0.0
B09,1863.0,0.0
B09,1864.0,0.0
B09,1865.0,0.0
B09,1866.0,0.0
B09,1867.0,0.0
B09,1868.0,0.0
B09,1869.0,0.0
B09,1870.0,0.0
B09,1871.0,0.0
B09,1872.0,0.0
B09,1873.0,0.0
B09,1874.0,0.0
B09,1875.0,0.0
B09,1876.0,0.0
B09,1877.0,0.0
B09,1878.0,0.0
B09,1879.0,0.0
B09,1880.0,0.0
B09,1881.0,0.0
B09,1882.0,0.0
B09,1883.0,0.0
B09,1884.0,0.0
B09,1885.0,0.0
B09,1886.0,0.0
B09,1887.0,0.0
B09,1888.0,0.0
B09,1889.0,0.0
B09,1890.0,0.0
B09,1891.0,0.0
B09,1892.0,0.0
B09,1893.0,0.0
B09,1894.0,0.0
B09,1895.0,0.0
B09,1896.0,0.0
B09,1897.0,0.0
B09,1898.0,0.0
B09,1899.0,0.0
B09,1900.0,0.0
B09,1901.0,0.0
B09,1902.0,0.0
B09,1903.0,0.0
B09,1904.0,0.0
B09,1905.0,0.0
B09,1906.0,0.0
B09,1907.0,0.0
B09,1908.0,0.0
B09,1909.0,0.0
B09,1910.0,0.0
B09,1911.0,0.0
B09,1912.0,0.0
B09,1913.0,0.0
B09,1914.0,0.0
B09,1915.0,0.0
B09,1916.0,0.0
B09,1917.0,0.0
B09,1918.0,0.0
B09,1919.0,0.0
B09,1920.0,0.0
B09,1921.0,0.0
B09,1922.0,0.0
B09,1923.0,0.0
B09,1924.0,0.0
B09,1925.0,0.0
B09,1926.0,0.0
B09,1927.0,0.0
B09,1928.0,0.0
B09,1929.0,0.0
B09,1930.0,0.0
B09,1931.0,0.0
B09,1932.0,0.0
B09,1933.0,0.0
B09,1934.0,0.0
B09,1935.0,0.0
B09,1936.0,0.0
B09,1937.0,0.0
B09,1938.0,0.0
B09,1939.0,0.0
B09,1940.0,0.0
B09,1941.0,0.0
B09,1942.0,0.0
B09,1943.0,0.0
B09,1944.0,0.0
B09,1945.0,0.0
B09,1946.0,0.0
B09,1947.0,0.0
B09,1948.0,0.0
B09,1949.0,0.0
B09,1950.0,0.0
B09,1951.0,0.0
B09,1952.0,0.0
B09,1953.0,0.0
B09,1954.0,0.0
B09,1955.0,0.0
B09,1956.0,0.0
B09,1957.0,0.0
B09,1958.0,0.0
B09,1959.0,0.0
B09,1960.0,0.0
B09,1961.0,0.0
B09,1962.0,0.0
B09,1963.0,0.0
B09,1964.0,0.0
B09,1965.0,0.0
B09,1966.0,0.0
B09,1967.0,0.0
B09,1968.0,0.0
B09,1969.0,0.0
B09,1970.0,0.0
B09,1971.0,0.0
B09,1972.0,0.0
B09,1973.0,0.0
B09,1974.0,0.0
B09,1975.0,0.0
B09,1976.0,0.0
B09,1977.0,0.0
B09,1978.0,0.0
B09,1979.0,0.0
B09,1980.0,0.0
B09,1981.0,0.0
B09,1982.0,0.0
B09,1983.0,0.0
B09,1984.0,0.0
B09,1985.0,0.0
B09,1986.0,0.0
B09,1987.0,0.0
B09,1988.0,0.0
B09,1989.0,0.0
B09,1990.0,0.0
B09,1991.0,0.0
B09,1992.0,0.0
B09,1993.0,0.0
B09,1994.0,0.0
B09,1995.0,0.0
B09,1996.0,0.0
B09,1997.0,0.0
B09,1998.0,0.0
B09,1999.0,0.0
B09,2000.0,0.0
B09,2001.0,0.0
B09,2002.0,0.0
B09,2003.0,0.0
B09,2004.0,0.0
B09,2005.0,0.0
B09,2006.0,0.0
B09,2007.0,0.0
B09,2008.0,0.0
B09,2009.0,0.0
B09,2010.0,0.0
B09,2011.0,0.0
B09,2012.0,0.0
B09,2013.0,0.0
B09,2014.0,0.0
B09,2015.0,0.0
B09,2016.0,0.0
B09,2017.0,0.0
B09,2018.0,0.0
B09,2019.0,0.0
B09,2020.0,0.0
B09,2021.0,0.0
B09,2022.0,0.0
B09,2023.0,0.0
B09,2024.0,0.0
B09,2025.0,0.0
B09,2026.0,0.0
B09,2027.0,0.0
B09,2028.0,0.0
B09,2029.0,0.0
B09,2030.0,0.0
B09,2031.0,0.0
B09,2032.0,0.0
B09,2033.0,0.0
B09,2034.0,0.0
B09,2035.0,0.0
B09,2036.0,0.0
B09,2037.0,0.0
B09,2038.0,0.0
B09,2039.0,0.0
B09,2040.0,0.0
B09,2041.0,0.0
B09,2042.0,0.0
B09,2043.0,0.0
B09,2044.0,0.0
B09,2045.0,0.0
B09,2046.0,0.0
B09,2047.0,0.0
B09,2048.0,0.0
B09,2049.0,0.0
B09,2050.0,0.0
B09,2051.0,0.0
B09,2052.0,0.0
B09,2053.0,0.0
B09,2054.0,0.0
B09,2055.0,0.0
B09,2056.0,0.0
B09,2057.0,0.0
B09,2058.0,0.0
B09,2059.0,0.0
B09,2060.0,0.0
B09,2061.0,0.0
B09,2062.0,0.0
B09,2063.0,0.0
B09,2064.0,0.0
B09,2065.0,0.0
B09,2066.0,0.0
B09,2067.0,0.0
B09,2068.0,0.0
B09,2069.0,0.0
B09,2070.0,0.0
B09,2071.0,0.0
B09,2072.0,0.0
B09,2073.0,0.0
B09,2074.0,0.0
B09,2075.0,0.0
B09,2076.0,0.0
B09,2077.0,0.0
B09,2078.0,0.0
B09,2079.0,0.0
B09,2080.0,0.0
B09,2081.0,0.0
B09,2082.0,0.0
B09,2083.0,0.0
B09,2084.0,0.0
B09,2085.0,0.0
B09,2086.0,0.0
B09,2087.0,0.0
B09,2088.0,0.0
B09,2089.0,0.0
B09,2090.0,0.0
B09,2091.0,0.0
B09,2092.0,0.0
B09,2093.0,0.0
B09,2094.0,0.0
B09,2095.0,0.0
B09,2096.0,0.0
B09,2097.0,0.0
B09,2098.0,0.0
B09,2099.0,0.0
B09,2100.0,0.0
B09,2101.0,0.0
B09,2102.0,0.0
B09,2103.0,0.0
B09,2104.0,0.0
B09,2105.0,0.0
B09,2106.0,0.0
B09,2107.0,0.0
B09,2108.0,0.0
B09,2109.0,0.0
B09,2110.0,0.0
B09,2111.0,0.0
B09,2112.0,0.0
B09,2113.0,0.0
B09,2114.0,0.0
B09,2115.0,0.0
B09,2116.0,0.0
B09,2117.0,0.0
B09,2118.0,0.0
B09,2119.0,0.0
B09,2120.0,0.0
B09,2121.0,0.0
B09,2122.0,0.0
B09,2123.0,0.0
B09,2124.0,0.0
B09,2125.0,0.0
B09,2126.0,0.0
B09,2127.0,0.0
B09,2128.0,0.0
B09,2129.0,0.0
B09,2130.0,0.0
B09,2131.0,0.0
B09,2132.0,0.0
B09,2133.0,0.0
B09,2134.0,0.0
B09,2135.0,0.0
B09,2136.0,0.0
B09,2137.0,0.0
B09,2138.0,0.0
B09,2139.0,0.0
B09,2140.0,0.0
B09,2141.0,0.0
B09,2142.0,0.0
B09,2143.0,0.0
B09,2144.0,0.0
B09,2145.0,0.0
B09,2146.0,0.0
B09,2147.0,0.0
B09,2148.0,0.0
B09,2149.0,0.0
B09,2150.0,0.0
B09,2151.0,0.0
B09,2152.0,0.0
B09,2153.0,0.0
B09,2154.0,0.0
B09,2155.0,0.0
B09,2156.0,0.0
B09,2157.0,0.0
B09,2158.0,0.0
B09,2159.0,0.0
B09,2160.0,0.0
B09,2161.0,0.0
B09,2162.0,0.0
B09,2163.0,0.0
B09,2164.0,0.0
B09,2165.0,0.0
B09,2166.0,0.0
B09,2167.0,0.0
B09,2168.0,0.0
B09,2169.0,0.0
B09,2170.0,0.0
B09,2171.0,0.0
B09,2172.0,0.0
B09,2173.0,0.0
B09,2174.0,0.0
B09,2175.0,0.0
B09,2176.0,0.0
B09,2177.0,0.0
B09,2178.0,0.0
B09,2179.0,0.0
B09,2180.0,0.0
B09,2181.0,0.0
B09,2182.0,0.0
B09,2183.0,0.0
B09,2184.0,0.0
B09,2185.0,0.0
B09,2186.0,0.0
B09,2187.0,0.0
B09,2188.0,0.0
B09,2189.0,0.0
B09,2190.0,0.0
B09,2191.0,0.0
B09,2192.0,0.0
B09,2193.0,0.0
B09,2194.0,0.0
B09,2195.0,0.0
B09,2196.0,0.0
B09,2197.0,0.0
B09,2198.0,0.0
B09,2199.0,0.0
B09,2200.0,0.0
B09,2201.0,0.0
B09,2202.0,0.0
B09,2203.0,0.0
B09,2204.0,0.0
B09,2205.0,0.0
B09,2206.0,0.0
B09,2207.0,0.0
B09,2208.0,0.0
B09,2209.0,0.0
B09,2210.0,0.0
B09,2211.0,0.0
B09,2212.0,0.0
B09,2213.0,0.0
B09,2214.0,0.0
B09,2215.0,0.0
B09,2216.0,0.0
B09,2217.0,0.0
B09,2218.0,0.0
B09,2219.0,0.0
B09,2220.0,0.0
B09,2221.0,0.0
B09,2222.0,0.0
B09,2223.0,0.0
B09,2224.0,0.0
B09,2225.0,0.0
B09,2226.0,0.0
B09,2227.0,0.0
B09,2228.0,0.0
B09,2229.0,0.0
B09,2230.0,0.0
B09,2231.0,0.0
B09,2232.0,0.0
B09,2233.0,0.0
B09,2234.0,0.0
B09,2235.0,0.0
B09,2236.0,0.0
B09,2237.0,0.0
B09,2238.0,0.0
B09,2239.0,0.0
B09,2240.0,0.0
B09,2241.0,0.0
B09,2242.0,0.0
B09,2243.0,0.0
B09,2244.0,0.0
B09,2245.0,0.0
B09,2246.0,0.0
B09,2247.0,0.0
B09,2248.0,0.0
B09,2249.0,0.0
B09,2250.0,0.0
B09,2251.0,0.0
B09,2252.0,0.0
B09,2253.0,0.0
B09,2254.0,0.0
B09,2255.0,0.0
B09,2256.0,0.0
B09,2257.0,0.0
B09,2258.0,0.0
B09,2259.0,0.0
B09,2260.0,0.0
B09,2261.0,0.0
B09,2262.0,0.0
B09,2263.0,0.0
B09,2264.0,0.0
B09,2265.0,0.0
B09,2266.0,0.0
B09,2267.0,0.0
B09,2268.0,0.0
B09,2269.0,0.0
B09,2270.0,0.0
B09,2271.0,0.0
B09,2272.0,0.0
B09,2273.0,0.0
B09,2274.0,0.0
B09,2275.0,0.0
B09,2276.0,0.0
B09,2277.0,0.0
B09,2278.0,0.0
B09,2279.0,0.0
B09,2280.0,0.0
B09,2281.0,0.0
B09,2282.0,0.0
B09,2283.0,0.0
B09,2284.0,0.0
B09,2285.0,0.0
B09,2286.0,0.0
B09,2287.0,0.0
B09,2288.0,0.0
B09,2289.0,0.0
B09,2290.0,0.0
B09,2291.0,0.0
B09,2292.0,0.0
B09,2293.0,0.0
B09,2294.0,0.0
B09,2295.0,0.0
B09,2296.0,0.0
B09,2297.0,0.0
B09,2298.0,0.0
B09,2299.0,0.0
B09,2300.0,0.0
B09,2301.0,0.0
B09,2302.0,0.0
B09,2303.0,0.0
B09,2304.0,0.0
B09,2305.0,0.0
B09,2306.0,0.0
B09,2307.0,0.0
B09,2308.0,0.0
B09,2309.0,0.0
B09,2310.0,0.0
B09,2311.0,0.0
B09,2312.0,0.0
B09,2313.0,0.0
B09,2314.0,0.0
B09,2315.0,0.0
B09,2316.0,0.0
B09,2317.0,0.0
B09,2318.0,0.0
B09,2319.0,0.0
B09,2320.0,0.0
B09,2321.0,0.0
B09,2322.0,0.0
B09,2323.0,0.0
B09,2324.0,0.0
B09,2325.0,0.0
B09,2326.0,0.0
B09,2327.0,0.0
B09,2328.0,0.0
B09,2329.0,0.0
B09,2330.0,0.0
B09,2331.0,0.0
B09,2332.0,0.0
B09,2333.0,0.0
B09,2334.0,0.0
B09,2335.0,0.0
B09,2336.0,0.0
B09,2337.0,0.0
B09,2338.0,0.0
B09,2339.0,0.0
B09,2340.0,0.0
B09,2341.0,0.0
B09,2342.0,0.0
B09,2343.0,0.0
B09,2344.0,0.0
B09,2345.0,0.0
B09,2346.0,0.0
B09,2347.0,0.0
B09,2348.0,0.0
B09,2349.0,0.0
B09,2350.0,0.0
B09,2351.0,0.0
B09,2352.0,0.0
B09,2353.0,0.0
B09,2354.0,0.0
B09,2355.0,0.0
B09,2356.0,0.0
B09,2357.0,0.0
B09,2358.0,0.0
B09,2359.0,0.0
B09,2360.0,0.0
B09,2361.0,0.0
B09,2362.0,0.0
B09,2363.0,0.0
B09,2364.0,0.0
B09,2365.0,0.0
B09,2366.0,0.0
B09,2367.0,0.0
B09,2368.0,0.0
B09,2369.0,0.0
B09,2370.0,0.0
B09,2371.0,0.0
B09,2372.0,0.0
B09,2373.0,0.0
B09,2374.0,0.0
B09,2375.0,0.0
B09,2376.0,0.0
B09,2377.0,0.0
B09,2378.0,0.0
B09,2379.0,0.0
B09,2380.0,0.0
B09,2381.0,0.0
B09,2382.0,0.0
B09,2383.0,0.0
B09,2384.0,0.0
B09,2385.0,0.0
B09,2386.0,0.0
B09,2387.0,0.0
B09,2388.0,0.0
B09,2389.0,0.0
B09,2390.0,0.0
B09,2391.0,0.0
B09,2392.0,0.0
B09,2393.0,0.0
B09,2394.0,0.0
B09,2395.0,0.0
B09,2396.0,0.0
B09,2397.0,0.0
B09,2398.0,0.0
B09,2399.0,0.0
B09,2400.0,0.0
B09,2401.0,0.0
B09,2402.0,0.0
B09,2403.0,0.0
B09,2404.0,0.0
B09,2405.0,0.0
B09,2406.0,0.0
B09,2407.0,0.0
B09,2408.0,0.0
B09,2409.0,0.0
B09,2410.0,0.0
B09,2411.0,0.0
B09,2412.0,0.0
B09,2413.0,0.0
B09,2414.0,0.0
B09,2415.0,0.0
B09,2416.0,0.0
B09,2417.0,0.0
B09,2418.0,0.0
B09,2419.0,0.0
B09,2420.0,0.0
B09,2421.0,0.0
B09,2422.0,0.0
B09,2423.0,0.0
B09,2424.0,0.0
B09,2425.0,0.0
B09,2426.0,0.0
B09,2427.0,0.0
B09,2428.0,0.0
B09,2429.0,0.0
B09,2430.0,0.0
B09,2431.0,0.0
B09,2432.0,0.0
B09,2433.0,0.0
B09,2434.0,0.0
B09,2435.0,0.0
B09,2436.0,0.0
B09,2437.0,0.0
B09,2438.0,0.0
B09,2439.0,0.0
B09,2440.0,0.0
B09,2441.0,0.0
B09,2442.0,0.0
B09,2443.0,0.0
B09,2444.0,0.0
B09,2445.0,0.0
B09,2446.0,0.0
B09,2447.0,0.0
B09,2448.0,0.0
B09,2449.0,0.0
B09,2450.0,0.0
B09,2451.0,0.0
B09,2452.0,0.0
B09,2453.0,0.0
B09,2454.0,0.0
B09,2455.0,0.0
B09,2456.0,0.0
B09,2457.0,0.0
B09,2458.0,0.0
B09,2459.0,0.0
B09,2460.0,0.0
B09,2461.0,0.0
B09,2462.0,0.0
B09,2463.0,0.0
B09,2464.0,0.0
B09,2465.0,0.0
B09,2466.0,0.0
B09,2467.0,0.0
B09,2468.0,0.0
B09,2469.0,0.0
B09,2470.0,0.0
B09,2471.0,0.0
B09,2472.0,0.0
B09,2473.0,0.0
B09,2474.0,0.0
B09,2475.0,0.0
B09,2476.0,0.0
B09,2477.0,0.0
B09,2478.0,0.0
B09,2479.0,0.0
B09,2480.0,0.0
B09,2481.0,0.0
B09,2482.0,0.0
B09,2483.0,0.0
B09,2484.0,0.0
B09,2485.0,0.0
B09,2486.0,0.0
B09,2487.0,0.0
B09,2488.0,0.0
B09,2489.0,0.0
B09,2490.0,0.0
B09,2491.0,0.0
B09,2492.0,0.0
B09,2493.0,0.0
B09,2494.0,0.0
B09,2495.0,0.0
B09,2496.0,0.0
B09,2497.0,0.0
B09,2498.0,0.0
B09,2499.0,0.0
B09,2500.0,0.0
B09,2501.0,0.0
B09,2502.0,0.0
B09,2503.0,0.0
B09,2504.0,0.0
B09,2505.0,0.0
B09,2506.0,0.0
B09,2507.0,0.0
B09,2508.0,0.0
B09,2509.0,0.0
B09,2510.0,0.0
B09,2511.0,0.0
B09,2512.0,0.0
B09,2513.0,0.0
B09,2514.0,0.0
B09,2515.0,0.0
B09,2516.0,0.0
B09,2517.0,0.0
B09,2518.0,0.0
B09,2519.0,0.0
B09,2520.0,0.0
B09,2521.0,0.0
B09,2522.0,0.0
B09,2523.0,0.0
B09,2524.0,0.0
B09,2525.0,0.0
B09,2526.0,0.0
B09,2527.0,0.0
B09,2528.0,0.0
B09,2529.0,0.0
B09,2530.0,0.0
B09,2531.0,0.0
B09,2532.0,0.0
B09,2533.0,0.0
B09,2534.0,0.0
B09,2535.0,0.0
B09,2536.0,0.0
B09,2537.0,0.0
B09,2538.0,0.0
B09,2539.0,0.0
B09,2540.0,0.0
B09,2541.0,0.0
B09,2542.0,0.0
B09,2543.0,0.0
B09,2544.0,0.0
B09,2545.0,0.0
B09,2546.0,0.0
B09,2547.0,0.0
B09,2548.0,0.0
B09,2549.0,0.0
B09,2550.0,0.0
B09,2551.0,0.0
B09,2552.0,0.0
B09,2553.0,0.0
B09,2554.0,0.0
B09,2555.0,0.0
B09,2556.0,0.0
B09,2557.0,0.0
B09,2558.0,0.0
B09,2559.0,0.0
B09,2560.0,0.0
B09,2561.0,0.0
B09,2562.0,0.0
B09,2563.0,0.0
B09,2564.0,0.0
B09,2565.0,0.0
B09,2566.0,0.0
B09,2567.0,0.0
B09,2568.0,0.0
B09,2569.0,0.0
B09,2570.0,0.0
B09,2571.0,0.0
B09,2572.0,0.0
B09,2573.0,0.0
B09,2574.0,0.0
B09,2575.0,0.0
B09,2576.0,0.0
B09,2577.0,0.0
B09,2578.0,0.0
B09,2579.0,0.0
B09,2580.0,0.0
B09,2581.0,0.0
B09,2582.0,0.0
B09,2583.0,0.0
B09,2584.0,0.0
B09,2585.0,0.0
B09,2586.0,0.0
B09,2587.0,0.0
B09,2588.0,0.0
B09,2589.0,0.0
B09,2590.0,0.0
B09,2591.0,0.0
B09,2592.0,0.0
B09,2593.0,0.0
B09,2594.0,0.0
B09,2595.0,0.0
B09,2596.0,0.0
B09,2597.0,0.0
B09,2598.0,0.0
B09,2599.0,0.0
B09,2600.0,0.0
B10,300.0,0.0
B10,301.0,0.0
B10,302.0,0.0
B10,303.0,0.0
B10,304.0,0.0
B10,305.0,0.0
B10,306.0,0.0
B10,307.0,0.0
B10,308.0,0.0
B10,309.0,0.0
B10,310.0,0.0
B10,311.0,0.0
B10,312.0,0.0
B10,313.0,0.0
B10,314.0,0.0
B10,315.0,0.0
B10,316.0,0.0
B10,317.0,0.0
B10,318.0,0.0
B10,319.0,0.0
B10,320.0,0.0
B10,321.0,0.0
B10,322.0,0.0
B10,323.0,0.0
B10,324.0,0.0
B10,325.0,0.0
B10,326.0,0.0
B10,327.0,0.0
B10,328.0,0.0
B10,329.0,0.0
B10,330.0,0.0
B10,331.0,0.0
B10,332.0,0.0
B10,333.0,0.0
B10,334.0,0.0
B10,335.0,0.0
B10,336.0,0.0
B10,337.0,0.0
B10,338.0,0.0
B10,339.0,0.0
B10,340.0,0.0
B10,341.0,0.0
B10,342.0,0.0
B10,343.0,0.0
B10,344.0,0.0
B10,345.0,0.0
B10,346.0,0.0
B10,347.0,0.0
B10,348.0,0.0
B10,349.0,0.0
B10,350.0,0.0
B10,351.0,0.0
B10,352.0,0.0
B10,353.0,0.0
B10,354.0,0.0
B10,355.0,0.0
B10,356.0,0.0
B10,357.0,0.0
B10,358.0,0.0
B10,359.0,0.0
B10,360.0,0.0
B10,361.0,0.0
B10,362.0,0.0
B10,363.0,0.0
B10,364.0,0.0
B10,365.0,0.0
B10,366.0,0.0
B10,367.0,0.0
B10,368.0,0.0
B10,369.0,0.0
B10,370.0,0.0
B10,371.0,0.0
B10,372.0,0.0
B10,373.0,0.0
B10,374.0,0.0
B10,375.0,0.0
B10,376.0,0.0
B10,377.0,0.0
B10,378.0,0.0
B10,379.0,0.0
B10,380.0,0.0
B10,381.0,0.0
B10,382.0,0.0
B10,383.0,0.0
B10,384.0,0.0
B10,385.0,0.0
B10,386.0,0.0
B10,387.0,0.0
B10,388.0,0.0
B10,389.0,0.0
B10,390.0,0.0
B10,391.0,0.0
B10,392.0,0.0
B10,393.0,0.0
B10,394.0,0.0
B10,395.0,0.0
B10,396.0,0.0
B10,397.0,0.0
B10,398.0,0.0
B10,399.0,0.0
B10,400.0,0.0
B10,401.0,0.0
B10,402.0,0.0
B10,403.0,0.0
B10,404.0,0.0
B10,405.0,0.0
B10,406.0,0.0
B10,407.0,0.0
B10,408.0,0.0
B10,409.0,0.0
B10,410.0,0.0
B10,411.0,0.0
B10,412.0,0.0
B10,413.0,0.0
B10,414.0,0.0
B10,415.0,0.0
B10,416.0,0.0
B10,417.0,0.0
B10,418.0,0.0
B10,419.0,0.0
B10,420.0,0.0
B10,421.0,0.0
B10,422.0,0.0
B10,423.0,0.0
B10,424.0,0.0
B10,425.0,0.0
B10,426.0,0.0
B10,427.0,0.0
B10,428.0,0.0
B10,429.0,0.0
B10,430.0,0.0
B10,431.0,0.0
B10,432.0,0.0
B10,433.0,0.0
B10,434.0,0.0
B10,435.0,0.0
B10,436.0,0.0
B10,437.0,0.0
B10,438.0,0.0
B10,439.0,0.0
B10,440.0,0.0
B10,441.0,0.0
B10,442.0,0.0
B10,443.0,0.0
B10,444.0,0.0
B10,445.0,0.0
B10,446.0,0.0
B10,447.0,0.0
B10,448.0,0.0
B10,449.0,0.0
B10,450.0,0.0
B10,451.0,0.0
B10,452.0,0.0
B10,453.0,0.0
B10,454.0,0.0
B10,455.0,0.0
B10,456.0,0.0
B10,457.0,0.0
B10,458.0,0.0
B10,459.0,0.0
B10,460.0,0.0
B10,461.0,0.0
B10,462.0,0.0
B10,463.0,0.0
B10,464.0,0.0
B10,465.0,0.0
B10,466.0,0.0
B10,467.0,0.0
B10,468.0,0.0
B10,469.0,0.0
B10,470.0,0.0
B10,471.0,0.0
B10,472.0,0.0
B10,473.0,0.0
B10,474.0,0.0
B10,475.0,0.0
B10,476.0,0.0
B10,477.0,0.0
B10,478.0,0.0
B10,479.0,0.0
B10,480.0,0.0
B10,481.0,0.0
B10,482.0,0.0
B10,483.0,0.0
B10,484.0,0.0
B10,485.0,0.0
B10,486.0,0.0
B10,487.0,0.0
B10,488.0,0.0
B10,489.0,0.0
B10,490.0,0.0
B10,491.0,0.0
B10,492.0,0.0
B10,493.0,0.0
B10,494.0,0.0
B10,495.0,0.0
B10,496.0,0.0
B10,497.0,0.0
B10,498.0,0.0
B10,499.0,0.0
B10,500.0,0.0
B10,501.0,0.0
B10,502.0,0.0
B10,503.0,0.0
B10,504.0,0.0
B10,505.0,0.0
B10,506.0,0.0
B10,507.0,0.0
B10,508.0,0.0
B10,509.0,0.0
B10,510.0,0.0
B10,511.0,0.0
B10,512.0,0.0
B10,513.0,0.0
B10,514.0,0.0
B10,515.0,0.0
B10,516.0,0.0
B10,517.0,0.0
B10,518.0,0.0
B10,519.0,0.0
B10,520.0,0.0
B10,521.0,0.0
B10,522.0,0.0
B10,523.0,0.0
B10,524.0,0.0
B10,525.0,0.0
B10,526.0,0.0
B10,527.0,0.0
B10,528.0,0.0
B10,529.0,0.0
B10,530.0,0.0
B10,531.0,0.0
B10,532.0,0.0
B10,533.0,0.0
B10,534.0,0.0
B10,535.0,0.0
B10,536.0,0.0
B10,537.0,0.0
B10,538.0,0.0
B10,539.0,0.0
B10,540.0,0.0
B10,541.0,0.0
B10,542.0,0.0
B10,543.0,0.0
B10,544.0,0.0
B10,545.0,0.0
B10,546.0,0.0
B10,547.0,0.0
B10,548.0,0.0
B10,549.0,0.0
B10,550.0,0.0
B10,551.0,0.0
B10,552.0,0.0
B10,553.0,0.0
B10,554.0,0.0
B10,555.0,0.0
B10,556.0,0.0
B10,557.0,0.0
B10,558.0,0.0
B10,559.0,0.0
B10,560.0,0.0
B10,561.0,0.0
B10,562.0,0.0
B10,563.0,0.0
B10,564.0,0.0
B10,565.0,0.0
B10,566.0,0.0
B10,567.0,0.0
B10,568.0,0.0
B10,569.0,0.0
B10,570.0,0.0
B10,571.0,0.0
B10,572.0,0.0
B10,573.0,0.0
B10,574.0,0.0
B10,575.0,0.0
B10,576.0,0.0
B10,577.0,0.0
B10,578.0,0.0
B10,579.0,0.0
B10,580.0,0.0
B10,581.0,0.0
B10,582.0,0.0
B10,583.0,0.0
B10,584.0,0.0
B10,585.0,0.0
B10,586.0,0.0
B10,587.0,0.0
B10,588.0,0.0
B10,589.0,0.0
B10,590.0,0.0
B10,591.0,0.0
B10,592.0,0.0
B10,593.0,0.0
B10,594.0,0.0
B10,595.0,0.0
B10,596.0,0.0
B10,597.0,0.0
B10,598.0,0.0
B10,599.0,0.0
B10,600.0,0.0
B10,601.0,0.0
B10,602.0,0.0
B10,603.0,0.0
B10,604.0,0.0
B10,605.0,0.0
B10,606.0,0.0
B10,607.0,0.0
B10,608.0,0.0
B10,609.0,0.0
B10,610.0,0.0
B10,611.0,0.0
B10,612.0,0.0
B10,613.0,0.0
B10,614.0,0.0
B10,615.0,0.0
B10,616.0,0.0
B10,617.0,0.0
B10,618.0,0.0
B10,619.0,0.0
B10,620.0,0.0
B10,621.0,0.0
B10,622.0,0.0
B10,623.0,0.0
B10,624.0,0.0
B10,625.0,0.0
B10,626.0,0.0
B10,627.0,0.0
B10,628.0,0.0
B10,629.0,0.0
B10,630.0,0.0
B10,631.0,0.0
B10,632.0,0.0
B10,633.0,0.0
B10,634.0,0.0
B10,635.0,0.0
B10,636.0,0.0
B10,637.0,0.0
B10,638.0,0.0
B10,639.0,0.0
B10,640.0,0.0
B10,641.0,0.0
B10,642.0,0.0
B10,643.0,0.0
B10,644.0,0.0
B10,645.0,0.0
B10,646.0,0.0
B10,647.0,0.0
B10,648.0,0.0
B10,649.0,0.0
B10,650.0,0.0
B10,651.0,0.0
B10,652.0,0.0
B10,653.0,0.0
B10,654.0,0.0
B10,655.0,0.0
B10,656.0,0.0
B10,657.0,0.0
B10,658.0,0.0
B10,659.0,0.0
B10,660.0,0.0
B10,661.0,0.0
B10,662.0,0.0
B10,663.0,0.0
B10,664.0,0.0
B10,665.0,0.0
B10,666.0,0.0
B10,667.0,0.0
B10,668.0,0.0
B10,669.0,0.0
B10,670.0,0.0
B10,671.0,0.0
B10,672.0,0.0
B10,673.0,0.0
B10,674.0,0.0
B10,675.0,0.0
B10,676.0,0.0
B10,677.0,0.0
B10,678.0,0.0
B10,679.0,0.0
B10,680.0,0.0
B10,681.0,0.0
B10,682.0,0.0
B10,683.0,0.0
B10,684.0,0.0
B10,685.0,0.0
B10,686.0,0.0
B10,687.0,0.0
B10,688.0,0.0
B10,689.0,0.0
B10,690.0,0.0
B10,691.0,0.0
B10,692.0,0.0
B10,693.0,0.0
B10,694.0,0.0
B10,695.0,0.0
B10,696.0,0.0
B10,697.0,0.0
B10,698.0,0.0
B10,699.0,0.0
B10,700.0,0.0
B10,701.0,0.0
B10,702.0,0.0
B10,703.0,0.0
B10,704.0,0.0
B10,705.0,0.0
B10,706.0,0.0
B10,707.0,0.0
B10,708.0,0.0
B10,709.0,0.0
B10,710.0,0.0
B10,711.0,0.0
B10,712.0,0.0
B10,713.0,0.0
B10,714.0,0.0
B10,715.0,0.0
B10,716.0,0.0
B10,717.0,0.0
B10,718.0,0.0
B10,719.0,0.0
B10,720.0,0.0
B10,721.0,0.0
B10,722.0,0.0
B10,723.0,0.0
B10,724.0,0.0
B10,725.0,0.0
B10,726.0,0.0
B10,727.0,0.0
B10,728.0,0.0
B10,729.0,0.0
B10,730.0,0.0
B10,731.0,0.0
B10,732.0,0.0
B10,733.0,0.0
B10,734.0,0.0
B10,735.0,0.0
B10,736.0,0.0
B10,737.0,0.0
B10,738.0,0.0
B10,739.0,0.0
B10,740.0,0.0
B10,741.0,0.0
B10,742.0,0.0
B10,743.0,0.0
B10,744.0,0.0
B10,745.0,0.0
B10,746.0,0.0
B10,747.0,0.0
B10,748.0,0.0
B10,749.0,0.0
B10,750.0,0.0
B10,751.0,0.0
B10,752.0,0.0
B10,753.0,0.0
B10,754.0,0.0
B10,755.0,0.0
B10,756.0,0.0
B10,757.0,0.0
B10,758.0,0.0
B10,759.0,0.0
B10,760.0,0.0
B10,761.0,0.0
B10,762.0,0.0
B10,763.0,0.0
B10,764.0,0.0
B10,765.0,0.0
B10,766.0,0.0
B10,767.0,0.0
B10,768.0,0.0
B10,769.0,0.0
B10,770.0,0.0
B10,771.0,0.0
B10,772.0,0.0
B10,773.0,0.0
B10,774.0,0.0
B10,775.0,0.0
B10,776.0,0.0
B10,777.0,0.0
B10,778.0,0.0
B10,779.0,0.0
B10,780.0,0.0
B10,781.0,0.0
B10,782.0,0.0
B10,783.0,0.0
B10,784.0,0.0
B10,785.0,0.0
B10,786.0,0.0
B10,787.0,0.0
B10,788.0,0.0
B10,789.0,0.0
B10,790.0,0.0
B10,791.0,0.0
B10,792.0,0.0
B10,793.0,0.0
B10,794.0,0.0
B10,795.0,0.0
B10,796.0,0.0
B10,797.0,0.0
B10,798.0,0.0
B10,799.0,0.0
B10,800.0,0.0
B10,801.0,0.0
B10,802.0,0.0
B10,803.0,0.0
B10,804.0,0.0
B10,805.0,0.0
B10,806.0,0.0
B10,807.0,0.0
B10,808.0,0.0
B10,809.0,0.0
B10,810.0,0.0
B10,811.0,0.0
B10,812.0,0.0
B10,813.0,0.0
B10,814.0,0.0
B10,815.0,0.0
B10,816.0,0.0
B10,817.0,0.0
B10,818.0,0.0
B10,819.0,0.0
B10,820.0,0.0
B10,821.0,0.0
B10,822.0,0.0
B10,823.0,0.0
B10,824.0,0.0
B10,825.0,0.0
B10,826.0,0.0
B10,827.0,0.0
B10,828.0,0.0
B10,829.0,0.0
B10,830.0,0.0
B10,831.0,0.0
B10,832.0,0.0
B10,833.0,0.0
B10,834.0,0.0
B10,835.0,0.0
B10,836.0,0.0
B10,837.0,0.0
B10,838.0,0.0
B10,839.0,0.0
B10,840.0,0.0
B10,841.0,0.0
B10,842.0,0.0
B10,843.0,0.0
B10,844.0,0.0
B10,845.0,0.0
B10,846.0,0.0
B10,847.0,0.0
B10,848.0,0.0
B10,849.0,0.0
B10,850.0,0.0
B10,851.0,0.0
B10,852.0,0.0
B10,853.0,0.0
B10,854.0,0.0
B10,855.0,0.0
B10,856.0,0.0
B10,857.0,0.0
B10,858.0,0.0
B10,859.0,0.0
B10,860.0,0.0
B10,861.0,0.0
B10,862.0,0.0
B10,863.0,0.0
B10,864.0,0.0
B10,865.0,0.0
B10,866.0,0.0
B10,867.0,0.0
B10,868.0,0.0
B10,869.0,0.0
B10,870.0,0.0
B10,871.0,0.0
B10,872.0,0.0
B10,873.0,0.0
B10,874.0,0.0
B10,875.0,0.0
B10,876.0,0.0
B10,877.0,0.0
B10,878.0,0.0
B10,879.0,0.0
B10,880.0,0.0
B10,881.0,0.0
B10,882.0,0.0
B10,883.0,0.0
B10,884.0,0.0
B10,885.0,0.0
B10,886.0,0.0
B10,887.0,0.0
B10,888.0,0.0
B10,889.0,0.0
B10,890.0,0.0
B10,891.0,0.0
B10,892.0,0.0
B10,893.0,0.0
B10,894.0,0.0
B10,895.0,0.0
B10,896.0,0.0
B10,897.0,0.0
B10,898.0,0.0
B10,899.0,0.0
B10,900.0,0.0
B10,901.0,0.0
B10,902.0,0.0
B10,903.0,0.0
B10,904.0,0.0
B10,905.0,0.0
B10,906.0,0.0
B10,907.0,0.0
B10,908.0,0.0
B10,909.0,0.0
B10,910.0,0.0
B10,911.0,0.0
B10,912.0,0.0
B10,913.0,0.0
B10,914.0,0.0
B10,915.0,0.0
B10,916.0,0.0
B10,917.0,0.0
B10,918.0,0.0
B10,919.0,0.0
B10,920.0,0.0
B10,921.0,0.0
B10,922.0,0.0
B10,923.0,0.0
B10,924.0,0.0
B10,925.0,0.0
B10,926.0,0.0
B10,927.0,0.0
B10,928.0,0.0
B10,929.0,0.0
B10,930.0,0.0
B10,931.0,0.0
B10,932.0,0.0
B10,933.0,0.0
B10,934.0,0.0
B10,935.0,0.0
B10,936.0,0.0
B10,937.0,0.0
B10,938.0,0.0
B10,939.0,0.0
B10,940.0,0.0
B10,941.0,0.0
B10,942.0,0.0
B10,943.0,0.0
B10,944.0,0.0
B10,945.0,0.0
B10,946.0,0.0
B10,947.0,0.0
B10,948.0,0.0
B10,949.0,0.0
B10,950.0,0.0
B10,951.0,0.0
B10,952.0,0.0
B10,953.0,0.0
B10,954.0,0.0
B10,955.0,0.0
B10,956.0,0.0
B10,957.0,0.0
B10,958.0,0.0
B10,959.0,0.0
B10,960.0,0.0
B10,961.0,0.0
B10,962.0,0.0
B10,963.0,0.0
B10,964.0,0.0
B10,965.0,0.0
B10,966.0,0.0
B10,967.0,0.0
B10,968.0,0.0
B10,969.0,0.0
B10,970.0,0.0
B10,971.0,0.0
B10,972.0,0.0
B10,973.0,0.0
B10,974.0,0.0
B10,975.0,0.0
B10,976.0,0.0
B10,977.0,0.0
B10,978.0,0.0
B10,979.0,0.0
B10,980.0,0.0
B10,981.0,0.0
B10,982.0,0.0
B10,983.0,0.0
B10,984.0,0.0
B10,985.0,0.0
B10,986.0,0.0
B10,987.0,0.0
B10,988.0,0.0
B10,989.0,0.0
B10,990.0,0.0
B10,991.0,0.0
B10,992.0,0.0
B10,993.0,0.0
B10,994.0,0.0
B10,995.0,0.0
B10,996.0,0.0
B10,997.0,0.0
B10,998.0,0.0
B10,999.0,0.0
B10,1000.0,0.0
B10,1001.0,0.0
B10,1002.0,0.0
B10,1003.0,0.0
B10,1004.0,0.0
B10,1005.0,0.0
B10,1006.0,0.0
B10,1007.0,0.0
B10,1008.0,0.0
B10,1009.0,0.0
B10,1010.0,0.0
B10,1011.0,0.0
B10,1012.0,0.0
B10,1013.0,0.0
B10,1014.0,0.0
B10,1015.0,0.0
B10,1016.0,0.0
B10,1017.0,0.0
B10,1018.0,0.0
B10,1019.0,0.0
B10,1020.0,0.0
B10,1021.0,0.0
B10,1022.0,0.0
B10,1023.0,0.0
B10,1024.0,0.0
B10,1025.0,0.0
B10,1026.0,0.0
B10,1027.0,0.0
B10,1028.0,0.0
B10,1029.0,0.0
B10,1030.0,0.0
B10,1031.0,0.0
B10,1032.0,0.0
B10,1033.0,0.0
B10,1034.0,0.0
B10,1035.0,0.0
B10,1036.0,0.0
B10,1037.0,0.0
B10,1038.0,0.0
B10,1039.0,0.0
B10,1040.0,0.0
B10,1041.0,0.0
B10,1042.0,0.0
B10,1043.0,0.0
B10,1044.0,0.0
B10,1045.0,0.0
B10,1046.0,0.0
B10,1047.0,0.0
B10,1048.0,0.0
B10,1049.0,0.0
B10,1050.0,0.0
B10,1051.0,0.0
B10,1052.0,0.0
B10,1053.0,0.0
B10,1054.0,0.0
B10,1055.0,0.0
B10,1056.0,0.0
B10,1057.0,0.0
B10,1058.0,0.0
B10,1059.0,0.0
B10,1060.0,0.0
B10,1061.0,0.0
B10,1062.0,0.0
B10,1063.0,0.0
B10,1064.0,0.0
B10,1065.0,0.0
B10,1066.0,0.0
B10,1067.0,0.0
B10,1068.0,0.0
B10,1069.0,0.0
B10,1070.0,0.0
B10,1071.0,0.0
B10,1072.0,0.0
B10,1073.0,0.0
B10,1074.0,0.0
B10,1075.0,0.0
B10,1076.0,0.0
B10,1077.0,0.0
B10,1078.0,0.0
B10,1079.0,0.0
B10,1080.0,0.0
B10,1081.0,0.0
B10,1082.0,0.0
B10,1083.0,0.0
B10,1084.0,0.0
B10,1085.0,0.0
B10,1086.0,0.0
B10,1087.0,0.0
B10,1088.0,0.0
B10,1089.0,0.0
B10,1090.0,0.0
B10,1091.0,0.0
B10,1092.0,0.0
B10,1093.0,0.0
B10,1094.0,0.0
B10,1095.0,0.0
B10,1096.0,0.0
B10,1097.0,0.0
B10,1098.0,0.0
B10,1099.0,0.0
B10,1100.0,0.0
B10,1101.0,0.0
B10,1102.0,0.0
B10,1103.0,0.0
B10,1104.0,0.0
B10,1105.0,0.0
B10,1106.0,0.0
B10,1107.0,0.0
B10,1108.0,0.0
B10,1109.0,0.0
B10,1110.0,0.0
B10,1111.0,0.0
B10,1112.0,0.0
B10,1113.0,0.0
B10,1114.0,0.0
B10,1115.0,0.0
B10,1116.0,0.0
B10,1117.0,0.0
B10,1118.0,0.0
B10,1119.0,0.0
B10,1120.0,0.0
B10,1121.0,0.0
B10,1122.0,0.0
B10,1123.0,0.0
B10,1124.0,0.0
B10,1125.0,0.0
B10,1126.0,0.0
B10,1127.0,0.0
B10,1128.0,0.0
B10,1129.0,0.0
B10,1130.0,0.0
B10,1131.0,0.0
B10,1132.0,0.0
B10,1133.0,0.0
B10,1134.0,0.0
B10,1135.0,0.0
B10,1136.0,0.0
B10,1137.0,0.0
B10,1138.0,0.0
B10,1139.0,0.0
B10,1140.0,0.0
B10,1141.0,0.0
B10,1142.0,0.0
B10,1143.0,0.0
B10,1144.0,0.0
B10,1145.0,0.0
B10,1146.0,0.0
B10,1147.0,0.0
B10,1148.0,0.0
B10,1149.0,0.0
B10,1150.0,0.0
B10,1151.0,0.0
B10,1152.0,0.0
B10,1153.0,0.0
B10,1154.0,0.0
B10,1155.0,0.0
B10,1156.0,0.0
B10,1157.0,0.0
B10,1158.0,0.0
B10,1159.0,0.0
B10,1160.0,0.0
B10,1161.0,0.0
B10,1162.0,0.0
B10,1163.0,0.0
B10,1164.0,0.0
B10,1165.0,0.0
B10,1166.0,0.0
B10,1167.0,0.0
B10,1168.0,0.0
B10,1169.0,0.0
B10,1170.0,0.0
B10,1171.0,0.0
B10,1172.0,0.0
B10,1173.0,0.0
B10,1174.0,0.0
B10,1175.0,0.0
B10,1176.0,0.0
B10,1177.0,0.0
B10,1178.0,0.0
B10,1179.0,0.0
B10,1180.0,0.0
B10,1181.0,0.0
B10,1182.0,0.0
B10,1183.0,0.0
B10,1184.0,0.0
B10,1185.0,0.0
B10,1186.0,0.0
B10,1187.0,0.0
B10,1188.0,0.0
B10,1189.0,0.0
B10,1190.0,0.0
B10,1191.0,0.0
B10,1192.0,0.0
B10,1193.0,0.0
B10,1194.0,0.0
B10,1195.0,0.0
B10,1196.0,0.0
B10,1197.0,0.0
B10,1198.0,0.0
B10,1199.0,0.0
B10,1200.0,0.0
B10,1201.0,0.0
B10,1202.0,0.0
B10,1203.0,0.0
B10,1204.0,0.0
B10,1205.0,0.0
B10,1206.0,0.0
B10,1207.0,0.0
B10,1208.0,0.0
B10,1209.0,0.0
B10,1210.0,0.0
B10,1211.0,0.0
B10,1212.0,0.0
B10,1213.0,0.0
B10,1214.0,0.0
B10,1215.0,0.0
B10,1216.0,0.0
B10,1217.0,0.0
B10,1218.0,0.0
B10,1219.0,0.0
B10,1220.0,0.0
B10,1221.0,0.0
B10,1222.0,0.0
B10,1223.0,0.0
B10,1224.0,0.0
B10,1225.0,0.0
B10,1226.0,0.0
B10,1227.0,0.0
B10,1228.0,0.0
B10,1229.0,0.0
B10,1230.0,0.0
B10,1231.0,0.0
B10,1232.0,0.0
B10,1233.0,0.0
B10,1234.0,0.0
B10,1235.0,0.0
B10,1236.0,0.0
B10,1237.0,0.0
B10,1238.0,0.0
B10,1239.0,0.0
B10,1240.0,0.0
B10,1241.0,0.0
B10,1242.0,0.0
B10,1243.0,0.0
B10,1244.0,0.0
B10,1245.0,0.0
B10,1246.0,0.0
B10,1247.0,0.0
B10,1248.0,0.0
B10,1249.0,0.0
B10,1250.0,0.0
B10,1251.0,0.0
B10,1252.0,0.0
B10,1253.0,0.0
B10,1254.0,0.0
B10,1255.0,0.0
B10,1256.0,0.0
B10,1257.0,0.0
B10,1258.0,0.0
B10,1259.0,0.0
B10,1260.0,0.0
B10,1261.0,0.0
B10,1262.0,0.0
B10,1263.0,0.0
B10,1264.0,0.0
B10,1265.0,0.0
B10,1266.0,0.0
B10,1267.0,0.0
B10,1268.0,0.0
B10,1269.0,0.0
B10,1270.0,0.0
B10,1271.0,0.0
B10,1272.0,0.0
B10,1273.0,0.0
B10,1274.0,0.0
B10,1275.0,0.0
B10,1276.0,0.0
B10,1277.0,0.0
B10,1278.0,0.0
B10,1279.0,0.0
B10,1280.0,0.0
B10,1281.0,0.0
B10,1282.0,0.0
B10,1283.0,0.0
B10,1284.0,0.0
B10,1285.0,0.0
B10,1286.0,0.0
B10,1287.0,0.0
B10,1288.0,0.0
B10,1289.0,0.0
B10,1290.0,0.0
B10,1291.0,0.0
B10,1292.0,0.0
B10,1293.0,0.0
B10,1294.0,0.0
B10,1295.0,0.0
B10,1296.0,0.0
B10,1297.0,0.0
B10,1298.0,0.0
B10,1299.0,0.0
B10,1300.0,0.0
B10,1301.0,0.0
B10,1302.0,0.0
B10,1303.0,0.0
B10,1304.0,0.0
B10,1305.0,0.0
B10,1306.0,0.0
B10,1307.0,0.0
B10,1308.0,0.0
B10,1309.0,0.0
B10,1310.0,0.0
B10,1311.0,0.0
B10,1312.0,0.0
B10,1313.0,0.0
B10,1314.0,0.0
B10,1315.0,0.0
B10,1316.0,0.0
B10,1317.0,0.0
B10,1318.0,0.0
B10,1319.0,0.0
B10,1320.0,0.0
B10,1321.0,0.0
B10,1322.0,0.0
B10,1323.0,0.0
B10,1324.0,0.0
B10,1325.0,0.0
B10,1326.0,0.0
B10,1327.0,0.0
B10,1328.0,0.0
B10,1329.0,0.0
B10,1330.0,0.0
B10,1331.0,0.0
B10,1332.0,0.0
B10,1333.0,0.0
B10,1334.0,0.0
B10,1335.0,0.0
B10,1336.0,0.0
B10,1337.0,0.0
B10,1338.0,0.0
B10,1339.0,2.472e-05
B10,1340.0,0.00013691
B10,1341.0,0.00012558
B10,1342.0,8.901e-05
B10,1343.0,0.00012425
B10,1344.0,9.941e-05
B10,1345.0,0.00013952
B10,1346.0,0.00015816
B10,1347.0,0.00019272
B10,1348.0,0.00025959
B10,1349.0,0.00032221
B10,1350.0,0.00034719
B10,1351.0,0.0003699
B10,1352.0,0.00054874
B10,1353.0,0.00105434
B10,1354.0,0.00218813
B10,1355.0,0.00480743
B10,1356.0,0.01135252
B10,1357.0,0.02671185
B10,1358.0,0.05776022
B10,1359.0,0.11176337
B10,1360.0,0.19587518
B10,1361.0,0.31418191
B10,1362.0,0.46188068
B10,1363.0,0.62292578
B10,1364.0,0.7709851
B10,1365.0,0.88086652
B10,1366.0,0.9448941
B10,1367.0,0.97405066
B10,1368.0,0.98616696
B10,1369.0,0.99306955
B10,1370.0,0.99775441
B10,1371.0,1.0
B10,1372.0,0.99942348
B10,1373.0,0.99616891
B10,1374.0,0.99082045
B10,1375.0,0.9842131
B10,1376.0,0.97708513
B10,1377.0,0.97013647
B10,1378.0,0.96374366
B10,1379.0,0.95755001
B10,1380.0,0.95127438
B10,1381.0,0.94546638
B10,1382.0,0.94069659
B10,1383.0,0.93759595
B10,1384.0,0.93624612
B10,1385.0,0.93510206
B10,1386.0,0.93054472
B10,1387.0,0.91630845
B10,1388.0,0.88530334
B10,1389.0,0.83129653
B10,1390.0,0.74856466
B10,1391.0,0.63524397
B10,1392.0,0.49733159
B10,1393.0,0.34907723
B10,1394.0,0.21259735
B10,1395.0,0.10971453
B10,1396.0,0.04789269
B10,1397.0,0.01853013
B10,1398.0,0.00716776
B10,1399.0,0.0031533
B10,1400.0,0.00157017
B10,1401.0,0.00084901
B10,1402.0,0.00053006
B10,1403.0,0.00033171
B10,1404.0,0.00019447
B10,1405.0,0.00022104
B10,1406.0,0.00022646
B10,1407.0,0.00018156
B10,1408.0,0.00016063
B10,1409.0,0.00015475
B10,1410.0,0.00014734
B10,1411.0,0.00014776
B10,1412.0,0.00017405
B10,1413.0,0.00023619
B10,1414.0,0.00012007
B10,1415.0,4.337e-05
B10,1416.0,0.0
B10,1417.0,0.0
B10,1418.0,0.0
B10,1419.0,0.0
B10,1420.0,0.0
B10,1421.0,0.0
B10,1422.0,0.0
B10,1423.0,0.0
B10,1424.0,0.0
B10,1425.0,0.0
B10,1426.0,0.0
B10,1427.0,0.0
B10,1428.0,0.0
B10,1429.0,0.0
B10,1430.0,0.0
B10,1431.0,0.0
B10,1432.0,0.0
B10,1433.0,0.0
B10,1434.0,0.0
B10,1435.0,0.0
B10,1436.0,0.0
B10,1437.0,0.0
B10,1438.0,0.0
B10,1439.0,0.0
B10,1440.0,0.0
B10,1441.0,0.0
B10,1442.0,0.0
B10,1443.0,0.0
B10,1444.0,0.0
B10,1445.0,0.0
B10,1446.0,0.0
B10,1447.0,0.0
B10,1448.0,0.0
B10,1449.0,0.0
B10,1450.0,0.0
B10,1451.0,0.0
B10,1452.0,0.0
B10,1453.0,0.0
B10,1454.0,0.0
B10,1455.0,0.0
B10,1456.0,0.0
B10,1457.0,0.0
B10,1458.0,0.0
B10,1459.0,0.0
B10,1460.0,0.0
B10,1461.0,0.0
B10,1462.0,0.0
B10,1463.0,0.0
B10,1464.0,0.0
B10,1465.0,0.0
B10,1466.0,0.0
B10,1467.0,0.0
B10,1468.0,0.0
B10,1469.0,0.0
B10,1470.0,0.0
B10,1471.0,0.0
B10,1472.0,0.0
B10,1473.0,0.0
B10,1474.0,0.0
B10,1475.0,0.0
B10,1476.0,0.0
B10,1477.0,0.0
B10,1478.0,0.0
B10,1479.0,0.0
B10,1480.0,0.0
B10,1481.0,0.0
B10,1482.0,0.0
B10,1483.0,0.0
B10,1484.0,0.0
B10,1485.0,0.0
B10,1486.0,0.0
B10,1487.0,0.0
B10,1488.0,0.0
B10,1489.0,0.0
B10,1490.0,0.0
B10,1491.0,0.0
B10,1492.0,0.0
B10,1493.0,0.0
B10,1494.0,0.0
B10,1495.0,0.0
B10,1496.0,0.0
B10,1497.0,0.0
B10,1498.0,0.0
B10,1499.0,0.0
B10,1500.0,0.0
B10,1501.0,0.0
B10,1502.0,0.0
B10,1503.0,0.0
B10,1504.0,0.0
B10,1505.0,0.0
B10,1506.0,0.0
B10,1507.0,0.0
B10,1508.0,0.0
B10,1509.0,0.0
B10,1510.0,0.0
B10,1511.0,0.0
B10,1512.0,0.0
B10,1513.0,0.0
B10,1514.0,0.0
B10,1515.0,0.0
B10,1516.0,0.0
B10,1517.0,0.0
B10,1518.0,0.0
B10,1519.0,0.0
B10,1520.0,0.0
B10,1521.0,0.0
B10,1522.0,0.0
B10,1523.0,0.0
B10,1524.0,0.0
B10,1525.0,0.0
B10,1526.0,0.0
B10,1527.0,0.0
B10,1528.0,0.0
B10,1529.0,0.0
B10,1530.0,0.0
B10,1531.0,0.0
B10,1532.0,0.0
B10,1533.0,0.0
B10,1534.0,0.0
B10,1535.0,0.0
B10,1536.0,0.0
B10,1537.0,0.0
B10,1538.0,0.0
B10,1539.0,0.0
B10,1540.0,0.0
B10,1541.0,0.0
B10,1542.0,0.0
B10,1543.0,0.0
B10,1544.0,0.0
B10,1545.0,0.0
B10,1546.0,0.0
B10,1547.0,0.0
B10,1548.0,0.0
B10,1549.0,0.0
B10,1550.0,0.0
B10,1551.0,0.0
B10,1552.0,0.0
B10,1553.0,0.0
B10,1554.0,0.0
B10,1555.0,0.0
B10,1556.0,0.0
B10,1557.0,0.0
B10,1558.0,0.0
B10,1559.0,0.0
B10,1560.0,0.0
B10,1561.0,0.0
B10,1562.0,0.0
B10,1563.0,0.0
B10,1564.0,0.0
B10,1565.0,0.0
B10,1566.0,0.0
B10,1567.0,0.0
B10,1568.0,0.0
B10,1569.0,0.0
B10,1570.0,0.0
B10,1571.0,0.0
B10,1572.0,0.0
B10,1573.0,0.0
B10,1574.0,0.0
B10,1575.0,0.0
B10,1576.0,0.0
B10,1577.0,0.0
B10,1578.0,0.0
B10,1579.0,0.0
B10,1580.0,0.0
B10,1581.0,0.0
B10,1582.0,0.0
B10,1583.0,0.0
B10,1584.0,0.0
B10,1585.0,0.0
B10,1586.0,0.0
B10,1587.0,0.0
B10,1588.0,0.0
B10,1589.0,0.0
B10,1590.0,0.0
B10,1591.0,0.0
B10,1592.0,0.0
B10,1593.0,0.0
B10,1594.0,0.0
B10,1595.0,0.0
B10,1596.0,0.0
B10,1597.0,0.0
B10,1598.0,0.0
B10,1599.0,0.0
B10,1600.0,0.0
B10,1601.0,0.0
B10,1602.0,0.0
B10,1603.0,0.0
B10,1604.0,0.0
B10,1605.0,0.0
B10,1606.0,0.0
B10,1607.0,0.0
B10,1608.0,0.0
B10,1609.0,0.0
B10,1610.0,0.0
B10,1611.0,0.0
B10,1612.0,0.0
B10,1613.0,0.0
B10,1614.0,0.0
B10,1615.0,0.0
B10,1616.0,0.0
B10,1617.0,0.0
B10,1618.0,0.0
B10,1619.0,0.0
B10,1620.0,0.0
B10,1621.0,0.0
B10,1622.0,0.0
B10,1623.0,0.0
B10,1624.0,0.0
B10,1625.0,0.0
B10,1626.0,0.0
B10,1627.0,0.0
B10,1628.0,0.0
B10,1629.0,0.0
B10,1630.0,0.0
B10,1631.0,0.0
B10,1632.0,0.0
B10,1633.0,0.0
B10,1634.0,0.0
B10,1635.0,0.0
B10,1636.0,0.0
B10,1637.0,0.0
B10,1638.0,0.0
B10,1639.0,0.0
B10,1640.0,0.0
B10,1641.0,0.0
B10,1642.0,0.0
B10,1643.0,0.0
B10,1644.0,0.0
B10,1645.0,0.0
B10,1646.0,0.0
B10,1647.0,0.0
B10,1648.0,0.0
B10,1649.0,0.0
B10,1650.0,0.0
B10,1651.0,0.0
B10,1652.0,0.0
B10,1653.0,0.0
B10,1654.0,0.0
B10,1655.0,0.0
B10,1656.0,0.0
B10,1657.0,0.0
B10,1658.0,0.0
B10,1659.0,0.0
B10,1660.0,0.0
B10,1661.0,0.0
B10,1662.0,0.0
B10,1663.0,0.0
B10,1664.0,0.0
B10,1665.0,0.0
B10,1666.0,0.0
B10,1667.0,0.0
B10,1668.0,0.0
B10,1669.0,0.0
B10,1670.0,0.0
B10,1671.0,0.0
B10,1672.0,0.0
B10,1673.0,0.0
B10,1674.0,0.0
B10,1675.0,0.0
B10,1676.0,0.0
B10,1677.0,0.0
B10,1678.0,0.0
B10,1679.0,0.0
B10,1680.0,0.0
B10,1681.0,0.0
B10,1682.0,0.0
B10,1683.0,0.0
B10,1684.0,0.0
B10,1685.0,0.0
B10,1686.0,0.0
B10,1687.0,0.0
B10,1688.0,0.0
B10,1689.0,0.0
B10,1690.0,0.0
B10,1691.0,0.0
B10,1692.0,0.0
B10,1693.0,0.0
B10,1694.0,0.0
B10,1695.0,0.0
B10,1696.0,0.0
B10,1697.0,0.0
B10,1698.0,0.0
B10,1699.0,0.0
B10,1700.0,0.0
B10,1701.0,0.0
B10,1702.0,0.0
B10,1703.0,0.0
B10,1704.0,0.0
B10,1705.0,0.0
B10,1706.0,0.0
B10,1707.0,0.0
B10,1708.0,0.0
B10,1709.0,0.0
B10,1710.0,0.0
B10,1711.0,0.0
B10,1712.0,0.0
B10,1713.0,0.0
B10,1714.0,0.0
B10,1715.0,0.0
B10,1716.0,0.0
B10,1717.0,0.0
B10,1718.0,0.0
B10,1719.0,0.0
B10,1720.0,0.0
B10,1721.0,0.0
B10,1722.0,0.0
B10,1723.0,0.0
B10,1724.0,0.0
B10,1725.0,0.0
B10,1726.0,0.0
B10,1727.0,0.0
B10,1728.0,0.0
B10,1729.0,0.0
B10,1730.0,0.0
B10,1731.0,0.0
B10,1732.0,0.0
B10,1733.0,0.0
B10,1734.0,0.0
B10,1735.0,0.0
B10,1736.0,0.0
B10,1737.0,0.0
B10,1738.0,0.0
B10,1739.0,0.0
B10,1740.0,0.0
B10,1741.0,0.0
B10,1742.0,0.0
B10,1743.0,0.0
B10,1744.0,0.0
B10,1745.0,0.0
B10,1746.0,0.0
B10,1747.0,0.0
B10,1748.0,0.0
B10,1749.0,0.0
B10,1750.0,0.0
B10,1751.0,0.0
B10,1752.0,0.0
B10,1753.0,0.0
B10,1754.0,0.0
B10,1755.0,0.0
B10,1756.0,0.0
B10,1757.0,0.0
B10,1758.0,0.0
B10,1759.0,0.0
B10,1760.0,0.0
B10,1761.0,0.0
B10,1762.0,0.0
B10,1763.0,0.0
B10,1764.0,0.0
B10,1765.0,0.0
B10,1766.0,0.0
B10,1767.0,0.0
B10,1768.0,0.0
B10,1769.0,0.0
B10,1770.0,0.0
B10,1771.0,0.0
B10,1772.0,0.0
B10,1773.0,0.0
B10,1774.0,0.0
B10,1775.0,0.0
B10,1776.0,0.0
B10,1777.0,0.0
B10,1778.0,0.0
B10,1779.0,0.0
B10,1780.0,0.0
B10,1781.0,0.0
B10,1782.0,0.0
B10,1783.0,0.0
B10,1784.0,0.0
B10,1785.0,0.0
B10,1786.0,0.0
B10,1787.0,0.0
B10,1788.0,0.0
B10,1789.0,0.0
B10,1790.0,0.0
B10,1791.0,0.0
B10,1792.0,0.0
B10,1793.0,0.0
B10,1794.0,0.0
B10,1795.0,0.0
B10,1796.0,0.0
B10,1797.0,0.0
B10,1798.0,0.0
B10,1799.0,0.0
B10,1800.0,0.0
B10,1801.0,0.0
B10,1802.0,0.0
B10,1803.0,0.0
B10,1804.0,0.0
B10,1805.0,0.0
B10,1806.0,0.0
B10,1807.0,0.0
B10,1808.0,0.0
B10,1809.0,0.0
B10,1810.0,0.0
B10,1811.0,0.0
B10,1812.0,0.0
B10,1813.0,0.0
B10,1814.0,0.0
B10,1815.0,0.0
B10,1816.0,0.0
B10,1817.0,0.0
B10,1818.0,0.0
B10,1819.0,0.0
B10,1820.0,0.0
B10,1821.0,0.0
B10,1822.0,0.0
B10,1823.0,0.0
B10,1824.0,0.0
B10,1825.0,0.0
B10,1826.0,0.0
B10,1827.0,0.0
B10,1828.0,0.0
B10,1829.0,0.0
B10,1830.0,0.0
B10,1831.0,0.0
B10,1832.0,0.0
B10,1833.0,0.0
B10,1834.0,0.0
B10,1835.0,0.0
B10,1836.0,0.0
B10,1837.0,0.0
B10,1838.0,0.0
B10,1839.0,0.0
B10,1840.0,0.0
B10,1841.0,0.0
B10,1842.0,0.0
B10,1843.0,0.0
B10,1844.0,0.0
B10,1845.0,0.0
B10,1846.0,0.0
B10,1847.0,0.0
B10,1848.0,0.0
B10,1849.0,0.0
B10,1850.0,0.0
B10,1851.0,0.0
B10,1852.0,0.0
B10,1853.0,0.0
B10,1854.0,0.0
B10,1855.0,0.0
B10,1856.0,0.0
B10,1857.0,0.0
B10,1858.0,0.0
B10,1859.0,0.0
B10,1860.0,0.0
B10,1861.0,0.0
B10,1862.0,0.0
B10,1863.0,0.0
B10,1864.0,0.0
B10,1865.0,0.0
B10,1866.0,0.0
B10,1867.0,0.0
B10,1868.0,0.0
B10,1869.0,0.0
B10,1870.0,0.0
B10,1871.0,0.0
B10,1872.0,0.0
B10,1873.0,0.0
B10,1874.0,0.0
B10,1875.0,0.0
B10,1876.0,0.0
B10,1877.0,0.0
B10,1878.0,0.0
B10,1879.0,0.0
B10,1880.0,0.0
B10,1881.0,0.0
B10,1882.0,0.0
B10,1883.0,0.0
B10,1884.0,0.0
B10,1885.0,0.0
B10,1886.0,0.0
B10,1887.0,0.0
B10,1888.0,0.0
B10,1889.0,0.0
B10,1890.0,0.0
B10,1891.0,0.0
B10,1892.0,0.0
B10,1893.0,0.0
B10,1894.0,0.0
B10,1895.0,0.0
B10,1896.0,0.0
B10,1897.0,0.0
B10,1898.0,0.0
B10,1899.0,0.0
B10,1900.0,0.0
B10,1901.0,0.0
B10,1902.0,0.0
B10,1903.0,0.0
B10,1904.0,0.0
B10,1905.0,0.0
B10,1906.0,0.0
B10,1907.0,0.0
B10,1908.0,0.0
B10,1909.0,0.0
B10,1910.0,0.0
B10,1911.0,0.0
B10,1912.0,0.0
B10,1913.0,0.0
B10,1914.0,0.0
B10,1915.0,0.0
B10,1916.0,0.0
B10,1917.0,0.0
B10,1918.0,0.0
B10,1919.0,0.0
B10,1920.0,0.0
B10,1921.0,0.0
B10,1922.0,0.0
B10,1923.0,0.0
B10,1924.0,0.0
B10,1925.0,0.0
B10,1926.0,0.0
B10,1927.0,0.0
B10,1928.0,0.0
B10,1929.0,0.0
B10,1930.0,0.0
B10,1931.0,0.0
B10,1932.0,0.0
B10,1933.0,0.0
B10,1934.0,0.0
B10,1935.0,0.0
B10,1936.0,0.0
B10,1937.0,0.0
B10,1938.0,0.0
B10,1939.0,0.0
B10,1940.0,0.0
B10,1941.0,0.0
B10,1942.0,0.0
B10,1943.0,0.0
B10,1944.0,0.0
B10,1945.0,0.0
B10,1946.0,0.0
B10,1947.0,0.0
B10,1948.0,0.0
B10,1949.0,0.0
B10,1950.0,0.0
B10,1951.0,0.0
B10,1952.0,0.0
B10,1953.0,0.0
B10,1954.0,0.0
B10,1955.0,0.0
B10,1956.0,0.0
B10,1957.0,0.0
B10,1958.0,0.0
B10,1959.0,0.0
B10,1960.0,0.0
B10,1961.0,0.0
B10,1962.0,0.0
B10,1963.0,0.0
B10,1964.0,0.0
B10,1965.0,0.0
B10,1966.0,0.0
B10,1967.0,0.0
B10,1968.0,0.0
B10,1969.0,0.0
B10,1970.0,0.0
B10,1971.0,0.0
B10,1972.0,0.0
B10,1973.0,0.0
B10,1974.0,0.0
B10,1975.0,0.0
B10,1976.0,0.0
B10,1977.0,0.0
B10,1978.0,0.0
B10,1979.0,0.0
B10,1980.0,0.0
B10,1981.0,0.0
B10,1982.0,0.0
B10,1983.0,0.0
B10,1984.0,0.0
B10,1985.0,0.0
B10,1986.0,0.0
B10,1987.0,0.0
B10,1988.0,0.0
B10,1989.0,0.0
B10,1990.0,0.0
B10,1991.0,0.0
B10,1992.0,0.0
B10,1993.0,0.0
B10,1994.0,0.0
B10,1995.0,0.0
B10,1996.0,0.0
B10,1997.0,0.0
B10,1998.0,0.0
B10,1999.0,0.0
B10,2000.0,0.0
B10,2001.0,0.0
B10,2002.0,0.0
B10,2003.0,0.0
B10,2004.0,0.0
B10,2005.0,0.0
B10,2006.0,0.0
B10,2007.0,0.0
B10,2008.0,0.0
B10,2009.0,0.0
B10,2010.0,0.0
B10,2011.0,0.0
B10,2012.0,0.0
B10,2013.0,0.0
B10,2014.0,0.0
B10,2015.0,0.0
B10,2016.0,0.0
B10,2017.0,0.0
B10,2018.0,0.0
B10,2019.0,0.0
B10,2020.0,0.0
B10,2021.0,0.0
B10,2022.0,0.0
B10,2023.0,0.0
B10,2024.0,0.0
B10,2025.0,0.0
B10,2026.0,0.0
B10,2027.0,0.0
B10,2028.0,0.0
B10,2029.0,0.0
B10,2030.0,0.0
B10,2031.0,0.0
B10,2032.0,0.0
B10,2033.0,0.0
B10,2034.0,0.0
B10,2035.0,0.0
B10,2036.0,0.0
B10,2037.0,0.0
B10,2038.0,0.0
B10,2039.0,0.0
B10,2040.0,0.0
B10,2041.0,0.0
B10,2042.0,0.0
B10,2043.0,0.0
B10,2044.0,0.0
B10,2045.0,0.0
B10,2046.0,0.0
B10,2047.0,0.0
B10,2048.0,0.0
B10,2049.0,0.0
B10,2050.0,0.0
B10,2051.0,0.0
B10,2052.0,0.0
B10,2053.0,0.0
B10,2054.0,0.0
B10,2055.0,0.0
B10,2056.0,0.0
B10,2057.0,0.0
B10,2058.0,0.0
B10,2059.0,0.0
B10,2060.0,0.0
B10,2061.0,0.0
B10,2062.0,0.0
B10,2063.0,0.0
B10,2064.0,0.0
B10,2065.0,0.0
B10,2066.0,0.0
B10,2067.0,0.0
B10,2068.0,0.0
B10,2069.0,0.0
B10,2070.0,0.0
B10,2071.0,0.0
B10,2072.0,0.0
B10,2073.0,0.0
B10,2074.0,0.0
B10,2075.0,0.0
B10,2076.0,0.0
B10,2077.0,0.0
B10,2078.0,0.0
B10,2079.0,0.0
B10,2080.0,0.0
B10,2081.0,0.0
B10,2082.0,0.0
B10,2083.0,0.0
B10,2084.0,0.0
B10,2085.0,0.0
B10,2086.0,0.0
B10,2087.0,0.0
B10,2088.0,0.0
B10,2089.0,0.0
B10,2090.0,0.0
B10,2091.0,0.0
B10,2092.0,0.0
B10,2093.0,0.0
B10,2094.0,0.0
B10,2095.0,0.0
B10,2096.0,0.0
B10,2097.0,0.0
B10,2098.0,0.0
B10,2099.0,0.0
B10,2100.0,0.0
B10,2101.0,0.0
B10,2102.0,0.0
B10,2103.0,0.0
B10,2104.0,0.0
B10,2105.0,0.0
B10,2106.0,0.0
B10,2107.0,0.0
B10,2108.0,0.0
B10,2109.0,0.0
B10,2110.0,0.0
B10,2111.0,0.0
B10,2112.0,0.0
B10,2113.0,0.0
B10,2114.0,0.0
B10,2115.0,0.0
B10,2116.0,0.0
B10,2117.0,0.0
B10,2118.0,0.0
B10,2119.0,0.0
B10,2120.0,0.0
B10,2121.0,0.0
B10,2122.0,0.0
B10,2123.0,0.0
B10,2124.0,0.0
B10,2125.0,0.0
B10,2126.0,0.0
B10,2127.0,0.0
B10,2128.0,0.0
B10,2129.0,0.0
B10,2130.0,0.0
B10,2131.0,0.0
B10,2132.0,0.0
B10,2133.0,0.0
B10,2134.0,0.0
B10,2135.0,0.0
B10,2136.0,0.0
B10,2137.0,0.0
B10,2138.0,0.0
B10,2139.0,0.0
B10,2140.0,0.0
B10,2141.0,0.0
B10,2142.0,0.0
B10,2143.0,0.0
B10,2144.0,0.0
B10,2145.0,0.0
B10,2146.0,0.0
B10,2147.0,0.0
B10,2148.0,0.0
B10,2149.0,0.0
B10,2150.0,0.0
B10,2151.0,0.0
B10,2152.0,0.0
B10,2153.0,0.0
B10,2154.0,0.0
B10,2155.0,0.0
B10,2156.0,0.0
B10,2157.0,0.0
B10,2158.0,0.0
B10,2159.0,0.0
B10,2160.0,0.0
B10,2161.0,0.0
B10,2162.0,0.0
B10,2163.0,0.0
B10,2164.0,0.0
B10,2165.0,0.0
B10,2166.0,0.0
B10,2167.0,0.0
B10,2168.0,0.0
B10,2169.0,0.0
B10,2170.0,0.0
B10,2171.0,0.0
B10,2172.0,0.0
B10,2173.0,0.0
B10,2174.0,0.0
B10,2175.0,0.0
B10,2176.0,0.0
B10,2177.0,0.0
B10,2178.0,0.0
B10,2179.0,0.0
B10,2180.0,0.0
B10,2181.0,0.0
B10,2182.0,0.0
B10,2183.0,0.0
B10,2184.0,0.0
B10,2185.0,0.0
B10,2186.0,0.0
B10,2187.0,0.0
B10,2188.0,0.0
B10,2189.0,0.0
B10,2190.0,0.0
B10,2191.0,0.0
B10,2192.0,0.0
B10,2193.0,0.0
B10,2194.0,0.0
B10,2195.0,0.0
B10,2196.0,0.0
B10,2197.0,0.0
B10,2198.0,0.0
B10,2199.0,0.0
B10,2200.0,0.0
B10,2201.0,0.0
B10,2202.0,0.0
B10,2203.0,0.0
B10,2204.0,0.0
B10,2205.0,0.0
B10,2206.0,0.0
B10,2207.0,0.0
B10,2208.0,0.0
B10,2209.0,0.0
B10,2210.0,0.0
B10,2211.0,0.0
B10,2212.0,0.0
B10,2213.0,0.0
B10,2214.0,0.0
B10,2215.0,0.0
B10,2216.0,0.0
B10,2217.0,0.0
B10,2218.0,0.0
B10,2219.0,0.0
B10,2220.0,0.0
B10,2221.0,0.0
B10,2222.0,0.0
B10,2223.0,0.0
B10,2224.0,0.0
B10,2225.0,0.0
B10,2226.0,0.0
B10,2227.0,0.0
B10,2228.0,0.0
B10,2229.0,0.0
B10,2230.0,0.0
B10,2231.0,0.0
B10,2232.0,0.0
B10,2233.0,0.0
B10,2234.0,0.0
B10,2235.0,0.0
B10,2236.0,0.0
B10,2237.0,0.0
B10,2238.0,0.0
B10,2239.0,0.0
B10,2240.0,0.0
B10,2241.0,0.0
B10,2242.0,0.0
B10,2243.0,0.0
B10,2244.0,0.0
B10,2245.0,0.0
B10,2246.0,0.0
B10,2247.0,0.0
B10,2248.0,0.0
B10,2249.0,0.0
B10,2250.0,0.0
B10,2251.0,0.0
B10,2252.0,0.0
B10,2253.0,0.0
B10,2254.0,0.0
B10,2255.0,0.0
B10,2256.0,0.0
B10,2257.0,0.0
B10,2258.0,0.0
B10,2259.0,0.0
B10,2260.0,0.0
B10,2261.0,0.0
B10,2262.0,0.0
B10,2263.0,0.0
B10,2264.0,0.0
B10,2265.0,0.0
B10,2266.0,0.0
B10,2267.0,0.0
B10,2268.0,0.0
B10,2269.0,0.0
B10,2270.0,0.0
B10,2271.0,0.0
B10,2272.0,0.0
B10,2273.0,0.0
B10,2274.0,0.0
B10,2275.0,0.0
B10,2276.0,0.0
B10,2277.0,0.0
B10,2278.0,0.0
B10,2279.0,0.0
B10,2280.0,0.0
B10,2281.0,0.0
B10,2282.0,0.0
B10,2283.0,0.0
B10,2284.0,0.0
B10,2285.0,0.0
B10,2286.0,0.0
B10,2287.0,0.0
B10,2288.0,0.0
B10,2289.0,0.0
B10,2290.0,0.0
B10,2291.0,0.0
B10,2292.0,0.0
B10,2293.0,0.0
B10,2294.0,0.0
B10,2295.0,0.0
B10,2296.0,0.0
B10,2297.0,0.0
B10,2298.0,0.0
B10,2299.0,0.0
B10,2300.0,0.0
B10,2301.0,0.0
B10,2302.0,0.0
B10,2303.0,0.0
B10,2304.0,0.0
B10,2305.0,0.0
B10,2306.0,0.0
B10,2307.0,0.0
B10,2308.0,0.0
B10,2309.0,0.0
B10,2310.0,0.0
B10,2311.0,0.0
B10,2312.0,0.0
B10,2313.0,0.0
B10,2314.0,0.0
B10,2315.0,0.0
B10,2316.0,0.0
B10,2317.0,0.0
B10,2318.0,0.0
B10,2319.0,0.0
B10,2320.0,0.0
B10,2321.0,0.0
B10,2322.0,0.0
B10,2323.0,0.0
B10,2324.0,0.0
B10,2325.0,0.0
B10,2326.0,0.0
B10,2327.0,0.0
B10,2328.0,0.0
B10,2329.0,0.0
B10,2330.0,0.0
B10,2331.0,0.0
B10,2332.0,0.0
B10,2333.0,0.0
B10,2334.0,0.0
B10,2335.0,0.0
B10,2336.0,0.0
B10,2337.0,0.0
B10,2338.0,0.0
B10,2339.0,0.0
B10,2340.0,0.0
B10,2341.0,0.0
B10,2342.0,0.0
B10,2343.0,0.0
B10,2344.0,0.0
B10,2345.0,0.0
B10,2346.0,0.0
B10,2347.0,0.0
B10,2348.0,0.0
B10,2349.0,0.0
B10,2350.0,0.0
B10,2351.0,0.0
B10,2352.0,0.0
B10,2353.0,0.0
B10,2354.0,0.0
B10,2355.0,0.0
B10,2356.0,0.0
B10,2357.0,0.0
B10,2358.0,0.0
B10,2359.0,0.0
B10,2360.0,0.0
B10,2361.0,0.0
B10,2362.0,0.0
B10,2363.0,0.0
B10,2364.0,0.0
B10,2365.0,0.0
B10,2366.0,0.0
B10,2367.0,0.0
B10,2368.0,0.0
B10,2369.0,0.0
B10,2370.0,0.0
B10,2371.0,0.0
B10,2372.0,0.0
B10,2373.0,0.0
B10,2374.0,0.0
B10,2375.0,0.0
B10,2376.0,0.0
B10,2377.0,0.0
B10,2378.0,0.0
B10,2379.0,0.0
B10,2380.0,0.0
B10,2381.0,0.0
B10,2382.0,0.0
B10,2383.0,0.0
B10,2384.0,0.0
B10,2385.0,0.0
B10,2386.0,0.0
B10,2387.0,0.0
B10,2388.0,0.0
B10,2389.0,0.0
B10,2390.0,0.0
B10,2391.0,0.0
B10,2392.0,0.0
B10,2393.0,0.0
B10,2394.0,0.0
B10,2395.0,0.0
B10,2396.0,0.0
B10,2397.0,0.0
B10,2398.0,0.0
B10,2399.0,0.0
B10,2400.0,0.0
B10,2401.0,0.0
B10,2402.0,0.0
B10,2403.0,0.0
B10,2404.0,0.0
B10,2405.0,0.0
B10,2406.0,0.0
B10,2407.0,0.0
B10,2408.0,0.0
B10,2409.0,0.0
B10,2410.0,0.0
B10,2411.0,0.0
B10,2412.0,0.0
B10,2413.0,0.0
B10,2414.0,0.0
B10,2415.0,0.0
B10,2416.0,0.0
B10,2417.0,0.0
B10,2418.0,0.0
B10,2419.0,0.0
B10,2420.0,0.0
B10,2421.0,0.0
B10,2422.0,0.0
B10,2423.0,0.0
B10,2424.0,0.0
B10,2425.0,0.0
B10,2426.0,0.0
B10,2427.0,0.0
B10,2428.0,0.0
B10,2429.0,0.0
B10,2430.0,0.0
B10,2431.0,0.0
B10,2432.0,0.0
B10,2433.0,0.0
B10,2434.0,0.0
B10,2435.0,0.0
B10,2436.0,0.0
B10,2437.0,0.0
B10,2438.0,0.0
B10,2439.0,0.0
B10,2440.0,0.0
B10,2441.0,0.0
B10,2442.0,0.0
B10,2443.0,0.0
B10,2444.0,0.0
B10,2445.0,0.0
B10,2446.0,0.0
B10,2447.0,0.0
B10,2448.0,0.0
B10,2449.0,0.0
B10,2450.0,0.0
B10,2451.0,0.0
B10,2452.0,0.0
B10,2453.0,0.0
B10,2454.0,0.0
B10,2455.0,0.0
B10,2456.0,0.0
B10,2457.0,0.0
B10,2458.0,0.0
B10,2459.0,0.0
B10,2460.0,0.0
B10,2461.0,0.0
B10,2462.0,0.0
B10,2463.0,0.0
B10,2464.0,0.0
B10,2465.0,0.0
B10,2466.0,0.0
B10,2467.0,0.0
B10,2468.0,0.0
B10,2469.0,0.0
B10,2470.0,0.0
B10,2471.0,0.0
B10,2472.0,0.0
B10,2473.0,0.0
B10,2474.0,0.0
B10,2475.0,0.0
B10,2476.0,0.0
B10,2477.0,0.0
B10,2478.0,0.0
B10,2479.0,0.0
B10,2480.0,0.0
B10,2481.0,0.0
B10,2482.0,0.0
B10,2483.0,0.0
B10,2484.0,0.0
B10,2485.0,0.0
B10,2486.0,0.0
B10,2487.0,0.0
B10,2488.0,0.0
B10,2489.0,0.0
B10,2490.0,0.0
B10,2491.0,0.0
B10,2492.0,0.0
B10,2493.0,0.0
B10,2494.0,0.0
B10,2495.0,0.0
B10,2496.0,0.0
B10,2497.0,0.0
B10,2498.0,0.0
B10,2499.0,0.0
B10,2500.0,0.0
B10,2501.0,0.0
B10,2502.0,0.0
B10,2503.0,0.0
B10,2504.0,0.0
B10,2505.0,0.0
B10,2506.0,0.0
B10,2507.0,0.0
B10,2508.0,0.0
B10,2509.0,0.0
B10,2510.0,0.0
B10,2511.0,0.0
B10,2512.0,0.0
B10,2513.0,0.0
B10,2514.0,0.0
B10,2515.0,0.0
B10,2516.0,0.0
B10,2517.0,0.0
B10,2518.0,0.0
B10,2519.0,0.0
B10,2520.0,0.0
B10,2521.0,0.0
B10,2522.0,0.0
B10,2523.0,0.0
B10,2524.0,0.0
B10,2525.0,0.0
B10,2526.0,0.0
B10,2527.0,0.0
B10,2528.0,0.0
B10,2529.0,0.0
B10,2530.0,0.0
B10,2531.0,0.0
B10,2532.0,0.0
B10,2533.0,0.0
B10,2534.0,0.0
B10,2535.0,0.0
B10,2536.0,0.0
B10,2537.0,0.0
B10,2538.0,0.0
B10,2539.0,0.0
B10,2540.0,0.0
B10,2541.0,0.0
B10,2542.0,0.0
B10,2543.0,0.0
B10,2544.0,0.0
B10,2545.0,0.0
B10,2546.0,0.0
B10,2547.0,0.0
B10,2548.0,0.0
B10,2549.0,0.0
B10,2550.0,0.0
B10,2551.0,0.0
B10,2552.0,0.0
B10,2553.0,0.0
B10,2554.0,0.0
B10,2555.0,0.0
B10,2556.0,0.0
B10,2557.0,0.0
B10,2558.0,0.0
B10,2559.0,0.0
B10,2560.0,0.0
B10,2561.0,0.0
B10,2562.0,0.0
B10,2563.0,0.0
B10,2564.0,0.0
B10,2565.0,0.0
B10,2566.0,0.0
B10,2567.0,0.0
B10,2568.0,0.0
B10,2569.0,0.0
B10,2570.0,0.0
B10,2571.0,0.0
B10,2572.0,0.0
B10,2573.0,0.0
B10,2574.0,0.0
B10,2575.0,0.0
B10,2576.0,0.0
B10,2577.0,0.0
B10,2578.0,0.0
B10,2579.0,0.0
B10,2580.0,0.0
B10,2581.0,0.0
B10,2582.0,0.0
B10,2583.0,0.0
B10,2584.0,0.0
B10,2585.0,0.0
B10,2586.0,0.0
B10,2587.0,0.0
B10,2588.0,0.0
B10,2589.0,0.0
B10,2590.0,0.0
B10,2591.0,0.0
B10,2592.0,0.0
B10,2593.0,0.0
B10,2594.0,0.0
B10,2595.0,0.0
B10,2596.0,0.0
B10,2597.0,0.0
B10,2598.0,0.0
B10,2599.0,0.0
B10,2600.0,0.0
B11,300.0,0.0
B11,301.0,0.0
B11,302.0,0.0
B11,303.0,0.0
B11,304.0,0.0
B11,305.0,0.0
B11,306.0,0.0
B11,307.0,0.0
B11,308.0,0.0
B11,309.0,0.0
B11,310.0,0.0
B11,311.0,0.0
B11,312.0,0.0
B11,313.0,0.0
B11,314.0,0.0
B11,315.0,0.0
B11,316.0,0.0
B11,317.0,0.0
B11,318.0,0.0
B11,319.0,0.0
B11,320.0,0.0
B11,321.0,0.0
B11,322.0,0.0
B11,323.0,0.0
B11,324.0,0.0
B11,325.0,0.0
B11,326.0,0.0
B11,327.0,0.0
B11,328.0,0.0
B11,329.0,0.0
B11,330.0,0.0
B11,331.0,0.0
B11,332.0,0.0
B11,333.0,0.0
B11,334.0,0.0
B11,335.0,0.0
B11,336.0,0.0
B11,337.0,0.0
B11,338.0,0.0
B11,339.0,0.0
B11,340.0,0.0
B11,341.0,0.0
B11,342.0,0.0
B11,343.0,0.0
B11,344.0,0.0
B11,345.0,0.0
B11,346.0,0.0
B11,347.0,0.0
B11,348.0,0.0
B11,349.0,0.0
B11,350.0,0.0
B11,351.0,0.0
B11,352.0,0.0
B11,353.0,0.0
B11,354.0,0.0
B11,355.0,0.0
B11,356.0,0.0
B11,357.0,0.0
B11,358.0,0.0
B11,359.0,0.0
B11,360.0,0.0
B11,361.0,0.0
B11,362.0,0.0
B11,363.0,0.0
B11,364.0,0.0
B11,365.0,0.0
B11,366.0,0.0
B11,367.0,0.0
B11,368.0,0.0
B11,369.0,0.0
B11,370.0,0.0
B11,371.0,0.0
B11,372.0,0.0
B11,373.0,0.0
B11,374.0,0.0
B11,375.0,0.0
B11,376.0,0.0
B11,377.0,0.0
B11,378.0,0.0
B11,379.0,0.0
B11,380.0,0.0
B11,381.0,0.0
B11,382.0,0.0
B11,383.0,0.0
B11,384.0,0.0
B11,385.0,0.0
B11,386.0,0.0
B11,387.0,0.0
B11,388.0,0.0
B11,389.0,0.0
B11,390.0,0.0
B11,391.0,0.0
B11,392.0,0.0
B11,393.0,0.0
B11,394.0,0.0
B11,395.0,0.0
B11,396.0,0.0
B11,397.0,0.0
B11,398.0,0.0
B11,399.0,0.0
B11,400.0,0.0
B11,401.0,0.0
B11,402.0,0.0
B11,403.0,0.0
B11,404.0,0.0
B11,405.0,0.0
B11,406.0,0.0
B11,407.0,0.0
B11,408.0,0.0
B11,409.0,0.0
B11,410.0,0.0
B11,411.0,0.0
B11,412.0,0.0
B11,413.0,0.0
B11,414.0,0.0
B11,415.0,0.0
B11,416.0,0.0
B11,417.0,0.0
B11,418.0,0.0
B11,419.0,0.0
B11,420.0,0.0
B11,421.0,0.0
B11,422.0,0.0
B11,423.0,0.0
B11,424.0,0.0
B11,425.0,0.0
B11,426.0,0.0
B11,427.0,0.0
B11,428.0,0.0
B11,429.0,0.0
B11,430.0,0.0
B11,431.0,0.0
B11,432.0,0.0
B11,433.0,0.0
B11,434.0,0.0
B11,435.0,0.0
B11,436.0,0.0
B11,437.0,0.0
B11,438.0,0.0
B11,439.0,0.0
B11,440.0,0.0
B11,441.0,0.0
B11,442.0,0.0
B11,443.0,0.0
B11,444.0,0.0
B11,445.0,0.0
B11,446.0,0.0
B11,447.0,0.0
B11,448.0,0.0
B11,449.0,0.0
B11,450.0,0.0
B11,451.0,0.0
B11,452.0,0.0
B11,453.0,0.0
B11,454.0,0.0
B11,455.0,0.0
B11,456.0,0.0
B11,457.0,0.0
B11,458.0,0.0
B11,459.0,0.0
B11,460.0,0.0
B11,461.0,0.0
B11,462.0,0.0
B11,463.0,0.0
B11,464.0,0.0
B11,465.0,0.0
B11,466.0,0.0
B11,467.0,0.0
B11,468.0,0.0
B11,469.0,0.0
B11,470.0,0.0
B11,471.0,0.0
B11,472.0,0.0
B11,473.0,0.0
B11,474.0,0.0
B11,475.0,0.0
B11,476.0,0.0
B11,477.0,0.0
B11,478.0,0.0
B11,479.0,0.0
B11,480.0,0.0
B11,481.0,0.0
B11,482.0,0.0
B11,483.0,0.0
B11,484.0,0.0
B11,485.0,0.0
B11,486.0,0.0
B11,487.0,0.0
B11,488.0,0.0
B11,489.0,0.0
B11,490.0,0.0
B11,491.0,0.0
B11,492.0,0.0
B11,493.0,0.0
B11,494.0,0.0
B11,495.0,0.0
B11,496.0,0.0
B11,497.0,0.0
B11,498.0,0.0
B11,499.0,0.0
B11,500.0,0.0
B11,501.0,0.0
B11,502.0,0.0
B11,503.0,0.0
B11,504.0,0.0
B11,505.0,0.0
B11,506.0,0.0
B11,507.0,0.0
B11,508.0,0.0
B11,509.0,0.0
B11,510.0,0.0
B11,511.0,0.0
B11,512.0,0.0
B11,513.0,0.0
B11,514.0,0.0
B11,515.0,0.0
B11,516.0,0.0
B11,517.0,0.0
B11,518.0,0.0
B11,519.0,0.0
B11,520.0,0.0
B11,521.0,0.0
B11,522.0,0.0
B11,523.0,0.0
B11,524.0,0.0
B11,525.0,0.0
B11,526.0,0.0
B11,527.0,0.0
B11,528.0,0.0
B11,529.0,0.0
B11,530.0,0.0
B11,531.0,0.0
B11,532.0,0.0
B11,533.0,0.0
B11,534.0,0.0
B11,535.0,0.0
B11,536.0,0.0
B11,537.0,0.0
B11,538.0,0.0
B11,539.0,0.0
B11,540.0,0.0
B11,541.0,0.0
B11,542.0,0.0
B11,543.0,0.0
B11,544.0,0.0
B11,545.0,0.0
B11,546.0,0.0
B11,547.0,0.0
B11,548.0,0.0
B11,549.0,0.0
B11,550.0,0.0
B11,551.0,0.0
B11,552.0,0.0
B11,553.0,0.0
B11,554.0,0.0
B11,555.0,0.0
B11,556.0,0.0
B11,557.0,0.0
B11,558.0,0.0
B11,559.0,0.0
B11,560.0,0.0
B11,561.0,0.0
B11,562.0,0.0
B11,563.0,0.0
B11,564.0,0.0
B11,565.0,0.0
B11,566.0,0.0
B11,567.0,0.0
B11,568.0,0.0
B11,569.0,0.0
B11,570.0,0.0
B11,571.0,0.0
B11,572.0,0.0
B11,573.0,0.0
B11,574.0,0.0
B11,575.0,0.0
B11,576.0,0.0
B11,577.0,0.0
B11,578.0,0.0
B11,579.0,0.0
B11,580.0,0.0
B11,581.0,0.0
B11,582.0,0.0
B11,583.0,0.0
B11,584.0,0.0
B11,585.0,0.0
B11,586.0,0.0
B11,587.0,0.0
B11,588.0,0.0
B11,589.0,0.0
B11,590.0,0.0
B11,591.0,0.0
B11,592.0,0.0
B11,593.0,0.0
B11,594.0,0.0
B11,595.0,0.0
B11,596.0,0.0
B11,597.0,0.0
B11,598.0,0.0
B11,599.0,0.0
B11,600.0,0.0
B11,601.0,0.0
B11,602.0,0.0
B11,603.0,0.0
B11,604.0,0.0
B11,605.0,0.0
B11,606.0,0.0
B11,607.0,0.0
B11,608.0,0.0
B11,609.0,0.0
B11,610.0,0.0
B11,611.0,0.0
B11,612.0,0.0
B11,613.0,0.0
B11,614.0,0.0
B11,615.0,0.0
B11,616.0,0.0
B11,617.0,0.0
B11,618.0,0.0
B11,619.0,0.0
B11,620.0,0.0
B11,621.0,0.0
B11,622.0,0.0
B11,623.0,0.0
B11,624.0,0.0
B11,625.0,0.0
B11,626.0,0.0
B11,627.0,0.0
B11,628.0,0.0
B11,629.0,0.0
B11,630.0,0.0
B11,631.0,0.0
B11,632.0,0.0
B11,633.0,0.0
B11,634.0,0.0
B11,635.0,0.0
B11,636.0,0.0
B11,637.0,0.0
B11,638.0,0.0
B11,639.0,0.0
B11,640.0,0.0
B11,641.0,0.0
B11,642.0,0.0
B11,643.0,0.0
B11,644.0,0.0
B11,645.0,0.0
B11,646.0,0.0
B11,647.0,0.0
B11,648.0,0.0
B11,649.0,0.0
B11,650.0,0.0
B11,651.0,0.0
B11,652.0,0.0
B11,653.0,0.0
B11,654.0,0.0
B11,655.0,0.0
B11,656.0,0.0
B11,657.0,0.0
B11,658.0,0.0
B11,659.0,0.0
B11,660.0,0.0
B11,661.0,0.0
B11,662.0,0.0
B11,663.0,0.0
B11,664.0,0.0
B11,665.0,0.0
B11,666.0,0.0
B11,667.0,0.0
B11,668.0,0.0
B11,669.0,0.0
B11,670.0,0.0
B11,671.0,0.0
B11,672.0,0.0
B11,673.0,0.0
B11,674.0,0.0
B11,675.0,0.0
B11,676.0,0.0
B11,677.0,0.0
B11,678.0,0.0
B11,679.0,0.0
B11,680.0,0.0
B11,681.0,0.0
B11,682.0,0.0
B11,683.0,0.0
B11,684.0,0.0
B11,685.0,0.0
B11,686.0,0.0
B11,687.0,0.0
B11,688.0,0.0
B11,689.0,0.0
B11,690.0,0.0
B11,691.0,0.0
B11,692.0,0.0
B11,693.0,0.0
B11,694.0,0.0
B11,695.0,0.0
B11,696.0,0.0
B11,697.0,0.0
B11,698.0,0.0
B11,699.0,0.0
B11,700.0,0.0
B11,701.0,0.0
B11,702.0,0.0
B11,703.0,0.0
B11,704.0,0.0
B11,705.0,0.0
B11,706.0,0.0
B11,707.0,0.0
B11,708.0,0.0
B11,709.0,0.0
B11,710.0,0.0
B11,711.0,0.0
B11,712.0,0.0
B11,713.0,0.0
B11,714.0,0.0
B11,715.0,0.0
B11,716.0,0.0
B11,717.0,0.0
B11,718.0,0.0
B11,719.0,0.0
B11,720.0,0.0
B11,721.0,0.0
B11,722.0,0.0
B11,723.0,0.0
B11,724.0,0.0
B11,725.0,0.0
B11,726.0,0.0
B11,727.0,0.0
B11,728.0,0.0
B11,729.0,0.0
B11,730.0,0.0
B11,731.0,0.0
B11,732.0,0.0
B11,733.0,0.0
B11,734.0,0.0
B11,735.0,0.0
B11,736.0,0.0
B11,737.0,0.0
B11,738.0,0.0
B11,739.0,0.0
B11,740.0,0.0
B11,741.0,0.0
B11,742.0,0.0
B11,743.0,0.0
B11,744.0,0.0
B11,745.0,0.0
B11,746.0,0.0
B11,747.0,0.0
B11,748.0,0.0
B11,749.0,0.0
B11,750.0,0.0
B11,751.0,0.0
B11,752.0,0.0
B11,753.0,0.0
B11,754.0,0.0
B11,755.0,0.0
B11,756.0,0.0
B11,757.0,0.0
B11,758.0,0.0
B11,759.0,0.0
B11,760.0,0.0
B11,761.0,0.0
B11,762.0,0.0
B11,763.0,0.0
B11,764.0,0.0
B11,765.0,0.0
B11,766.0,0.0
B11,767.0,0.0
B11,768.0,0.0
B11,769.0,0.0
B11,770.0,0.0
B11,771.0,0.0
B11,772.0,0.0
B11,773.0,0.0
B11,774.0,0.0
B11,775.0,0.0
B11,776.0,0.0
B11,777.0,0.0
B11,778.0,0.0
B11,779.0,0.0
B11,780.0,0.0
B11,781.0,0.0
B11,782.0,0.0
B11,783.0,0.0
B11,784.0,0.0
B11,785.0,0.0
B11,786.0,0.0
B11,787.0,0.0
B11,788.0,0.0
B11,789.0,0.0
B11,790.0,0.0
B11,791.0,0.0
B11,792.0,0.0
B11,793.0,0.0
B11,794.0,0.0
B11,795.0,0.0
B11,796.0,0.0
B11,797.0,0.0
B11,798.0,0.0
B11,799.0,0.0
B11,800.0,0.0
B11,801.0,0.0
B11,802.0,0.0
B11,803.0,0.0
B11,804.0,0.0
B11,805.0,0.0
B11,806.0,0.0
B11,807.0,0.0
B11,808.0,0.0
B11,809.0,0.0
B11,810.0,0.0
B11,811.0,0.0
B11,812.0,0.0
B11,813.0,0.0
B11,814.0,0.0
B11,815.0,0.0
B11,816.0,0.0
B11,817.0,0.0
B11,818.0,0.0
B11,819.0,0.0
B11,820.0,0.0
B11,821.0,0.0
B11,822.0,0.0
B11,823.0,0.0
B11,824.0,0.0
B11,825.0,0.0
B11,826.0,0.0
B11,827.0,0.0
B11,828.0,0.0
B11,829.0,0.0
B11,830.0,0.0
B11,831.0,0.0
B11,832.0,0.0
B11,833.0,0.0
B11,834.0,0.0
B11,835.0,0.0
B11,836.0,0.0
B11,837.0,0.0
B11,838.0,0.0
B11,839.0,0.0
B11,840.0,0.0
B11,841.0,0.0
B11,842.0,0.0
B11,843.0,0.0
B11,844.0,0.0
B11,845.0,0.0
B11,846.0,0.0
B11,847.0,0.0
B11,848.0,0.0
B11,849.0,0.0
B11,850.0,0.0
B11,851.0,0.0
B11,852.0,0.0
B11,853.0,0.0
B11,854.0,0.0
B11,855.0,0.0
B11,856.0,0.0
B11,857.0,0.0
B11,858.0,0.0
B11,859.0,0.0
B11,860.0,0.0
B11,861.0,0.0
B11,862.0,0.0
B11,863.0,0.0
B11,864.0,0.0
B11,865.0,0.0
B11,866.0,0.0
B11,867.0,0.0
B11,868.0,0.0
B11,869.0,0.0
B11,870.0,0.0
B11,871.0,0.0
B11,872.0,0.0
B11,873.0,0.0
B11,874.0,0.0
B11,875.0,0.0
B11,876.0,0.0
B11,877.0,0.0
B11,878.0,0.0
B11,879.0,0.0
B11,880.0,0.0
B11,881.0,0.0
B11,882.0,0.0
B11,883.0,0.0
B11,884.0,0.0
B11,885.0,0.0
B11,886.0,0.0
B11,887.0,0.0
B11,888.0,0.0
B11,889.0,0.0
B11,890.0,0.0
B11,891.0,0.0
B11,892.0,0.0
B11,893.0,0.0
B11,894.0,0.0
B11,895.0,0.0
B11,896.0,0.0
B11,897.0,0.0
B11,898.0,0.0
B11,899.0,0.0
B11,900.0,0.0
B11,901.0,0.0
B11,902.0,0.0
B11,903.0,0.0
B11,904.0,0.0
B11,905.0,0.0
B11,906.0,0.0
B11,907.0,0.0
B11,908.0,0.0
B11,909.0,0.0
B11,910.0,0.0
B11,911.0,0.0
B11,912.0,0.0
B11,913.0,0.0
B11,914.0,0.0
B11,915.0,0.0
B11,916.0,0.0
B11,917.0,0.0
B11,918.0,0.0
B11,919.0,0.0
B11,920.0,0.0
B11,921.0,0.0
B11,922.0,0.0
B11,923.0,0.0
B11,924.0,0.0
B11,925.0,0.0
B11,926.0,0.0
B11,927.0,0.0
B11,928.0,0.0
B11,929.0,0.0
B11,930.0,0.0
B11,931.0,0.0
B11,932.0,0.0
B11,933.0,0.0
B11,934.0,0.0
B11,935.0,0.0
B11,936.0,0.0
B11,937.0,0.0
B11,938.0,0.0
B11,939.0,0.0
B11,940.0,0.0
B11,941.0,0.0
B11,942.0,0.0
B11,943.0,0.0
B11,944.0,0.0
B11,945.0,0.0
B11,946.0,0.0
B11,947.0,0.0
B11,948.0,0.0
B11,949.0,0.0
B11,950.0,0.0
B11,951.0,0.0
B11,952.0,0.0
B11,953.0,0.0
B11,954.0,0.0
B11,955.0,0.0
B11,956.0,0.0
B11,957.0,0.0
B11,958.0,0.0
B11,959.0,0.0
B11,960.0,0.0
B11,961.0,0.0
B11,962.0,0.0
B11,963.0,0.0
B11,964.0,0.0
B11,965.0,0.0
B11,966.0,0.0
B11,967.0,0.0
B11,968.0,0.0
B11,969.0,0.0
B11,970.0,0.0
B11,971.0,0.0
B11,972.0,0.0
B11,973.0,0.0
B11,974.0,0.0
B11,975.0,0.0
B11,976.0,0.0
B11,977.0,0.0
B11,978.0,0.0
B11,979.0,0.0
B11,980.0,0.0
B11,981.0,0.0
B11,982.0,0.0
B11,983.0,0.0
B11,984.0,0.0
B11,985.0,0.0
B11,986.0,0.0
B11,987.0,0.0
B11,988.0,0.0
B11,989.0,0.0
B11,990.0,0.0
B11,991.0,0.0
B11,992.0,0.0
B11,993.0,0.0
B11,994.0,0.0
B11,995.0,0.0
B11,996.0,0.0
B11,997.0,0.0
B11,998.0,0.0
B11,999.0,0.0
B11,1000.0,0.0
B11,1001.0,0.0
B11,1002.0,0.0
B11,1003.0,0.0
B11,1004.0,0.0
B11,1005.0,0.0
B11,1006.0,0.0
B11,1007.0,0.0
B11,1008.0,0.0
B11,1009.0,0.0
B11,1010.0,0.0
B11,1011.0,0.0
B11,1012.0,0.0
B11,1013.0,0.0
B11,1014.0,0.0
B11,1015.0,0.0
B11,1016.0,0.0
B11,1017.0,0.0
B11,1018.0,0.0
B11,1019.0,0.0
B11,1020.0,0.0
B11,1021.0,0.0
B11,1022.0,0.0
B11,1023.0,0.0
B11,1024.0,0.0
B11,1025.0,0.0
B11,1026.0,0.0
B11,1027.0,0.0
B11,1028.0,0.0
B11,1029.0,0.0
B11,1030.0,0.0
B11,1031.0,0.0
B11,1032.0,0.0
B11,1033.0,0.0
B11,1034.0,0.0
B11,1035.0,0.0
B11,1036.0,0.0
B11,1037.0,0.0
B11,1038.0,0.0
B11,1039.0,0.0
B11,1040.0,0.0
B11,1041.0,0.0
B11,1042.0,0.0
B11,1043.0,0.0
B11,1044.0,0.0
B11,1045.0,0.0
B11,1046.0,0.0
B11,1047.0,0.0
B11,1048.0,0.0
B11,1049.0,0.0
B11,1050.0,0.0
B11,1051.0,0.0
B11,1052.0,0.0
B11,1053.0,0.0
B11,1054.0,0.0
B11,1055.0,0.0
B11,1056.0,0.0
B11,1057.0,0.0
B11,1058.0,0.0
B11,1059.0,0.0
B11,1060.0,0.0
B11,1061.0,0.0
B11,1062.0,0.0
B11,1063.0,0.0
B11,1064.0,0.0
B11,1065.0,0.0
B11,1066.0,0.0
B11,1067.0,0.0
B11,1068.0,0.0
B11,1069.0,0.0
B11,1070.0,0.0
B11,1071.0,0.0
B11,1072.0,0.0
B11,1073.0,0.0
B11,1074.0,0.0
B11,1075.0,0.0
B11,1076.0,0.0
B11,1077.0,0.0
B11,1078.0,0.0
B11,1079.0,0.0
B11,1080.0,0.0
B11,1081.0,0.0
B11,1082.0,0.0
B11,1083.0,0.0
B11,1084.0,0.0
B11,1085.0,0.0
B11,1086.0,0.0
B11,1087.0,0.0
B11,1088.0,0.0
B11,1089.0,0.0
B11,1090.0,0.0
B11,1091.0,0.0
B11,1092.0,0.0
B11,1093.0,0.0
B11,1094.0,0.0
B11,1095.0,0.0
B11,1096.0,0.0
B11,1097.0,0.0
B11,1098.0,0.0
B11,1099.0,0.0
B11,1100.0,0.0
B11,1101.0,0.0
B11,1102.0,0.0
B11,1103.0,0.0
B11,1104.0,0.0
B11,1105.0,0.0
B11,1106.0,0.0
B11,1107.0,0.0
B11,1108.0,0.0
B11,1109.0,0.0
B11,1110.0,0.0
B11,1111.0,0.0
B11,1112.0,0.0
B11,1113.0,0.0
B11,1114.0,0.0
B11,1115.0,0.0
B11,1116.0,0.0
B11,1117.0,0.0
B11,1118.0,0.0
B11,1119.0,0.0
B11,1120.0,0.0
B11,1121.0,0.0
B11,1122.0,0.0
B11,1123.0,0.0
B11,1124.0,0.0
B11,1125.0,0.0
B11,1126.0,0.0
B11,1127.0,0.0
B11,1128.0,0.0
B11,1129.0,0.0
B11,1130.0,0.0
B11,1131.0,0.0
B11,1132.0,0.0
B11,1133.0,0.0
B11,1134.0,0.0
B11,1135.0,0.0
B11,1136.0,0.0
B11,1137.0,0.0
B11,1138.0,0.0
B11,1139.0,0.0
B11,1140.0,0.0
B11,1141.0,0.0
B11,1142.0,0.0
B11,1143.0,0.0
B11,1144.0,0.0
B11,1145.0,0.0
B11,1146.0,0.0
B11,1147.0,0.0
B11,1148.0,0.0
B11,1149.0,0.0
B11,1150.0,0.0
B11,1151.0,0.0
B11,1152.0,0.0
B11,1153.0,0.0
B11,1154.0,0.0
B11,1155.0,0.0
B11,1156.0,0.0
B11,1157.0,0.0
B11,1158.0,0.0
B11,1159.0,0.0
B11,1160.0,0.0
B11,1161.0,0.0
B11,1162.0,0.0
B11,1163.0,0.0
B11,1164.0,0.0
B11,1165.0,0.0
B11,1166.0,0.0
B11,1167.0,0.0
B11,1168.0,0.0
B11,1169.0,0.0
B11,1170.0,0.0
B11,1171.0,0.0
B11,1172.0,0.0
B11,1173.0,0.0
B11,1174.0,0.0
B11,1175.0,0.0
B11,1176.0,0.0
B11,1177.0,0.0
B11,1178.0,0.0
B11,1179.0,0.0
B11,1180.0,0.0
B11,1181.0,0.0
B11,1182.0,0.0
B11,1183.0,0.0
B11,1184.0,0.0
B11,1185.0,0.0
B11,1186.0,0.0
B11,1187.0,0.0
B11,1188.0,0.0
B11,1189.0,0.0
B11,1190.0,0.0
B11,1191.0,0.0
B11,1192.0,0.0
B11,1193.0,0.0
B11,1194.0,0.0
B11,1195.0,0.0
B11,1196.0,0.0
B11,1197.0,0.0
B11,1198.0,0.0
B11,1199.0,0.0
B11,1200.0,0.0
B11,1201.0,0.0
B11,1202.0,0.0
B11,1203.0,0.0
B11,1204.0,0.0
B11,1205.0,0.0
B11,1206.0,0.0
B11,1207.0,0.0
B11,1208.0,0.0
B11,1209.0,0.0
B11,1210.0,0.0
B11,1211.0,0.0
B11,1212.0,0.0
B11,1213.0,0.0
B11,1214.0,0.0
B11,1215.0,0.0
B11,1216.0,0.0
B11,1217.0,0.0
B11,1218.0,0.0
B11,1219.0,0.0
B11,1220.0,0.0
B11,1221.0,0.0
B11,1222.0,0.0
B11,1223.0,0.0
B11,1224.0,0.0
B11,1225.0,0.0
B11,1226.0,0.0
B11,1227.0,0.0
B11,1228.0,0.0
B11,1229.0,0.0
B11,1230.0,0.0
B11,1231.0,0.0
B11,1232.0,0.0
B11,1233.0,0.0
B11,1234.0,0.0
B11,1235.0,0.0
B11,1236.0,0.0
B11,1237.0,0.0
B11,1238.0,0.0
B11,1239.0,0.0
B11,1240.0,0.0
B11,1241.0,0.0
B11,1242.0,0.0
B11,1243.0,0.0
B11,1244.0,0.0
B11,1245.0,0.0
B11,1246.0,0.0
B11,1247.0,0.0
B11,1248.0,0.0
B11,1249.0,0.0
B11,1250.0,0.0
B11,1251.0,0.0
B11,1252.0,0.0
B11,1253.0,0.0
B11,1254.0,0.0
B11,1255.0,0.0
B11,1256.0,0.0
B11,1257.0,0.0
B11,1258.0,0.0
B11,1259.0,0.0
B11,1260.0,0.0
B11,1261.0,0.0
B11,1262.0,0.0
B11,1263.0,0.0
B11,1264.0,0.0
B11,1265.0,0.0
B11,1266.0,0.0
B11,1267.0,0.0
B11,1268.0,0.0
B11,1269.0,0.0
B11,1270.0,0.0
B11,1271.0,0.0
B11,1272.0,0.0
B11,1273.0,0.0
B11,1274.0,0.0
B11,1275.0,0.0
B11,1276.0,0.0
B11,1277.0,0.0
B11,1278.0,0.0
B11,1279.0,0.0
B11,1280.0,0.0
B11,1281.0,0.0
B11,1282.0,0.0
B11,1283.0,0.0
B11,1284.0,0.0
B11,1285.0,0.0
B11,1286.0,0.0
B11,1287.0,0.0
B11,1288.0,0.0
B11,1289.0,0.0
B11,1290.0,0.0
B11,1291.0,0.0
B11,1292.0,0.0
B11,1293.0,0.0
B11,1294.0,0.0
B11,1295.0,0.0
B11,1296.0,0.0
B11,1297.0,0.0
B11,1298.0,0.0
B11,1299.0,0.0
B11,1300.0,0.0
B11,1301.0,0.0
B11,1302.0,0.0
B11,1303.0,0.0
B11,1304.0,0.0
B11,1305.0,0.0
B11,1306.0,0.0
B11,1307.0,0.0
B11,1308.0,0.0
B11,1309.0,0.0
B11,1310.0,0.0
B11,1311.0,0.0
B11,1312.0,0.0
B11,1313.0,0.0
B11,1314.0,0.0
B11,1315.0,0.0
B11,1316.0,0.0
B11,1317.0,0.0
B11,1318.0,0.0
B11,1319.0,0.0
B11,1320.0,0.0
B11,1321.0,0.0
B11,1322.0,0.0
B11,1323.0,0.0
B11,1324.0,0.0
B11,1325.0,0.0
B11,1326.0,0.0
B11,1327.0,0.0
B11,1328.0,0.0
B11,1329.0,0.0
B11,1330.0,0.0
B11,1331.0,0.0
B11,1332.0,0.0
B11,1333.0,0.0
B11,1334.0,0.0
B11,1335.0,0.0
B11,1336.0,0.0
B11,1337.0,0.0
B11,1338.0,0.0
B11,1339.0,0.0
B11,1340.0,0.0
B11,1341.0,0.0
B11,1342.0,0.0
B11,1343.0,0.0
B11,1344.0,0.0
B11,1345.0,0.0
B11,1346.0,0.0
B11,1347.0,0.0
B11,1348.0,0.0
B11,1349.0,0.0
B11,1350.0,0.0
B11,1351.0,0.0
B11,1352.0,0.0
B11,1353.0,0.0
B11,1354.0,0.0
B11,1355.0,0.0
B11,1356.0,0.0
B11,1357.0,0.0
B11,1358.0,0.0
B11,1359.0,0.0
B11,1360.0,0.0
B11,1361.0,0.0
B11,1362.0,0.0
B11,1363.0,0.0
B11,1364.0,0.0
B11,1365.0,0.0
B11,1366.0,0.0
B11,1367.0,0.0
B11,1368.0,0.0
B11,1369.0,0.0
B11,1370.0,0.0
B11,1371.0,0.0
B11,1372.0,0.0
B11,1373.0,0.0
B11,1374.0,0.0
B11,1375.0,0.0
B11,1376.0,0.0
B11,1377.0,0.0
B11,1378.0,0.0
B11,1379.0,0.0
B11,1380.0,0.0
B11,1381.0,0.0
B11,1382.0,0.0
B11,1383.0,0.0
B11,1384.0,0.0
B11,1385.0,0.0
B11,1386.0,0.0
B11,1387.0,0.0
B11,1388.0,0.0
B11,1389.0,0.0
B11,1390.0,0.0
B11,1391.0,0.0
B11,1392.0,0.0
B11,1393.0,0.0
B11,1394.0,0.0
B11,1395.0,0.0
B11,1396.0,0.0
B11,1397.0,0.0
B11,1398.0,0.0
B11,1399.0,0.0
B11,1400.0,0.0
B11,1401.0,0.0
B11,1402.0,0.0
B11,1403.0,0.0
B11,1404.0,0.0
B11,1405.0,0.0
B11,1406.0,0.0
B11,1407.0,0.0
B11,1408.0,0.0
B11,1409.0,0.0
B11,1410.0,0.0
B11,1411.0,0.0
B11,1412.0,0.0
B11,1413.0,0.0
B11,1414.0,0.0
B11,1415.0,0.0
B11,1416.0,0.0
B11,1417.0,0.0
B11,1418.0,0.0
B11,1419.0,0.0
B11,1420.0,0.0
B11,1421.0,0.0
B11,1422.0,0.0
B11,1423.0,0.0
B11,1424.0,0.0
B11,1425.0,0.0
B11,1426.0,0.0
B11,1427.0,0.0
B11,1428.0,0.0
B11,1429.0,0.0
B11,1430.0,0.0
B11,1431.0,0.0
B11,1432.0,0.0
B11,1433.0,0.0
B11,1434.0,0.0
B11,1435.0,0.0
B11,1436.0,0.0
B11,1437.0,0.0
B11,1438.0,0.0
B11,1439.0,0.0
B11,1440.0,0.0
B11,1441.0,0.0
B11,1442.0,0.0
B11,1443.0,0.0
B11,1444.0,0.0
B11,1445.0,0.0
B11,1446.0,0.0
B11,1447.0,0.0
B11,1448.0,0.0
B11,1449.0,0.0
B11,1450.0,0.0
B11,1451.0,0.0
B11,1452.0,0.0
B11,1453.0,0.0
B11,1454.0,0.0
B11,1455.0,0.0
B11,1456.0,0.0
B11,1457.0,0.0
B11,1458.0,0.0
B11,1459.0,0.0
B11,1460.0,0.0
B11,1461.0,0.0
B11,1462.0,0.0
B11,1463.0,0.0
B11,1464.0,0.0
B11,1465.0,0.0
B11,1466.0,0.0
B11,1467.0,0.0
B11,1468.0,0.0
B11,1469.0,0.0
B11,1470.0,0.0
B11,1471.0,0.0
B11,1472.0,0.0
B11,1473.0,0.0
B11,1474.0,0.0
B11,1475.0,0.0
B11,1476.0,0.0
B11,1477.0,0.0
B11,1478.0,0.0
B11,1479.0,0.0
B11,1480.0,0.0
B11,1481.0,0.0
B11,1482.0,0.0
B11,1483.0,0.0
B11,1484.0,0.0
B11,1485.0,0.0
B11,1486.0,0.0
B11,1487.0,0.0
B11,1488.0,0.0
B11,1489.0,0.0
B11,1490.0,0.0
B11,1491.0,0.0
B11,1492.0,0.0
B11,1493.0,0.0
B11,1494.0,0.0
B11,1495.0,0.0
B11,1496.0,0.0
B11,1497.0,0.0
B11,1498.0,0.0
B11,1499.0,0.0
B11,1500.0,0.0
B11,1501.0,0.0
B11,1502.0,0.0
B11,1503.0,0.0
B11,1504.0,0.0
B11,1505.0,0.0
B11,1506.0,0.0
B11,1507.0,0.0
B11,1508.0,0.0
B11,1509.0,0.0
B11,1510.0,0.0
B11,1511.0,0.0
B11,1512.0,0.0
B11,1513.0,0.0
B11,1514.0,0.0
B11,1515.0,0.0
B11,1516.0,0.0
B11,1517.0,0.0
B11,1518.0,0.0
B11,1519.0,0.0
B11,1520.0,0.0
B11,1521.0,0.0
B11,1522.0,0.0
B11,1523.0,0.0
B11,1524.0,0.0
B11,1525.0,0.0
B11,1526.0,0.0
B11,1527.0,0.0
B11,1528.0,0.0
B11,1529.0,0.0
B11,1530.0,0.0
B11,1531.0,0.0
B11,1532.0,0.0
B11,1533.0,0.0
B11,1534.0,0.0
B11,1535.0,0.0
B11,1536.0,0.0
B11,1537.0,0.0
B11,1538.0,1.154e-05
B11,1539.0,2.707e-05
B11,1540.0,8.129e-05
B11,1541.0,0.0001701
B11,1542.0,0.00027422
B11,1543.0,0.00034456
B11,1544.0,0.00046028
B11,1545.0,0.00065214
B11,1546.0,0.00082283
B11,1547.0,0.00107791
B11,1548.0,0.0014306
B11,1549.0,0.00196134
B11,1550.0,0.00266427
B11,1551.0,0.00368682
B11,1552.0,0.00522456
B11,1553.0,0.00758401
B11,1554.0,0.01126335
B11,1555.0,0.01715812
B11,1556.0,0.02674581
B11,1557.0,0.04145595
B11,1558.0,0.06300627
B11,1559.0,0.09464207
B11,1560.0,0.13995799
B11,1561.0,0.20105412
B11,1562.0,0.28189591
B11,1563.0,0.38134665
B11,1564.0,0.4907345
B11,1565.0,0.60674263
B11,1566.0,0.71505301
B11,1567.0,0.80391496
B11,1568.0,0.87015099
B11,1569.0,0.91645643
B11,1570.0,0.94668952
B11,1571.0,0.96391534
B11,1572.0,0.97305962
B11,1573.0,0.97704089
B11,1574.0,0.97777566
B11,1575.0,0.97686717
B11,1576.0,0.97531356
B11,1577.0,0.97336816
B11,1578.0,0.9714563
B11,1579.0,0.9697157
B11,1580.0,0.96907419
B11,1581.0,0.96968255
B11,1582.0,0.97051178
B11,1583.0,0.97272986
B11,1584.0,0.97613656
B11,1585.0,0.97894419
B11,1586.0,0.9810083
B11,1587.0,0.98350836
B11,1588.0,0.9848292
B11,1589.0,0.98438948
B11,1590.0,0.98389859
B11,1591.0,0.98334634
B11,1592.0,0.9814301
B11,1593.0,0.97936035
B11,1594.0,0.97802641
B11,1595.0,0.97623515
B11,1596.0,0.97537114
B11,1597.0,0.97569131
B11,1598.0,0.97679261
B11,1599.0,0.97898052
B11,1600.0,0.98199689
B11,1601.0,0.98520852
B11,1602.0,0.98866135
B11,1603.0,0.99233425
B11,1604.0,0.99480248
B11,1605.0,0.99589079
B11,1606.0,0.9958911
B11,1607.0,0.99475534
B11,1608.0,0.99207775
B11,1609.0,0.98856394
B11,1610.0,0.9848769
B11,1611.0,0.98106836
B11,1612.0,0.97677436
B11,1613.0,0.97351815
B11,1614.0,0.97192459
B11,1615.0,0.97052192
B11,1616.0,0.97043004
B11,1617.0,0.9723835
B11,1618.0,0.97525347
B11,1619.0,0.97856769
B11,1620.0,0.98298866
B11,1621.0,0.98810437
B11,1622.0,0.99268138
B11,1623.0,0.99645012
B11,1624.0,0.9990686
B11,1625.0,1.0
B11,1626.0,0.99902738
B11,1627.0,0.99662493
B11,1628.0,0.99326995
B11,1629.0,0.989647
B11,1630.0,0.98577051
B11,1631.0,0.98212932
B11,1632.0,0.97979728
B11,1633.0,0.97946062
B11,1634.0,0.980262
B11,1635.0,0.98247241
B11,1636.0,0.98601349
B11,1637.0,0.98957829
B11,1638.0,0.99173488
B11,1639.0,0.99219848
B11,1640.0,0.98937107
B11,1641.0,0.98205611
B11,1642.0,0.97007817
B11,1643.0,0.95307506
B11,1644.0,0.93223131
B11,1645.0,0.90784439
B11,1646.0,0.88392149
B11,1647.0,0.86411672
B11,1648.0,0.85075738
B11,1649.0,0.84410342
B11,1650.0,0.84337963
B11,1651.0,0.84698191
B11,1652.0,0.84866039
B11,1653.0,0.84046041
B11,1654.0,0.81336359
B11,1655.0,0.75654857
B11,1656.0,0.66994259
B11,1657.0,0.56517119
B11,1658.0,0.45690882
B11,1659.0,0.35310835
B11,1660.0,0.25633426
B11,1661.0,0.17582806
B11,1662.0,0.11552613
B11,1663.0,0.0733101
B11,1664.0,0.04640345
B11,1665.0,0.02898639
B11,1666.0,0.01853597
B11,1667.0,0.01243537
B11,1668.0,0.00877131
B11,1669.0,0.00630418
B11,1670.0,0.00457459
B11,1671.0,0.00335323
B11,1672.0,0.00245906
B11,1673.0,0.001988
B11,1674.0,0.00149989
B11,1675.0,0.00112208
B11,1676.0,0.00078208
B11,1677.0,0.00054086
B11,1678.0,0.00028019
B11,1679.0,0.0001326
B11,1680.0,0.0
B11,1681.0,0.0
B11,1682.0,0.0
B11,1683.0,0.0
B11,1684.0,0.0
B11,1685.0,0.0
B11,1686.0,0.0
B11,1687.0,0.0
B11,1688.0,0.0
B11,1689.0,0.0
B11,1690.0,0.0
B11,1691.0,0.0
B11,1692.0,0.0
B11,1693.0,0.0
B11,1694.0,0.0
B11,1695.0,0.0
B11,1696.0,0.0
B11,1697.0,0.0
B11,1698.0,0.0
B11,1699.0,0.0
B11,1700.0,0.0
B11,1701.0,0.0
B11,1702.0,0.0
B11,1703.0,0.0
B11,1704.0,0.0
B11,1705.0,0.0
B11,1706.0,0.0
B11,1707.0,0.0
B11,1708.0,0.0
B11,1709.0,0.0
B11,1710.0,0.0
B11,1711.0,0.0
B11,1712.0,0.0
B11,1713.0,0.0
B11,1714.0,0.0
B11,1715.0,0.0
B11,1716.0,0.0
B11,1717.0,0.0
B11,1718.0,0.0
B11,1719.0,0.0
B11,1720.0,0.0
B11,1721.0,0.0
B11,1722.0,0.0
B11,1723.0,0.0
B11,1724.0,0.0
B11,1725.0,0.0
B11,1726.0,0.0
B11,1727.0,0.0
B11,1728.0,0.0
B11,1729.0,0.0
B11,1730.0,0.0
B11,1731.0,0.0
B11,1732.0,0.0
B11,1733.0,0.0
B11,1734.0,0.0
B11,1735.0,0.0
B11,1736.0,0.0
B11,1737.0,0.0
B11,1738.0,0.0
B11,1739.0,0.0
B11,1740.0,0.0
B11,1741.0,0.0
B11,1742.0,0.0
B11,1743.0,0.0
B11,1744.0,0.0
B11,1745.0,0.0
B11,1746.0,0.0
B11,1747.0,0.0
B11,1748.0,0.0
B11,1749.0,0.0
B11,1750.0,0.0
B11,1751.0,0.0
B11,1752.0,0.0
B11,1753.0,0.0
B11,1754.0,0.0
B11,1755.0,0.0
B11,1756.0,0.0
B11,1757.0,0.0
B11,1758.0,0.0
B11,1759.0,0.0
B11,1760.0,0.0
B11,1761.0,0.0
B11,1762.0,0.0
B11,1763.0,0.0
B11,1764.0,0.0
B11,1765.0,0.0
B11,1766.0,0.0
B11,1767.0,0.0
B11,1768.0,0.0
B11,1769.0,0.0
B11,1770.0,0.0
B11,1771.0,0.0
B11,1772.0,0.0
B11,1773.0,0.0
B11,1774.0,0.0
B11,1775.0,0.0
B11,1776.0,0.0
B11,1777.0,0.0
B11,1778.0,0.0
B11,1779.0,0.0
B11,1780.0,0.0
B11,1781.0,0.0
B11,1782.0,0.0
B11,1783.0,0.0
B11,1784.0,0.0
B11,1785.0,0.0
B11,1786.0,0.0
B11,1787.0,0.0
B11,1788.0,0.0
B11,1789.0,0.0
B11,1790.0,0.0
B11,1791.0,0.0
B11,1792.0,0.0
B11,1793.0,0.0
B11,1794.0,0.0
B11,1795.0,0.0
B11,1796.0,0.0
B11,1797.0,0.0
B11,1798.0,0.0
B11,1799.0,0.0
B11,1800.0,0.0
B11,1801.0,0.0
B11,1802.0,0.0
B11,1803.0,0.0
B11,1804.0,0.0
B11,1805.0,0.0
B11,1806.0,0.0
B11,1807.0,0.0
B11,1808.0,0.0
B11,1809.0,0.0
B11,1810.0,0.0
B11,1811.0,0.0
B11,1812.0,0.0
B11,1813.0,0.0
B11,1814.0,0.0
B11,1815.0,0.0
B11,1816.0,0.0
B11,1817.0,0.0
B11,1818.0,0.0
B11,1819.0,0.0
B11,1820.0,0.0
B11,1821.0,0.0
B11,1822.0,0.0
B11,1823.0,0.0
B11,1824.0,0.0
B11,1825.0,0.0
B11,1826.0,0.0
B11,1827.0,0.0
B11,1828.0,0.0
B11,1829.0,0.0
B11,1830.0,0.0
B11,1831.0,0.0
B11,1832.0,0.0
B11,1833.0,0.0
B11,1834.0,0.0
B11,1835.0,0.0
B11,1836.0,0.0
B11,1837.0,0.0
B11,1838.0,0.0
B11,1839.0,0.0
B11,1840.0,0.0
B11,1841.0,0.0
B11,1842.0,0.0
B11,1843.0,0.0
B11,1844.0,0.0
B11,1845.0,0.0
B11,1846.0,0.0
B11,1847.0,0.0
B11,1848.0,0.0
B11,1849.0,0.0
B11,1850.0,0.0
B11,1851.0,0.0
B11,1852.0,0.0
B11,1853.0,0.0
B11,1854.0,0.0
B11,1855.0,0.0
B11,1856.0,0.0
B11,1857.0,0.0
B11,1858.0,0.0
B11,1859.0,0.0
B11,1860.0,0.0
B11,1861.0,0.0
B11,1862.0,0.0
B11,1863.0,0.0
B11,1864.0,0.0
B11,1865.0,0.0
B11,1866.0,0.0
B11,1867.0,0.0
B11,1868.0,0.0
B11,1869.0,0.0
B11,1870.0,0.0
B11,1871.0,0.0
B11,1872.0,0.0
B11,1873.0,0.0
B11,1874.0,0.0
B11,1875.0,0.0
B11,1876.0,0.0
B11,1877.0,0.0
B11,1878.0,0.0
B11,1879.0,0.0
B11,1880.0,0.0
B11,1881.0,0.0
B11,1882.0,0.0
B11,1883.0,0.0
B11,1884.0,0.0
B11,1885.0,0.0
B11,1886.0,0.0
B11,1887.0,0.0
B11,1888.0,0.0
B11,1889.0,0.0
B11,1890.0,0.0
B11,1891.0,0.0
B11,1892.0,0.0
B11,1893.0,0.0
B11,1894.0,0.0
B11,1895.0,0.0
B11,1896.0,0.0
B11,1897.0,0.0
B11,1898.0,0.0
B11,1899.0,0.0
B11,1900.0,0.0
B11,1901.0,0.0
B11,1902.0,0.0
B11,1903.0,0.0
B11,1904.0,0.0
B11,1905.0,0.0
B11,1906.0,0.0
B11,1907.0,0.0
B11,1908.0,0.0
B11,1909.0,0.0
B11,1910.0,0.0
B11,1911.0,0.0
B11,1912.0,0.0
B11,1913.0,0.0
B11,1914.0,0.0
B11,1915.0,0.0
B11,1916.0,0.0
B11,1917.0,0.0
B11,1918.0,0.0
B11,1919.0,0.0
B11,1920.0,0.0
B11,1921.0,0.0
B11,1922.0,0.0
B11,1923.0,0.0
B11,1924.0,0.0
B11,1925.0,0.0
B11,1926.0,0.0
B11,1927.0,0.0
B11,1928.0,0.0
B11,1929.0,0.0
B11,1930.0,0.0
B11,1931.0,0.0
B11,1932.0,0.0
B11,1933.0,0.0
B11,1934.0,0.0
B11,1935.0,0.0
B11,1936.0,0.0
B11,1937.0,0.0
B11,1938.0,0.0
B11,1939.0,0.0
B11,1940.0,0.0
B11,1941.0,0.0
B11,1942.0,0.0
B11,1943.0,0.0
B11,1944.0,0.0
B11,1945.0,0.0
B11,1946.0,0.0
B11,1947.0,0.0
B11,1948.0,0.0
B11,1949.0,0.0
B11,1950.0,0.0
B11,1951.0,0.0
B11,1952.0,0.0
B11,1953.0,0.0
B11,1954.0,0.0
B11,1955.0,0.0
B11,1956.0,0.0
B11,1957.0,0.0
B11,1958.0,0.0
B11,1959.0,0.0
B11,1960.0,0.0
B11,1961.0,0.0
B11,1962.0,0.0
B11,1963.0,0.0
B11,1964.0,0.0
B11,1965.0,0.0
B11,1966.0,0.0
B11,1967.0,0.0
B11,1968.0,0.0
B11,1969.0,0.0
B11,1970.0,0.0
B11,1971.0,0.0
B11,1972.0,0.0
B11,1973.0,0.0
B11,1974.0,0.0
B11,1975.0,0.0
B11,1976.0,0.0
B11,1977.0,0.0
B11,1978.0,0.0
B11,1979.0,0.0
B11,1980.0,0.0
B11,1981.0,0.0
B11,1982.0,0.0
B11,1983.0,0.0
B11,1984.0,0.0
B11,1985.0,0.0
B11,1986.0,0.0
B11,1987.0,0.0
B11,1988.0,0.0
B11,1989.0,0.0
B11,1990.0,0.0
B11,1991.0,0.0
B11,1992.0,0.0
B11,1993.0,0.0
B11,1994.0,0.0
B11,1995.0,0.0
B11,1996.0,0.0
B11,1997.0,0.0
B11,1998.0,0.0
B11,1999.0,0.0
B11,2000.0,0.0
B11,2001.0,0.0
B11,2002.0,0.0
B11,2003.0,0.0
B11,2004.0,0.0
B11,2005.0,0.0
B11,2006.0,0.0
B11,2007.0,0.0
B11,2008.0,0.0
B11,2009.0,0.0
B11,2010.0,0.0
B11,2011.0,0.0
B11,2012.0,0.0
B11,2013.0,0.0
B11,2014.0,0.0
B11,2015.0,0.0
B11,2016.0,0.0
B11,2017.0,0.0
B11,2018.0,0.0
B11,2019.0,0.0
B11,2020.0,0.0
B11,2021.0,0.0
B11,2022.0,0.0
B11,2023.0,0.0
B11,2024.0,0.0
B11,2025.0,0.0
B11,2026.0,0.0
B11,2027.0,0.0
B11,2028.0,0.0
B11,2029.0,0.0
B11,2030.0,0.0
B11,2031.0,0.0
B11,2032.0,0.0
B11,2033.0,0.0
B11,2034.0,0.0
B11,2035.0,0.0
B11,2036.0,0.0
B11,2037.0,0.0
B11,2038.0,0.0
B11,2039.0,0.0
B11,2040.0,0.0
B11,2041.0,0.0
B11,2042.0,0.0
B11,2043.0,0.0
B11,2044.0,0.0
B11,2045.0,0.0
B11,2046.0,0.0
B11,2047.0,0.0
B11,2048.0,0.0
B11,2049.0,0.0
B11,2050.0,0.0
B11,2051.0,0.0
B11,2052.0,0.0
B11,2053.0,0.0
B11,2054.0,0.0
B11,2055.0,0.0
B11,2056.0,0.0
B11,2057.0,0.0
B11,2058.0,0.0
B11,2059.0,0.0
B11,2060.0,0.0
B11,2061.0,0.0
B11,2062.0,0.0
B11,2063.0,0.0
B11,2064.0,0.0
B11,2065.0,0.0
B11,2066.0,0.0
B11,2067.0,0.0
B11,2068.0,0.0
B11,2069.0,0.0
B11,2070.0,0.0
B11,2071.0,0.0
B11,2072.0,0.0
B11,2073.0,0.0
B11,2074.0,0.0
B11,2075.0,0.0
B11,2076.0,0.0
B11,2077.0,0.0
B11,2078.0,0.0
B11,2079.0,0.0
B11,2080.0,0.0
B11,2081.0,0.0
B11,2082.0,0.0
B11,2083.0,0.0
B11,2084.0,0.0
B11,2085.0,0.0
B11,2086.0,0.0
B11,2087.0,0.0
B11,2088.0,0.0
B11,2089.0,0.0
B11,2090.0,0.0
B11,2091.0,0.0
B11,2092.0,0.0
B11,2093.0,0.0
B11,2094.0,0.0
B11,2095.0,0.0
B11,2096.0,0.0
B11,2097.0,0.0
B11,2098.0,0.0
B11,2099.0,0.0
B11,2100.0,0.0
B11,2101.0,0.0
B11,2102.0,0.0
B11,2103.0,0.0
B11,2104.0,0.0
B11,2105.0,0.0
B11,2106.0,0.0
B11,2107.0,0.0
B11,2108.0,0.0
B11,2109.0,0.0
B11,2110.0,0.0
B11,2111.0,0.0
B11,2112.0,0.0
B11,2113.0,0.0
B11,2114.0,0.0
B11,2115.0,0.0
B11,2116.0,0.0
B11,2117.0,0.0
B11,2118.0,0.0
B11,2119.0,0.0
B11,2120.0,0.0
B11,2121.0,0.0
B11,2122.0,0.0
B11,2123.0,0.0
B11,2124.0,0.0
B11,2125.0,0.0
B11,2126.0,0.0
B11,2127.0,0.0
B11,2128.0,0.0
B11,2129.0,0.0
B11,2130.0,0.0
B11,2131.0,0.0
B11,2132.0,0.0
B11,2133.0,0.0
B11,2134.0,0.0
B11,2135.0,0.0
B11,2136.0,0.0
B11,2137.0,0.0
B11,2138.0,0.0
B11,2139.0,0.0
B11,2140.0,0.0
B11,2141.0,0.0
B11,2142.0,0.0
B11,2143.0,0.0
B11,2144.0,0.0
B11,2145.0,0.0
B11,2146.0,0.0
B11,2147.0,0.0
B11,2148.0,0.0
B11,2149.0,0.0
B11,2150.0,0.0
B11,2151.0,0.0
B11,2152.0,0.0
B11,2153.0,0.0
B11,2154.0,0.0
B11,2155.0,0.0
B11,2156.0,0.0
B11,2157.0,0.0
B11,2158.0,0.0
B11,2159.0,0.0
B11,2160.0,0.0
B11,2161.0,0.0
B11,2162.0,0.0
B11,2163.0,0.0
B11,2164.0,0.0
B11,2165.0,0.0
B11,2166.0,0.0
B11,2167.0,0.0
B11,2168.0,0.0
B11,2169.0,0.0
B11,2170.0,0.0
B11,2171.0,0.0
B11,2172.0,0.0
B11,2173.0,0.0
B11,2174.0,0.0
B11,2175.0,0.0
B11,2176.0,0.0
B11,2177.0,0.0
B11,2178.0,0.0
B11,2179.0,0.0
B11,2180.0,0.0
B11,2181.0,0.0
B11,2182.0,0.0
B11,2183.0,0.0
B11,2184.0,0.0
B11,2185.0,0.0
B11,2186.0,0.0
B11,2187.0,0.0
B11,2188.0,0.0
B11,2189.0,0.0
B11,2190.0,0.0
B11,2191.0,0.0
B11,2192.0,0.0
B11,2193.0,0.0
B11,2194.0,0.0
B11,2195.0,0.0
B11,2196.0,0.0
B11,2197.0,0.0
B11,2198.0,0.0
B11,2199.0,0.0
B11,2200.0,0.0
B11,2201.0,0.0
B11,2202.0,0.0
B11,2203.0,0.0
B11,2204.0,0.0
B11,2205.0,0.0
B11,2206.0,0.0
B11,2207.0,0.0
B11,2208.0,0.0
B11,2209.0,0.0
B11,2210.0,0.0
B11,2211.0,0.0
B11,2212.0,0.0
B11,2213.0,0.0
B11,2214.0,0.0
B11,2215.0,0.0
B11,2216.0,0.0
B11,2217.0,0.0
B11,2218.0,0.0
B11,2219.0,0.0
B11,2220.0,0.0
B11,2221.0,0.0
B11,2222.0,0.0
B11,2223.0,0.0
B11,2224.0,0.0
B11,2225.0,0.0
B11,2226.0,0.0
B11,2227.0,0.0
B11,2228.0,0.0
B11,2229.0,0.0
B11,2230.0,0.0
B11,2231.0,0.0
B11,2232.0,0.0
B11,2233.0,0.0
B11,2234.0,0.0
B11,2235.0,0.0
B11,2236.0,0.0
B11,2237.0,0.0
B11,2238.0,0.0
B11,2239.0,0.0
B11,2240.0,0.0
B11,2241.0,0.0
B11,2242.0,0.0
B11,2243.0,0.0
B11,2244.0,0.0
B11,2245.0,0.0
B11,2246.0,0.0
B11,2247.0,0.0
B11,2248.0,0.0
B11,2249.0,0.0
B11,2250.0,0.0
B11,2251.0,0.0
B11,2252.0,0.0
B11,2253.0,0.0
B11,2254.0,0.0
B11,2255.0,0.0
B11,2256.0,0.0
B11,2257.0,0.0
B11,2258.0,0.0
B11,2259.0,0.0
B11,2260.0,0.0
B11,2261.0,0.0
B11,2262.0,0.0
B11,2263.0,0.0
B11,2264.0,0.0
B11,2265.0,0.0
B11,2266.0,0.0
B11,2267.0,0.0
B11,2268.0,0.0
B11,2269.0,0.0
B11,2270.0,0.0
B11,2271.0,0.0
B11,2272.0,0.0
B11,2273.0,0.0
B11,2274.0,0.0
B11,2275.0,0.0
B11,2276.0,0.0
B11,2277.0,0.0
B11,2278.0,0.0
B11,2279.0,0.0
B11,2280.0,0.0
B11,2281.0,0.0
B11,2282.0,0.0
B11,2283.0,0.0
B11,2284.0,0.0
B11,2285.0,0.0
B11,2286.0,0.0
B11,2287.0,0.0
B11,2288.0,0.0
B11,2289.0,0.0
B11,2290.0,0.0
B11,2291.0,0.0
B11,2292.0,0.0
B11,2293.0,0.0
B11,2294.0,0.0
B11,2295.0,0.0
B11,2296.0,0.0
B11,2297.0,0.0
B11,2298.0,0.0
B11,2299.0,0.0
B11,2300.0,0.0
B11,2301.0,0.0
B11,2302.0,0.0
B11,2303.0,0.0
B11,2304.0,0.0
B11,2305.0,0.0
B11,2306.0,0.0
B11,2307.0,0.0
B11,2308.0,0.0
B11,2309.0,0.0
B11,2310.0,0.0
B11,2311.0,0.0
B11,2312.0,0.0
B11,2313.0,0.0
B11,2314.0,0.0
B11,2315.0,0.0
B11,2316.0,0.0
B11,2317.0,0.0
B11,2318.0,0.0
B11,2319.0,0.0
B11,2320.0,0.0
B11,2321.0,0.0
B11,2322.0,0.0
B11,2323.0,0.0
B11,2324.0,0.0
B11,2325.0,0.0
B11,2326.0,0.0
B11,2327.0,0.0
B11,2328.0,0.0
B11,2329.0,0.0
B11,2330.0,0.0
B11,2331.0,0.0
B11,2332.0,0.0
B11,2333.0,0.0
B11,2334.0,0.0
B11,2335.0,0.0
B11,2336.0,0.0
B11,2337.0,0.0
B11,2338.0,0.0
B11,2339.0,0.0
B11,2340.0,0.0
B11,2341.0,0.0
B11,2342.0,0.0
B11,2343.0,0.0
B11,2344.0,0.0
B11,2345.0,0.0
B11,2346.0,0.0
B11,2347.0,0.0
B11,2348.0,0.0
B11,2349.0,0.0
B11,2350.0,0.0
B11,2351.0,0.0
B11,2352.0,0.0
B11,2353.0,0.0
B11,2354.0,0.0
B11,2355.0,0.0
B11,2356.0,0.0
B11,2357.0,0.0
B11,2358.0,0.0
B11,2359.0,0.0
B11,2360.0,0.0
B11,2361.0,0.0
B11,2362.0,0.0
B11,2363.0,0.0
B11,2364.0,0.0
B11,2365.0,0.0
B11,2366.0,0.0
B11,2367.0,0.0
B11,2368.0,0.0
B11,2369.0,0.0
B11,2370.0,0.0
B11,2371.0,0.0
B11,2372.0,0.0
B11,2373.0,0.0
B11,2374.0,0.0
B11,2375.0,0.0
B11,2376.0,0.0
B11,2377.0,0.0
B11,2378.0,0.0
B11,2379.0,0.0
B11,2380.0,0.0
B11,2381.0,0.0
B11,2382.0,0.0
B11,2383.0,0.0
B11,2384.0,0.0
B11,2385.0,0.0
B11,2386.0,0.0
B11,2387.0,0.0
B11,2388.0,0.0
B11,2389.0,0.0
B11,2390.0,0.0
B11,2391.0,0.0
B11,2392.0,0.0
B11,2393.0,0.0
B11,2394.0,0.0
B11,2395.0,0.0
B11,2396.0,0.0
B11,2397.0,0.0
B11,2398.0,0.0
B11,2399.0,0.0
B11,2400.0,0.0
B11,2401.0,0.0
B11,2402.0,0.0
B11,2403.0,0.0
B11,2404.0,0.0
B11,2405.0,0.0
B11,2406.0,0.0
B11,2407.0,0.0
B11,2408.0,0.0
B11,2409.0,0.0
B11,2410.0,0.0
B11,2411.0,0.0
B11,2412.0,0.0
B11,2413.0,0.0
B11,2414.0,0.0
B11,2415.0,0.0
B11,2416.0,0.0
B11,2417.0,0.0
B11,2418.0,0.0
B11,2419.0,0.0
B11,2420.0,0.0
B11,2421.0,0.0
B11,2422.0,0.0
B11,2423.0,0.0
B11,2424.0,0.0
B11,2425.0,0.0
B11,2426.0,0.0
B11,2427.0,0.0
B11,2428.0,0.0
B11,2429.0,0.0
B11,2430.0,0.0
B11,2431.0,0.0
B11,2432.0,0.0
B11,2433.0,0.0
B11,2434.0,0.0
B11,2435.0,0.0
B11,2436.0,0.0
B11,2437.0,0.0
B11,2438.0,0.0
B11,2439.0,0.0
B11,2440.0,0.0
B11,2441.0,0.0
B11,2442.0,0.0
B11,2443.0,0.0
B11,2444.0,0.0
B11,2445.0,0.0
B11,2446.0,0.0
B11,2447.0,0.0
B11,2448.0,0.0
B11,2449.0,0.0
B11,2450.0,0.0
B11,2451.0,0.0
B11,2452.0,0.0
B11,2453.0,0.0
B11,2454.0,0.0
B11,2455.0,0.0
B11,2456.0,0.0
B11,2457.0,0.0
B11,2458.0,0.0
B11,2459.0,0.0
B11,2460.0,0.0
B11,2461.0,0.0
B11,2462.0,0.0
B11,2463.0,0.0
B11,2464.0,0.0
B11,2465.0,0.0
B11,2466.0,0.0
B11,2467.0,0.0
B11,2468.0,0.0
B11,2469.0,0.0
B11,2470.0,0.0
B11,2471.0,0.0
B11,2472.0,0.0
B11,2473.0,0.0
B11,2474.0,0.0
B11,2475.0,0.0
B11,2476.0,0.0
B11,2477.0,0.0
B11,2478.0,0.0
B11,2479.0,0.0
B11,2480.0,0.0
B11,2481.0,0.0
B11,2482.0,0.0
B11,2483.0,0.0
B11,2484.0,0.0
B11,2485.0,0.0
B11,2486.0,0.0
B11,2487.0,0.0
B11,2488.0,0.0
B11,2489.0,0.0
B11,2490.0,0.0
B11,2491.0,0.0
B11,2492.0,0.0
B11,2493.0,0.0
B11,2494.0,0.0
B11,2495.0,0.0
B11,2496.0,0.0
B11,2497.0,0.0
B11,2498.0,0.0
B11,2499.0,0.0
B11,2500.0,0.0
B11,2501.0,0.0
B11,2502.0,0.0
B11,2503.0,0.0
B11,2504.0,0.0
B11,2505.0,0.0
B11,2506.0,0.0
B11,2507.0,0.0
B11,2508.0,0.0
B11,2509.0,0.0
B11,2510.0,0.0
B11,2511.0,0.0
B11,2512.0,0.0
B11,2513.0,0.0
B11,2514.0,0.0
B11,2515.0,0.0
B11,2516.0,0.0
B11,2517.0,0.0
B11,2518.0,0.0
B11,2519.0,0.0
B11,2520.0,0.0
B11,2521.0,0.0
B11,2522.0,0.0
B11,2523.0,0.0
B11,2524.0,0.0
B11,2525.0,0.0
B11,2526.0,0.0
B11,2527.0,0.0
B11,2528.0,0.0
B11,2529.0,0.0
B11,2530.0,0.0
B11,2531.0,0.0
B11,2532.0,0.0
B11,2533.0,0.0
B11,2534.0,0.0
B11,2535.0,0.0
B11,2536.0,0.0
B11,2537.0,0.0
B11,2538.0,0.0
B11,2539.0,0.0
B11,2540.0,0.0
B11,2541.0,0.0
B11,2542.0,0.0
B11,2543.0,0.0
B11,2544.0,0.0
B11,2545.0,0.0
B11,2546.0,0.0
B11,2547.0,0.0
B11,2548.0,0.0
B11,2549.0,0.0
B11,2550.0,0.0
B11,2551.0,0.0
B11,2552.0,0.0
B11,2553.0,0.0
B11,2554.0,0.0
B11,2555.0,0.0
B11,2556.0,0.0
B11,2557.0,0.0
B11,2558.0,0.0
B11,2559.0,0.0
B11,2560.0,0.0
B11,2561.0,0.0
B11,2562.0,0.0
B11,2563.0,0.0
B11,2564.0,0.0
B11,2565.0,0.0
B11,2566.0,0.0
B11,2567.0,0.0
B11,2568.0,0.0
B11,2569.0,0.0
B11,2570.0,0.0
B11,2571.0,0.0
B11,2572.0,0.0
B11,2573.0,0.0
B11,2574.0,0.0
B11,2575.0,0.0
B11,2576.0,0.0
B11,2577.0,0.0
B11,2578.0,0.0
B11,2579.0,0.0
B11,2580.0,0.0
B11,2581.0,0.0
B11,2582.0,0.0
B11,2583.0,0.0
B11,2584.0,0.0
B11,2585.0,0.0
B11,2586.0,0.0
B11,2587.0,0.0
B11,2588.0,0.0
B11,2589.0,0.0
B11,2590.0,0.0
B11,2591.0,0.0
B11,2592.0,0.0
B11,2593.0,0.0
B11,2594.0,0.0
B11,2595.0,0.0
B11,2596.0,0.0
B11,2597.0,0.0
B11,2598.0,0.0
B11,2599.0,0.0
B11,2600.0,0.0
B12,300.0,0.0
B12,301.0,0.0
B12,302.0,0.0
B12,303.0,0.0
B12,304.0,0.0
B12,305.0,0.0
B12,306.0,0.0
B12,307.0,0.0
B12,308.0,0.0
B12,309.0,0.0
B12,310.0,0.0
B12,311.0,0.0
B12,312.0,0.0
B12,313.0,0.0
B12,314.0,0.0
B12,315.0,0.0
B12,316.0,0.0
B12,317.0,0.0
B12,318.0,0.0
B12,319.0,0.0
B12,320.0,0.0
B12,321.0,0.0
B12,322.0,0.0
B12,323.0,0.0
B12,324.0,0.0
B12,325.0,0.0
B12,326.0,0.0
B12,327.0,0.0
B12,328.0,0.0
B12,329.0,0.0
B12,330.0,0.0
B12,331.0,0.0
B12,332.0,0.0
B12,333.0,0.0
B12,334.0,0.0
B12,335.0,0.0
B12,336.0,0.0
B12,337.0,0.0
B12,338.0,0.0
B12,339.0,0.0
B12,340.0,0.0
B12,341.0,0.0
B12,342.0,0.0
B12,343.0,0.0
B12,344.0,0.0
B12,345.0,0.0
B12,346.0,0.0
B12,347.0,0.0
B12,348.0,0.0
B12,349.0,0.0
B12,350.0,0.0
B12,351.0,0.0
B12,352.0,0.0
B12,353.0,0.0
B12,354.0,0.0
B12,355.0,0.0
B12,356.0,0.0
B12,357.0,0.0
B12,358.0,0.0
B12,359.0,0.0
B12,360.0,0.0
B12,361.0,0.0
B12,362.0,0.0
B12,363.0,0.0
B12,364.0,0.0
B12,365.0,0.0
B12,366.0,0.0
B12,367.0,0.0
B12,368.0,0.0
B12,369.0,0.0
B12,370.0,0.0
B12,371.0,0.0
B12,372.0,0.0
B12,373.0,0.0
B12,374.0,0.0
B12,375.0,0.0
B12,376.0,0.0
B12,377.0,0.0
B12,378.0,0.0
B12,379.0,0.0
B12,380.0,0.0
B12,381.0,0.0
B12,382.0,0.0
B12,383.0,0.0
B12,384.0,0.0
B12,385.0,0.0
B12,386.0,0.0
B12,387.0,0.0
B12,388.0,0.0
B12,389.0,0.0
B12,390.0,0.0
B12,391.0,0.0
B12,392.0,0.0
B12,393.0,0.0
B12,394.0,0.0
B12,395.0,0.0
B12,396.0,0.0
B12,397.0,0.0
B12,398.0,0.0
B12,399.0,0.0
B12,400.0,0.0
B12,401.0,0.0
B12,402.0,0.0
B12,403.0,0.0
B12,404.0,0.0
B12,405.0,0.0
B12,406.0,0.0
B12,407.0,0.0
B12,408.0,0.0
B12,409.0,0.0
B12,410.0,0.0
B12,411.0,0.0
B12,412.0,0.0
B12,413.0,0.0
B12,414.0,0.0
B12,415.0,0.0
B12,416.0,0.0
B12,417.0,0.0
B12,418.0,0.0
B12,419.0,0.0
B12,420.0,0.0
B12,421.0,0.0
B12,422.0,0.0
B12,423.0,0.0
B12,424.0,0.0
B12,425.0,0.0
B12,426.0,0.0
B12,427.0,0.0
B12,428.0,0.0
B12,429.0,0.0
B12,430.0,0.0
B12,431.0,0.0
B12,432.0,0.0
B12,433.0,0.0
B12,434.0,0.0
B12,435.0,0.0
B12,436.0,0.0
B12,437.0,0.0
B12,438.0,0.0
B12,439.0,0.0
B12,440.0,0.0
B12,441.0,0.0
B12,442.0,0.0
B12,443.0,0.0
B12,444.0,0.0
B12,445.0,0.0
B12,446.0,0.0
B12,447.0,0.0
B12,448.0,0.0
B12,449.0,0.0
B12,450.0,0.0
B12,451.0,0.0
B12,452.0,0.0
B12,453.0,0.0
B12,454.0,0.0
B12,455.0,0.0
B12,456.0,0.0
B12,457.0,0.0
B12,458.0,0.0
B12,459.0,0.0
B12,460.0,0.0
B12,461.0,0.0
B12,462.0,0.0
B12,463.0,0.0
B12,464.0,0.0
B12,465.0,0.0
B12,466.0,0.0
B12,467.0,0.0
B12,468.0,0.0
B12,469.0,0.0
B12,470.0,0.0
B12,471.0,0.0
B12,472.0,0.0
B12,473.0,0.0
B12,474.0,0.0
B12,475.0,0.0
B12,476.0,0.0
B12,477.0,0.0
B12,478.0,0.0
B12,479.0,0.0
B12,480.0,0.0
B12,481.0,0.0
B12,482.0,0.0
B12,483.0,0.0
B12,484.0,0.0
B12,485.0,0.0
B12,486.0,0.0
B12,487.0,0.0
B12,488.0,0.0
B12,489.0,0.0
B12,490.0,0.0
B12,491.0,0.0
B12,492.0,0.0
B12,493.0,0.0
B12,494.0,0.0
B12,495.0,0.0
B12,496.0,0.0
B12,497.0,0.0
B12,498.0,0.0
B12,499.0,0.0
B12,500.0,0.0
B12,501.0,0.0
B12,502.0,0.0
B12,503.0,0.0
B12,504.0,0.0
B12,505.0,0.0
B12,506.0,0.0
B12,507.0,0.0
B12,508.0,0.0
B12,509.0,0.0
B12,510.0,0.0
B12,511.0,0.0
B12,512.0,0.0
B12,513.0,0.0
B12,514.0,0.0
B12,515.0,0.0
B12,516.0,0.0
B12,517.0,0.0
B12,518.0,0.0
B12,519.0,0.0
B12,520.0,0.0
B12,521.0,0.0
B12,522.0,0.0
B12,523.0,0.0
B12,524.0,0.0
B12,525.0,0.0
B12,526.0,0.0
B12,527.0,0.0
B12,528.0,0.0
B12,529.0,0.0
B12,530.0,0.0
B12,531.0,0.0
B12,532.0,0.0
B12,533.0,0.0
B12,534.0,0.0
B12,535.0,0.0
B12,536.0,0.0
B12,537.0,0.0
B12,538.0,0.0
B12,539.0,0.0
B12,540.0,0.0
B12,541.0,0.0
B12,542.0,0.0
B12,543.0,0.0
B12,544.0,0.0
B12,545.0,0.0
B12,546.0,0.0
B12,547.0,0.0
B12,548.0,0.0
B12,549.0,0.0
B12,550.0,0.0
B12,551.0,0.0
B12,552.0,0.0
B12,553.0,0.0
B12,554.0,0.0
B12,555.0,0.0
B12,556.0,0.0
B12,557.0,0.0
B12,558.0,0.0
B12,559.0,0.0
B12,560.0,0.0
B12,561.0,0.0
B12,562.0,0.0
B12,563.0,0.0
B12,564.0,0.0
B12,565.0,0.0
B12,566.0,0.0
B12,567.0,0.0
B12,568.0,0.0
B12,569.0,0.0
B12,570.0,0.0
B12,571.0,0.0
B12,572.0,0.0
B12,573.0,0.0
B12,574.0,0.0
B12,575.0,0.0
B12,576.0,0.0
B12,577.0,0.0
B12,578.0,0.0
B12,579.0,0.0
B12,580.0,0.0
B12,581.0,0.0
B12,582.0,0.0
B12,583.0,0.0
B12,584.0,0.0
B12,585.0,0.0
B12,586.0,0.0
B12,587.0,0.0
B12,588.0,0.0
B12,589.0,0.0
B12,590.0,0.0
B12,591.0,0.0
B12,592.0,0.0
B12,593.0,0.0
B12,594.0,0.0
B12,595.0,0.0
B12,596.0,0.0
B12,597.0,0.0
B12,598.0,0.0
B12,599.0,0.0
B12,600.0,0.0
B12,601.0,0.0
B12,602.0,0.0
B12,603.0,0.0
B12,604.0,0.0
B12,605.0,0.0
B12,606.0,0.0
B12,607.0,0.0
B12,608.0,0.0
B12,609.0,0.0
B12,610.0,0.0
B12,611.0,0.0
B12,612.0,0.0
B12,613.0,0.0
B12,614.0,0.0
B12,615.0,0.0
B12,616.0,0.0
B12,617.0,0.0
B12,618.0,0.0
B12,619.0,0.0
B12,620.0,0.0
B12,621.0,0.0
B12,622.0,0.0
B12,623.0,0.0
B12,624.0,0.0
B12,625.0,0.0
B12,626.0,0.0
B12,627.0,0.0
B12,628.0,0.0
B12,629.0,0.0
B12,630.0,0.0
B12,631.0,0.0
B12,632.0,0.0
B12,633.0,0.0
B12,634.0,0.0
B12,635.0,0.0
B12,636.0,0.0
B12,637.0,0.0
B12,638.0,0.0
B12,639.0,0.0
B12,640.0,0.0
B12,641.0,0.0
B12,642.0,0.0
B12,643.0,0.0
B12,644.0,0.0
B12,645.0,0.0
B12,646.0,0.0
B12,647.0,0.0
B12,648.0,0.0
B12,649.0,0.0
B12,650.0,0.0
B12,651.0,0.0
B12,652.0,0.0
B12,653.0,0.0
B12,654.0,0.0
B12,655.0,0.0
B12,656.0,0.0
B12,657.0,0.0
B12,658.0,0.0
B12,659.0,0.0
B12,660.0,0.0
B12,661.0,0.0
B12,662.0,0.0
B12,663.0,0.0
B12,664.0,0.0
B12,665.0,0.0
B12,666.0,0.0
B12,667.0,0.0
B12,668.0,0.0
B12,669.0,0.0
B12,670.0,0.0
B12,671.0,0.0
B12,672.0,0.0
B12,673.0,0.0
B12,674.0,0.0
B12,675.0,0.0
B12,676.0,0.0
B12,677.0,0.0
B12,678.0,0.0
B12,679.0,0.0
B12,680.0,0.0
B12,681.0,0.0
B12,682.0,0.0
B12,683.0,0.0
B12,684.0,0.0
B12,685.0,0.0
B12,686.0,0.0
B12,687.0,0.0
B12,688.0,0.0
B12,689.0,0.0
B12,690.0,0.0
B12,691.0,0.0
B12,692.0,0.0
B12,693.0,0.0
B12,694.0,0.0
B12,695.0,0.0
B12,696.0,0.0
B12,697.0,0.0
B12,698.0,0.0
B12,699.0,0.0
B12,700.0,0.0
B12,701.0,0.0
B12,702.0,0.0
B12,703.0,0.0
B12,704.0,0.0
B12,705.0,0.0
B12,706.0,0.0
B12,707.0,0.0
B12,708.0,0.0
B12,709.0,0.0
B12,710.0,0.0
B12,711.0,0.0
B12,712.0,0.0
B12,713.0,0.0
B12,714.0,0.0
B12,715.0,0.0
B12,716.0,0.0
B12,717.0,0.0
B12,718.0,0.0
B12,719.0,0.0
B12,720.0,0.0
B12,721.0,0.0
B12,722.0,0.0
B12,723.0,0.0
B12,724.0,0.0
B12,725.0,0.0
B12,726.0,0.0
B12,727.0,0.0
B12,728.0,0.0
B12,729.0,0.0
B12,730.0,0.0
B12,731.0,0.0
B12,732.0,0.0
B12,733.0,0.0
B12,734.0,0.0
B12,735.0,0.0
B12,736.0,0.0
B12,737.0,0.0
B12,738.0,0.0
B12,739.0,0.0
B12,740.0,0.0
B12,741.0,0.0
B12,742.0,0.0
B12,743.0,0.0
B12,744.0,0.0
B12,745.0,0.0
B12,746.0,0.0
B12,747.0,0.0
B12,748.0,0.0
B12,749.0,0.0
B12,750.0,0.0
B12,751.0,0.0
B12,752.0,0.0
B12,753.0,0.0
B12,754.0,0.0
B12,755.0,0.0
B12,756.0,0.0
B12,757.0,0.0
B12,758.0,0.0
B12,759.0,0.0
B12,760.0,0.0
B12,761.0,0.0
B12,762.0,0.0
B12,763.0,0.0
B12,764.0,0.0
B12,765.0,0.0
B12,766.0,0.0
B12,767.0,0.0
B12,768.0,0.0
B12,769.0,0.0
B12,770.0,0.0
B12,771.0,0.0
B12,772.0,0.0
B12,773.0,0.0
B12,774.0,0.0
B12,775.0,0.0
B12,776.0,0.0
B12,777.0,0.0
B12,778.0,0.0
B12,779.0,0.0
B12,780.0,0.0
B12,781.0,0.0
B12,782.0,0.0
B12,783.0,0.0
B12,784.0,0.0
B12,785.0,0.0
B12,786.0,0.0
B12,787.0,0.0
B12,788.0,0.0
B12,789.0,0.0
B12,790.0,0.0
B12,791.0,0.0
B12,792.0,0.0
B12,793.0,0.0
B12,794.0,0.0
B12,795.0,0.0
B12,796.0,0.0
B12,797.0,0.0
B12,798.0,0.0
B12,799.0,0.0
B12,800.0,0.0
B12,801.0,0.0
B12,802.0,0.0
B12,803.0,0.0
B12,804.0,0.0
B12,805.0,0.0
B12,806.0,0.0
B12,807.0,0.0
B12,808.0,0.0
B12,809.0,0.0
B12,810.0,0.0
B12,811.0,0.0
B12,812.0,0.0
B12,813.0,0.0
B12,814.0,0.0
B12,815.0,0.0
B12,816.0,0.0
B12,817.0,0.0
B12,818.0,0.0
B12,819.0,0.0
B12,820.0,0.0
B12,821.0,0.0
B12,822.0,0.0
B12,823.0,0.0
B12,824.0,0.0
B12,825.0,0.0
B12,826.0,0.0
B12,827.0,0.0
B12,828.0,0.0
B12,829.0,0.0
B12,830.0,0.0
B12,831.0,0.0
B12,832.0,0.0
B12,833.0,0.0
B12,834.0,0.0
B12,835.0,0.0
B12,836.0,0.0
B12,837.0,0.0
B12,838.0,0.0
B12,839.0,0.0
B12,840.0,0.0
B12,841.0,0.0
B12,842.0,0.0
B12,843.0,0.0
B12,844.0,0.0
B12,845.0,0.0
B12,846.0,0.0
B12,847.0,0.0
B12,848.0,0.0
B12,849.0,0.0
B12,850.0,0.0
B12,851.0,0.0
B12,852.0,0.0
B12,853.0,0.0
B12,854.0,0.0
B12,855.0,0.0
B12,856.0,0.0
B12,857.0,0.0
B12,858.0,0.0
B12,859.0,0.0
B12,860.0,0.0
B12,861.0,0.0
B12,862.0,0.0
B12,863.0,0.0
B12,864.0,0.0
B12,865.0,0.0
B12,866.0,0.0
B12,867.0,0.0
B12,868.0,0.0
B12,869.0,0.0
B12,870.0,0.0
B12,871.0,0.0
B12,872.0,0.0
B12,873.0,0.0
B12,874.0,0.0
B12,875.0,0.0
B12,876.0,0.0
B12,877.0,0.0
B12,878.0,0.0
B12,879.0,0.0
B12,880.0,0.0
B12,881.0,0.0
B12,882.0,0.0
B12,883.0,0.0
B12,884.0,0.0
B12,885.0,0.0
B12,886.0,0.0
B12,887.0,0.0
B12,888.0,0.0
B12,889.0,0.0
B12,890.0,0.0
B12,891.0,0.0
B12,892.0,0.0
B12,893.0,0.0
B12,894.0,0.0
B12,895.0,0.0
B12,896.0,0.0
B12,897.0,0.0
B12,898.0,0.0
B12,899.0,0.0
B12,900.0,0.0
B12,901.0,0.0
B12,902.0,0.0
B12,903.0,0.0
B12,904.0,0.0
B12,905.0,0.0
B12,906.0,0.0
B12,907.0,0.0
B12,908.0,0.0
B12,909.0,0.0
B12,910.0,0.0
B12,911.0,0.0
B12,912.0,0.0
B12,913.0,0.0
B12,914.0,0.0
B12,915.0,0.0
B12,916.0,0.0
B12,917.0,0.0
B12,918.0,0.0
B12,919.0,0.0
B12,920.0,0.0
B12,921.0,0.0
B12,922.0,0.0
B12,923.0,0.0
B12,924.0,0.0
B12,925.0,0.0
B12,926.0,0.0
B12,927.0,0.0
B12,928.0,0.0
B12,929.0,0.0
B12,930.0,0.0
B12,931.0,0.0
B12,932.0,0.0
B12,933.0,0.0
B12,934.0,0.0
B12,935.0,0.0
B12,936.0,0.0
B12,937.0,0.0
B12,938.0,0.0
B12,939.0,0.0
B12,940.0,0.0
B12,941.0,0.0
B12,942.0,0.0
B12,943.0,0.0
B12,944.0,0.0
B12,945.0,0.0
B12,946.0,0.0
B12,947.0,0.0
B12,948.0,0.0
B12,949.0,0.0
B12,950.0,0.0
B12,951.0,0.0
B12,952.0,0.0
B12,953.0,0.0
B12,954.0,0.0
B12,955.0,0.0
B12,956.0,0.0
B12,957.0,0.0
B12,958.0,0.0
B12,959.0,0.0
B12,960.0,0.0
B12,961.0,0.0
B12,962.0,0.0
B12,963.0,0.0
B12,964.0,0.0
B12,965.0,0.0
B12,966.0,0.0
B12,967.0,0.0
B12,968.0,0.0
B12,969.0,0.0
B12,970.0,0.0
B12,971.0,0.0
B12,972.0,0.0
B12,973.0,0.0
B12,974.0,0.0
B12,975.0,0.0
B12,976.0,0.0
B12,977.0,0.0
B12,978.0,0.0
B12,979.0,0.0
B12,980.0,0.0
B12,981.0,0.0
B12,982.0,0.0
B12,983.0,0.0
B12,984.0,0.0
B12,985.0,0.0
B12,986.0,0.0
B12,987.0,0.0
B12,988.0,0.0
B12,989.0,0.0
B12,990.0,0.0
B12,991.0,0.0
B12,992.0,0.0
B12,993.0,0.0
B12,994.0,0.0
B12,995.0,0.0
B12,996.0,0.0
B12,997.0,0.0
B12,998.0,0.0
B12,999.0,0.0
B12,1000.0,0.0
B12,1001.0,0.0
B12,1002.0,0.0
B12,1003.0,0.0
B12,1004.0,0.0
B12,1005.0,0.0
B12,1006.0,0.0
B12,1007.0,0.0
B12,1008.0,0.0
B12,1009.0,0.0
B12,1010.0,0.0
B12,1011.0,0.0
B12,1012.0,0.0
B12,1013.0,0.0
B12,1014.0,0.0
B12,1015.0,0.0
B12,1016.0,0.0
B12,1017.0,0.0
B12,1018.0,0.0
B12,1019.0,0.0
B12,1020.0,0.0
B12,1021.0,0.0
B12,1022.0,0.0
B12,1023.0,0.0
B12,1024.0,0.0
B12,1025.0,0.0
B12,1026.0,0.0
B12,1027.0,0.0
B12,1028.0,0.0
B12,1029.0,0.0
B12,1030.0,0.0
B12,1031.0,0.0
B12,1032.0,0.0
B12,1033.0,0.0
B12,1034.0,0.0
B12,1035.0,0.0
B12,1036.0,0.0
B12,1037.0,0.0
B12,1038.0,0.0
B12,1039.0,0.0
B12,1040.0,0.0
B12,1041.0,0.0
B12,1042.0,0.0
B12,1043.0,0.0
B12,1044.0,0.0
B12,1045.0,0.0
B12,1046.0,0.0
B12,1047.0,0.0
B12,1048.0,0.0
B12,1049.0,0.0
B12,1050.0,0.0
B12,1051.0,0.0
B12,1052.0,0.0
B12,1053.0,0.0
B12,1054.0,0.0
B12,1055.0,0.0
B12,1056.0,0.0
B12,1057.0,0.0
B12,1058.0,0.0
B12,1059.0,0.0
B12,1060.0,0.0
B12,1061.0,0.0
B12,1062.0,0.0
B12,1063.0,0.0
B12,1064.0,0.0
B12,1065.0,0.0
B12,1066.0,0.0
B12,1067.0,0.0
B12,1068.0,0.0
B12,1069.0,0.0
B12,1070.0,0.0
B12,1071.0,0.0
B12,1072.0,0.0
B12,1073.0,0.0
B12,1074.0,0.0
B12,1075.0,0.0
B12,1076.0,0.0
B12,1077.0,0.0
B12,1078.0,0.0
B12,1079.0,0.0
B12,1080.0,0.0
B12,1081.0,0.0
B12,1082.0,0.0
B12,1083.0,0.0
B12,1084.0,0.0
B12,1085.0,0.0
B12,1086.0,0.0
B12,1087.0,0.0
B12,1088.0,0.0
B12,1089.0,0.0
B12,1090.0,0.0
B12,1091.0,0.0
B12,1092.0,0.0
B12,1093.0,0.0
B12,1094.0,0.0
B12,1095.0,0.0
B12,1096.0,0.0
B12,1097.0,0.0
B12,1098.0,0.0
B12,1099.0,0.0
B12,1100.0,0.0
B12,1101.0,0.0
B12,1102.0,0.0
B12,1103.0,0.0
B12,1104.0,0.0
B12,1105.0,0.0
B12,1106.0,0.0
B12,1107.0,0.0
B12,1108.0,0.0
B12,1109.0,0.0
B12,1110.0,0.0
B12,1111.0,0.0
B12,1112.0,0.0
B12,1113.0,0.0
B12,1114.0,0.0
B12,1115.0,0.0
B12,1116.0,0.0
B12,1117.0,0.0
B12,1118.0,0.0
B12,1119.0,0.0
B12,1120.0,0.0
B12,1121.0,0.0
B12,1122.0,0.0
B12,1123.0,0.0
B12,1124.0,0.0
B12,1125.0,0.0
B12,1126.0,0.0
B12,1127.0,0.0
B12,1128.0,0.0
B12,1129.0,0.0
B12,1130.0,0.0
B12,1131.0,0.0
B12,1132.0,0.0
B12,1133.0,0.0
B12,1134.0,0.0
B12,1135.0,0.0
B12,1136.0,0.0
B12,1137.0,0.0
B12,1138.0,0.0
B12,1139.0,0.0
B12,1140.0,0.0
B12,1141.0,0.0
B12,1142.0,0.0
B12,1143.0,0.0
B12,1144.0,0.0
B12,1145.0,0.0
B12,1146.0,0.0
B12,1147.0,0.0
B12,1148.0,0.0
B12,1149.0,0.0
B12,1150.0,0.0
B12,1151.0,0.0
B12,1152.0,0.0
B12,1153.0,0.0
B12,1154.0,0.0
B12,1155.0,0.0
B12,1156.0,0.0
B12,1157.0,0.0
B12,1158.0,0.0
B12,1159.0,0.0
B12,1160.0,0.0
B12,1161.0,0.0
B12,1162.0,0.0
B12,1163.0,0.0
B12,1164.0,0.0
B12,1165.0,0.0
B12,1166.0,0.0
B12,1167.0,0.0
B12,1168.0,0.0
B12,1169.0,0.0
B12,1170.0,0.0
B12,1171.0,0.0
B12,1172.0,0.0
B12,1173.0,0.0
B12,1174.0,0.0
B12,1175.0,0.0
B12,1176.0,0.0
B12,1177.0,0.0
B12,1178.0,0.0
B12,1179.0,0.0
B12,1180.0,0.0
B12,1181.0,0.0
B12,1182.0,0.0
B12,1183.0,0.0
B12,1184.0,0.0
B12,1185.0,0.0
B12,1186.0,0.0
B12,1187.0,0.0
B12,1188.0,0.0
B12,1189.0,0.0
B12,1190.0,0.0
B12,1191.0,0.0
B12,1192.0,0.0
B12,1193.0,0.0
B12,1194.0,0.0
B12,1195.0,0.0
B12,1196.0,0.0
B12,1197.0,0.0
B12,1198.0,0.0
B12,1199.0,0.0
B12,1200.0,0.0
B12,1201.0,0.0
B12,1202.0,0.0
B12,1203.0,0.0
B12,1204.0,0.0
B12,1205.0,0.0
B12,1206.0,0.0
B12,1207.0,0.0
B12,1208.0,0.0
B12,1209.0,0.0
B12,1210.0,0.0
B12,1211.0,0.0
B12,1212.0,0.0
B12,1213.0,0.0
B12,1214.0,0.0
B12,1215.0,0.0
B12,1216.0,0.0
B12,1217.0,0.0
B12,1218.0,0.0
B12,1219.0,0.0
B12,1220.0,0.0
B12,1221.0,0.0
B12,1222.0,0.0
B12,1223.0,0.0
B12,1224.0,0.0
B12,1225.0,0.0
B12,1226.0,0.0
B12,1227.0,0.0
B12,1228.0,0.0
B12,1229.0,0.0
B12,1230.0,0.0
B12,1231.0,0.0
B12,1232.0,0.0
B12,1233.0,0.0
B12,1234.0,0.0
B12,1235.0,0.0
B12,1236.0,0.0
B12,1237.0,0.0
B12,1238.0,0.0
B12,1239.0,0.0
B12,1240.0,0.0
B12,1241.0,0.0
B12,1242.0,0.0
B12,1243.0,0.0
B12,1244.0,0.0
B12,1245.0,0.0
B12,1246.0,0.0
B12,1247.0,0.0
B12,1248.0,0.0
B12,1249.0,0.0
B12,1250.0,0.0
B12,1251.0,0.0
B12,1252.0,0.0
B12,1253.0,0.0
B12,1254.0,0.0
B12,1255.0,0.0
B12,1256.0,0.0
B12,1257.0,0.0
B12,1258.0,0.0
B12,1259.0,0.0
B12,1260.0,0.0
B12,1261.0,0.0
B12,1262.0,0.0
B12,1263.0,0.0
B12,1264.0,0.0
B12,1265.0,0.0
B12,1266.0,0.0
B12,1267.0,0.0
B12,1268.0,0.0
B12,1269.0,0.0
B12,1270.0,0.0
B12,1271.0,0.0
B12,1272.0,0.0
B12,1273.0,0.0
B12,1274.0,0.0
B12,1275.0,0.0
B12,1276.0,0.0
B12,1277.0,0.0
B12,1278.0,0.0
B12,1279.0,0.0
B12,1280.0,0.0
B12,1281.0,0.0
B12,1282.0,0.0
B12,1283.0,0.0
B12,1284.0,0.0
B12,1285.0,0.0
B12,1286.0,0.0
B12,1287.0,0.0
B12,1288.0,0.0
B12,1289.0,0.0
B12,1290.0,0.0
B12,1291.0,0.0
B12,1292.0,0.0
B12,1293.0,0.0
B12,1294.0,0.0
B12,1295.0,0.0
B12,1296.0,0.0
B12,1297.0,0.0
B12,1298.0,0.0
B12,1299.0,0.0
B12,1300.0,0.0
B12,1301.0,0.0
B12,1302.0,0.0
B12,1303.0,0.0
B12,1304.0,0.0
B12,1305.0,0.0
B12,1306.0,0.0
B12,1307.0,0.0
B12,1308.0,0.0
B12,1309.0,0.0
B12,1310.0,0.0
B12,1311.0,0.0
B12,1312.0,0.0
B12,1313.0,0.0
B12,1314.0,0.0
B12,1315.0,0.0
B12,1316.0,0.0
B12,1317.0,0.0
B12,1318.0,0.0
B12,1319.0,0.0
B12,1320.0,0.0
B12,1321.0,0.0
B12,1322.0,0.0
B12,1323.0,0.0
B12,1324.0,0.0
B12,1325.0,0.0
B12,1326.0,0.0
B12,1327.0,0.0
B12,1328.0,0.0
B12,1329.0,0.0
B12,1330.0,0.0
B12,1331.0,0.0
B12,1332.0,0.0
B12,1333.0,0.0
B12,1334.0,0.0
B12,1335.0,0.0
B12,1336.0,0.0
B12,1337.0,0.0
B12,1338.0,0.0
B12,1339.0,0.0
B12,1340.0,0.0
B12,1341.0,0.0
B12,1342.0,0.0
B12,1343.0,0.0
B12,1344.0,0.0
B12,1345.0,0.0
B12,1346.0,0.0
B12,1347.0,0.0
B12,1348.0,0.0
B12,1349.0,0.0
B12,1350.0,0.0
B12,1351.0,0.0
B12,1352.0,0.0
B12,1353.0,0.0
B12,1354.0,0.0
B12,1355.0,0.0
B12,1356.0,0.0
B12,1357.0,0.0
B12,1358.0,0.0
B12,1359.0,0.0
B12,1360.0,0.0
B12,1361.0,0.0
B12,1362.0,0.0
B12,1363.0,0.0
B12,1364.0,0.0
B12,1365.0,0.0
B12,1366.0,0.0
B12,1367.0,0.0
B12,1368.0,0.0
B12,1369.0,0.0
B12,1370.0,0.0
B12,1371.0,0.0
B12,1372.0,0.0
B12,1373.0,0.0
B12,1374.0,0.0
B12,1375.0,0.0
B12,1376.0,0.0
B12,1377.0,0.0
B12,1378.0,0.0
B12,1379.0,0.0
B12,1380.0,0.0
B12,1381.0,0.0
B12,1382.0,0.0
B12,1383.0,0.0
B12,1384.0,0.0
B12,1385.0,0.0
B12,1386.0,0.0
B12,1387.0,0.0
B12,1388.0,0.0
B12,1389.0,0.0
B12,1390.0,0.0
B12,1391.0,0.0
B12,1392.0,0.0
B12,1393.0,0.0
B12,1394.0,0.0
B12,1395.0,0.0
B12,1396.0,0.0
B12,1397.0,0.0
B12,1398.0,0.0
B12,1399.0,0.0
B12,1400.0,0.0
B12,1401.0,0.0
B12,1402.0,0.0
B12,1403.0,0.0
B12,1404.0,0.0
B12,1405.0,0.0
B12,1406.0,0.0
B12,1407.0,0.0
B12,1408.0,0.0
B12,1409.0,0.0
B12,1410.0,0.0
B12,1411.0,0.0
B12,1412.0,0.0
B12,1413.0,0.0
B12,1414.0,0.0
B12,1415.0,0.0
B12,1416.0,0.0
B12,1417.0,0.0
B12,1418.0,0.0
B12,1419.0,0.0
B12,1420.0,0.0
B12,1421.0,0.0
B12,1422.0,0.0
B12,1423.0,0.0
B12,1424.0,0.0
B12,1425.0,0.0
B12,1426.0,0.0
B12,1427.0,0.0
B12,1428.0,0.0
B12,1429.0,0.0
B12,1430.0,0.0
B12,1431.0,0.0
B12,1432.0,0.0
B12,1433.0,0.0
B12,1434.0,0.0
B12,1435.0,0.0
B12,1436.0,0.0
B12,1437.0,0.0
B12,1438.0,0.0
B12,1439.0,0.0
B12,1440.0,0.0
B12,1441.0,0.0
B12,1442.0,0.0
B12,1443.0,0.0
B12,1444.0,0.0
B12,1445.0,0.0
B12,1446.0,0.0
B12,1447.0,0.0
B12,1448.0,0.0
B12,1449.0,0.0
B12,1450.0,0.0
B12,1451.0,0.0
B12,1452.0,0.0
B12,1453.0,0.0
B12,1454.0,0.0
B12,1455.0,0.0
B12,1456.0,0.0
B12,1457.0,0.0
B12,1458.0,0.0
B12,1459.0,0.0
B12,1460.0,0.0
B12,1461.0,0.0
B12,1462.0,0.0
B12,1463.0,0.0
B12,1464.0,0.0
B12,1465.0,0.0
B12,1466.0,0.0
B12,1467.0,0.0
B12,1468.0,0.0
B12,1469.0,0.0
B12,1470.0,0.0
B12,1471.0,0.0
B12,1472.0,0.0
B12,1473.0,0.0
B12,1474.0,0.0
B12,1475.0,0.0
B12,1476.0,0.0
B12,1477.0,0.0
B12,1478.0,0.0
B12,1479.0,0.0
B12,1480.0,0.0
B12,1481.0,0.0
B12,1482.0,0.0
B12,1483.0,0.0
B12,1484.0,0.0
B12,1485.0,0.0
B12,1486.0,0.0
B12,1487.0,0.0
B12,1488.0,0.0
B12,1489.0,0.0
B12,1490.0,0.0
B12,1491.0,0.0
B12,1492.0,0.0
B12,1493.0,0.0
B12,1494.0,0.0
B12,1495.0,0.0
B12,1496.0,0.0
B12,1497.0,0.0
B12,1498.0,0.0
B12,1499.0,0.0
B12,1500.0,0.0
B12,1501.0,0.0
B12,1502.0,0.0
B12,1503.0,0.0
B12,1504.0,0.0
B12,1505.0,0.0
B12,1506.0,0.0
B12,1507.0,0.0
B12,1508.0,0.0
B12,1509.0,0.0
B12,1510.0,0.0
B12,1511.0,0.0
B12,1512.0,0.0
B12,1513.0,0.0
B12,1514.0,0.0
B12,1515.0,0.0
B12,1516.0,0.0
B12,1517.0,0.0
B12,1518.0,0.0
B12,1519.0,0.0
B12,1520.0,0.0
B12,1521.0,0.0
B12,1522.0,0.0
B12,1523.0,0.0
B12,1524.0,0.0
B12,1525.0,0.0
B12,1526.0,0.0
B12,1527.0,0.0
B12,1528.0,0.0
B12,1529.0,0.0
B12,1530.0,0.0
B12,1531.0,0.0
B12,1532.0,0.0
B12,1533.0,0.0
B12,1534.0,0.0
B12,1535.0,0.0
B12,1536.0,0.0
B12,1537.0,0.0
B12,1538.0,0.0
B12,1539.0,0.0
B12,1540.0,0.0
B12,1541.0,0.0
B12,1542.0,0.0
B12,1543.0,0.0
B12,1544.0,0.0
B12,1545.0,0.0
B12,1546.0,0.0
B12,1547.0,0.0
B12,1548.0,0.0
B12,1549.0,0.0
B12,1550.0,0.0
B12,1551.0,0.0
B12,1552.0,0.0
B12,1553.0,0.0
B12,1554.0,0.0
B12,1555.0,0.0
B12,1556.0,0.0
B12,1557.0,0.0
B12,1558.0,0.0
B12,1559.0,0.0
B12,1560.0,0.0
B12,1561.0,0.0
B12,1562.0,0.0
B12,1563.0,0.0
B12,1564.0,0.0
B12,1565.0,0.0
B12,1566.0,0.0
B12,1567.0,0.0
B12,1568.0,0.0
B12,1569.0,0.0
B12,1570.0,0.0
B12,1571.0,0.0
B12,1572.0,0.0
B12,1573.0,0.0
B12,1574.0,0.0
B12,1575.0,0.0
B12,1576.0,0.0
B12,1577.0,0.0
B12,1578.0,0.0
B12,1579.0,0.0
B12,1580.0,0.0
B12,1581.0,0.0
B12,1582.0,0.0
B12,1583.0,0.0
B12,1584.0,0.0
B12,1585.0,0.0
B12,1586.0,0.0
B12,1587.0,0.0
B12,1588.0,0.0
B12,1589.0,0.0
B12,1590.0,0.0
B12,1591.0,0.0
B12,1592.0,0.0
B12,1593.0,0.0
B12,1594.0,0.0
B12,1595.0,0.0
B12,1596.0,0.0
B12,1597.0,0.0
B12,1598.0,0.0
B12,1599.0,0.0
B12,1600.0,0.0
B12,1601.0,0.0
B12,1602.0,0.0
B12,1603.0,0.0
B12,1604.0,0.0
B12,1605.0,0.0
B12,1606.0,0.0
B12,1607.0,0.0
B12,1608.0,0.0
B12,1609.0,0.0
B12,1610.0,0.0
B12,1611.0,0.0
B12,1612.0,0.0
B12,1613.0,0.0
B12,1614.0,0.0
B12,1615.0,0.0
B12,1616.0,0.0
B12,1617.0,0.0
B12,1618.0,0.0
B12,1619.0,0.0
B12,1620.0,0.0
B12,1621.0,0.0
B12,1622.0,0.0
B12,1623.0,0.0
B12,1624.0,0.0
B12,1625.0,0.0
B12,1626.0,0.0
B12,1627.0,0.0
B12,1628.0,0.0
B12,1629.0,0.0
B12,1630.0,0.0
B12,1631.0,0.0
B12,1632.0,0.0
B12,1633.0,0.0
B12,1634.0,0.0
B12,1635.0,0.0
B12,1636.0,0.0
B12,1637.0,0.0
B12,1638.0,0.0
B12,1639.0,0.0
B12,1640.0,0.0
B12,1641.0,0.0
B12,1642.0,0.0
B12,1643.0,0.0
B12,1644.0,0.0
B12,1645.0,0.0
B12,1646.0,0.0
B12,1647.0,0.0
B12,1648.0,0.0
B12,1649.0,0.0
B12,1650.0,0.0
B12,1651.0,0.0
B12,1652.0,0.0
B12,1653.0,0.0
B12,1654.0,0.0
B12,1655.0,0.0
B12,1656.0,0.0
B12,1657.0,0.0
B12,1658.0,0.0
B12,1659.0,0.0
B12,1660.0,0.0
B12,1661.0,0.0
B12,1662.0,0.0
B12,1663.0,0.0
B12,1664.0,0.0
B12,1665.0,0.0
B12,1666.0,0.0
B12,1667.0,0.0
B12,1668.0,0.0
B12,1669.0,0.0
B12,1670.0,0.0
B12,1671.0,0.0
B12,1672.0,0.0
B12,1673.0,0.0
B12,1674.0,0.0
B12,1675.0,0.0
B12,1676.0,0.0
B12,1677.0,0.0
B12,1678.0,0.0
B12,1679.0,0.0
B12,1680.0,0.0
B12,1681.0,0.0
B12,1682.0,0.0
B12,1683.0,0.0
B12,1684.0,0.0
B12,1685.0,0.0
B12,1686.0,0.0
B12,1687.0,0.0
B12,1688.0,0.0
B12,1689.0,0.0
B12,1690.0,0.0
B12,1691.0,0.0
B12,1692.0,0.0
B12,1693.0,0.0
B12,1694.0,0.0
B12,1695.0,0.0
B12,1696.0,0.0
B12,1697.0,0.0
B12,1698.0,0.0
B12,1699.0,0.0
B12,1700.0,0.0
B12,1701.0,0.0
B12,1702.0,0.0
B12,1703.0,0.0
B12,1704.0,0.0
B12,1705.0,0.0
B12,1706.0,0.0
B12,1707.0,0.0
B12,1708.0,0.0
B12,1709.0,0.0
B12,1710.0,0.0
B12,1711.0,0.0
B12,1712.0,0.0
B12,1713.0,0.0
B12,1714.0,0.0
B12,1715.0,0.0
B12,1716.0,0.0
B12,1717.0,0.0
B12,1718.0,0.0
B12,1719.0,0.0
B12,1720.0,0.0
B12,1721.0,0.0
B12,1722.0,0.0
B12,1723.0,0.0
B12,1724.0,0.0
B12,1725.0,0.0
B12,1726.0,0.0
B12,1727.0,0.0
B12,1728.0,0.0
B12,1729.0,0.0
B12,1730.0,0.0
B12,1731.0,0.0
B12,1732.0,0.0
B12,1733.0,0.0
B12,1734.0,0.0
B12,1735.0,0.0
B12,1736.0,0.0
B12,1737.0,0.0
B12,1738.0,0.0
B12,1739.0,0.0
B12,1740.0,0.0
B12,1741.0,0.0
B12,1742.0,0.0
B12,1743.0,0.0
B12,1744.0,0.0
B12,1745.0,0.0
B12,1746.0,0.0
B12,1747.0,0.0
B12,1748.0,0.0
B12,1749.0,0.0
B12,1750.0,0.0
B12,1751.0,0.0
B12,1752.0,0.0
B12,1753.0,0.0
B12,1754.0,0.0
B12,1755.0,0.0
B12,1756.0,0.0
B12,1757.0,0.0
B12,1758.0,0.0
B12,1759.0,0.0
B12,1760.0,0.0
B12,1761.0,0.0
B12,1762.0,0.0
B12,1763.0,0.0
B12,1764.0,0.0
B12,1765.0,0.0
B12,1766.0,0.0
B12,1767.0,0.0
B12,1768.0,0.0
B12,1769.0,0.0
B12,1770.0,0.0
B12,1771.0,0.0
B12,1772.0,0.0
B12,1773.0,0.0
B12,1774.0,0.0
B12,1775.0,0.0
B12,1776.0,0.0
B12,1777.0,0.0
B12,1778.0,0.0
B12,1779.0,0.0
B12,1780.0,0.0
B12,1781.0,0.0
B12,1782.0,0.0
B12,1783.0,0.0
B12,1784.0,0.0
B12,1785.0,0.0
B12,1786.0,0.0
B12,1787.0,0.0
B12,1788.0,0.0
B12,1789.0,0.0
B12,1790.0,0.0
B12,1791.0,0.0
B12,1792.0,0.0
B12,1793.0,0.0
B12,1794.0,0.0
B12,1795.0,0.0
B12,1796.0,0.0
B12,1797.0,0.0
B12,1798.0,0.0
B12,1799.0,0.0
B12,1800.0,0.0
B12,1801.0,0.0
B12,1802.0,0.0
B12,1803.0,0.0
B12,1804.0,0.0
B12,1805.0,0.0
B12,1806.0,0.0
B12,1807.0,0.0
B12,1808.0,0.0
B12,1809.0,0.0
B12,1810.0,0.0
B12,1811.0,0.0
B12,1812.0,0.0
B12,1813.0,0.0
B12,1814.0,0.0
B12,1815.0,0.0
B12,1816.0,0.0
B12,1817.0,0.0
B12,1818.0,0.0
B12,1819.0,0.0
B12,1820.0,0.0
B12,1821.0,0.0
B12,1822.0,0.0
B12,1823.0,0.0
B12,1824.0,0.0
B12,1825.0,0.0
B12,1826.0,0.0
B12,1827.0,0.0
B12,1828.0,0.0
B12,1829.0,0.0
B12,1830.0,0.0
B12,1831.0,0.0
B12,1832.0,0.0
B12,1833.0,0.0
B12,1834.0,0.0
B12,1835.0,0.0
B12,1836.0,0.0
B12,1837.0,0.0
B12,1838.0,0.0
B12,1839.0,0.0
B12,1840.0,0.0
B12,1841.0,0.0
B12,1842.0,0.0
B12,1843.0,0.0
B12,1844.0,0.0
B12,1845.0,0.0
B12,1846.0,0.0
B12,1847.0,0.0
B12,1848.0,0.0
B12,1849.0,0.0
B12,1850.0,0.0
B12,1851.0,0.0
B12,1852.0,0.0
B12,1853.0,0.0
B12,1854.0,0.0
B12,1855.0,0.0
B12,1856.0,0.0
B12,1857.0,0.0
B12,1858.0,0.0
B12,1859.0,0.0
B12,1860.0,0.0
B12,1861.0,0.0
B12,1862.0,0.0
B12,1863.0,0.0
B12,1864.0,0.0
B12,1865.0,0.0
B12,1866.0,0.0
B12,1867.0,0.0
B12,1868.0,0.0
B12,1869.0,0.0
B12,1870.0,0.0
B12,1871.0,0.0
B12,1872.0,0.0
B12,1873.0,0.0
B12,1874.0,0.0
B12,1875.0,0.0
B12,1876.0,0.0
B12,1877.0,0.0
B12,1878.0,0.0
B12,1879.0,0.0
B12,1880.0,0.0
B12,1881.0,0.0
B12,1882.0,0.0
B12,1883.0,0.0
B12,1884.0,0.0
B12,1885.0,0.0
B12,1886.0,0.0
B12,1887.0,0.0
B12,1888.0,0.0
B12,1889.0,0.0
B12,1890.0,0.0
B12,1891.0,0.0
B12,1892.0,0.0
B12,1893.0,0.0
B12,1894.0,0.0
B12,1895.0,0.0
B12,1896.0,0.0
B12,1897.0,0.0
B12,1898.0,0.0
B12,1899.0,0.0
B12,1900.0,0.0
B12,1901.0,0.0
B12,1902.0,0.0
B12,1903.0,0.0
B12,1904.0,0.0
B12,1905.0,0.0
B12,1906.0,0.0
B12,1907.0,0.0
B12,1908.0,0.0
B12,1909.0,0.0
B12,1910.0,0.0
B12,1911.0,0.0
B12,1912.0,0.0
B12,1913.0,0.0
B12,1914.0,0.0
B12,1915.0,0.0
B12,1916.0,0.0
B12,1917.0,0.0
B12,1918.0,0.0
B12,1919.0,0.0
B12,1920.0,0.0
B12,1921.0,0.0
B12,1922.0,0.0
B12,1923.0,0.0
B12,1924.0,0.0
B12,1925.0,0.0
B12,1926.0,0.0
B12,1927.0,0.0
B12,1928.0,0.0
B12,1929.0,0.0
B12,1930.0,0.0
B12,1931.0,0.0
B12,1932.0,0.0
B12,1933.0,0.0
B12,1934.0,0.0
B12,1935.0,0.0
B12,1936.0,0.0
B12,1937.0,0.0
B12,1938.0,0.0
B12,1939.0,0.0
B12,1940.0,0.0
B12,1941.0,0.0
B12,1942.0,0.0
B12,1943.0,0.0
B12,1944.0,0.0
B12,1945.0,0.0
B12,1946.0,0.0
B12,1947.0,0.0
B12,1948.0,0.0
B12,1949.0,0.0
B12,1950.0,0.0
B12,1951.0,0.0
B12,1952.0,0.0
B12,1953.0,0.0
B12,1954.0,0.0
B12,1955.0,0.0
B12,1956.0,0.0
B12,1957.0,0.0
B12,1958.0,0.0
B12,1959.0,0.0
B12,1960.0,0.0
B12,1961.0,0.0
B12,1962.0,0.0
B12,1963.0,0.0
B12,1964.0,0.0
B12,1965.0,0.0
B12,1966.0,0.0
B12,1967.0,0.0
B12,1968.0,0.0
B12,1969.0,0.0
B12,1970.0,0.0
B12,1971.0,0.0
B12,1972.0,0.0
B12,1973.0,0.0
B12,1974.0,0.0
B12,1975.0,0.0
B12,1976.0,0.0
B12,1977.0,0.0
B12,1978.0,0.0
B12,1979.0,0.0
B12,1980.0,0.0
B12,1981.0,0.0
B12,1982.0,0.0
B12,1983.0,0.0
B12,1984.0,0.0
B12,1985.0,0.0
B12,1986.0,0.0
B12,1987.0,0.0
B12,1988.0,0.0
B12,1989.0,0.0
B12,1990.0,0.0
B12,1991.0,0.0
B12,1992.0,0.0
B12,1993.0,0.0
B12,1994.0,0.0
B12,1995.0,0.0
B12,1996.0,0.0
B12,1997.0,0.0
B12,1998.0,0.0
B12,1999.0,0.0
B12,2000.0,0.0
B12,2001.0,0.0
B12,2002.0,0.0
B12,2003.0,0.0
B12,2004.0,0.0
B12,2005.0,0.0
B12,2006.0,0.0
B12,2007.0,0.0
B12,2008.0,0.0
B12,2009.0,0.0
B12,2010.0,0.0
B12,2011.0,0.0
B12,2012.0,0.0
B12,2013.0,0.0
B12,2014.0,0.0
B12,2015.0,0.0
B12,2016.0,0.0
B12,2017.0,0.0
B12,2018.0,0.0
B12,2019.0,0.0
B12,2020.0,0.0
B12,2021.0,0.0
B12,2022.0,0.0
B12,2023.0,0.0
B12,2024.0,0.0
B12,2025.0,0.0
B12,2026.0,0.0
B12,2027.0,0.0
B12,2028.0,0.0
B12,2029.0,0.0
B12,2030.0,0.0
B12,2031.0,0.0
B12,2032.0,0.0
B12,2033.0,0.0
B12,2034.0,0.0
B12,2035.0,0.0
B12,2036.0,0.0
B12,2037.0,0.0
B12,2038.0,0.0
B12,2039.0,0.0
B12,2040.0,0.0
B12,2041.0,0.0
B12,2042.0,0.0
B12,2043.0,0.0
B12,2044.0,0.0
B12,2045.0,0.0
B12,2046.0,0.0
B12,2047.0,0.0
B12,2048.0,0.0
B12,2049.0,0.0
B12,2050.0,0.0
B12,2051.0,0.0
B12,2052.0,0.0
B12,2053.0,0.0
B12,2054.0,0.0
B12,2055.0,0.0
B12,2056.0,0.0
B12,2057.0,0.0
B12,2058.0,0.0
B12,2059.0,0.0
B12,2060.0,0.0
B12,2061.0,0.0
B12,2062.0,0.0
B12,2063.0,0.0
B12,2064.0,0.0
B12,2065.0,0.00022389
B12,2066.0,0.00073676
B12,2067.0,0.00164703
B12,2068.0,0.00301151
B12,2069.0,0.00458328
B12,2070.0,0.00592584
B12,2071.0,0.00752876
B12,2072.0,0.00874103
B12,2073.0,0.01025764
B12,2074.0,0.01222618
B12,2075.0,0.01458055
B12,2076.0,0.01744267
B12,2077.0,0.02104287
B12,2078.0,0.02540339
B12,2079.0,0.03057901
B12,2080.0,0.03719619
B12,2081.0,0.04572365
B12,2082.0,0.05630242
B12,2083.0,0.06994211
B12,2084.0,0.08791078
B12,2085.0,0.11057655
B12,2086.0,0.13873936
B12,2087.0,0.17311239
B12,2088.0,0.21416774
B12,2089.0,0.26175285
B12,2090.0,0.31696031
B12,2091.0,0.38057337
B12,2092.0,0.44916129
B12,2093.0,0.52246923
B12,2094.0,0.59858476
B12,2095.0,0.67183039
B12,2096.0,0.73762307
B12,2097.0,0.79267856
B12,2098.0,0.83543144
B12,2099.0,0.86612544
B12,2100.0,0.88613168
B12,2101.0,0.89739036
B12,2102.0,0.90131058
B12,2103.0,0.90056883
B12,2104.0,0.89688046
B12,2105.0,0.89211284
B12,2106.0,0.88771935
B12,2107.0,0.88417799
B12,2108.0,0.88183136
B12,2109.0,0.88142338
B12,2110.0,0.88242075
B12,2111.0,0.88687585
B12,2112.0,0.89245189
B12,2113.0,0.89861914
B12,2114.0,0.90533051
B12,2115.0,0.91254666
B12,2116.0,0.91988456
B12,2117.0,0.92662076
B12,2118.0,0.93280462
B12,2119.0,0.9381479
B12,2120.0,0.94308713
B12,2121.0,0.94528987
B12,2122.0,0.94711578
B12,2123.0,0.94827846
B12,2124.0,0.94854335
B12,2125.0,0.94782599
B12,2126.0,0.94683272
B12,2127.0,0.94584552
B12,2128.0,0.94458923
B12,2129.0,0.94320642
B12,2130.0,0.94161778
B12,2131.0,0.94216937
B12,2132.0,0.94300085
B12,2133.0,0.94396863
B12,2134.0,0.94500784
B12,2135.0,0.94593652
B12,2136.0,0.94680905
B12,2137.0,0.94766521
B12,2138.0,0.94866638
B12,2139.0,0.94960932
B12,2140.0,0.95040536
B12,2141.0,0.95078607
B12,2142.0,0.95126357
B12,2143.0,0.95205865
B12,2144.0,0.9524548
B12,2145.0,0.95228734
B12,2146.0,0.95215614
B12,2147.0,0.95239704
B12,2148.0,0.95270563
B12,2149.0,0.95306455
B12,2150.0,0.9535262
B12,2151.0,0.95404061
B12,2152.0,0.9545903
B12,2153.0,0.95529443
B12,2154.0,0.95650666
B12,2155.0,0.95774374
B12,2156.0,0.95899449
B12,2157.0,0.96021128
B12,2158.0,0.96117558
B12,2159.0,0.96241242
B12,2160.0,0.96389292
B12,2161.0,0.9633817
B12,2162.0,0.96287807
B12,2163.0,0.96252982
B12,2164.0,0.96163134
B12,2165.0,0.96051578
B12,2166.0,0.95934879
B12,2167.0,0.95816596
B12,2168.0,0.95676127
B12,2169.0,0.95491383
B12,2170.0,0.95287555
B12,2171.0,0.95386662
B12,2172.0,0.95498503
B12,2173.0,0.9555239
B12,2174.0,0.95548083
B12,2175.0,0.9551674
B12,2176.0,0.95442758
B12,2177.0,0.95327341
B12,2178.0,0.95194429
B12,2179.0,0.95041866
B12,2180.0,0.9484181
B12,2181.0,0.94839027
B12,2182.0,0.94838056
B12,2183.0,0.94813039
B12,2184.0,0.94753901
B12,2185.0,0.94645196
B12,2186.0,0.94504703
B12,2187.0,0.9433144
B12,2188.0,0.94197531
B12,2189.0,0.94049427
B12,2190.0,0.93875727
B12,2191.0,0.94132922
B12,2192.0,0.9436129
B12,2193.0,0.94558364
B12,2194.0,0.94711284
B12,2195.0,0.94831802
B12,2196.0,0.94945878
B12,2197.0,0.95060227
B12,2198.0,0.95182631
B12,2199.0,0.95345901
B12,2200.0,0.95510105
B12,2201.0,0.95225316
B12,2202.0,0.95033203
B12,2203.0,0.94956701
B12,2204.0,0.94895037
B12,2205.0,0.94955832
B12,2206.0,0.95152282
B12,2207.0,0.95486528
B12,2208.0,0.95963437
B12,2209.0,0.96607045
B12,2210.0,0.97375116
B12,2211.0,0.97078626
B12,2212.0,0.96900558
B12,2213.0,0.96819786
B12,2214.0,0.96750837
B12,2215.0,0.9674355
B12,2216.0,0.96792378
B12,2217.0,0.96839035
B12,2218.0,0.96883692
B12,2219.0,0.9693902
B12,2220.0,0.96985301
B12,2221.0,0.96898817
B12,2222.0,0.96814874
B12,2223.0,0.96743874
B12,2224.0,0.96638941
B12,2225.0,0.96534457
B12,2226.0,0.96425351
B12,2227.0,0.96281969
B12,2228.0,0.96155971
B12,2229.0,0.96053251
B12,2230.0,0.95926107
B12,2231.0,0.95959913
B12,2232.0,0.96025143
B12,2233.0,0.96154033
B12,2234.0,0.96262988
B12,2235.0,0.96359875
B12,2236.0,0.96467154
B12,2237.0,0.9654114
B12,2238.0,0.96625109
B12,2239.0,0.96744643
B12,2240.0,0.96878244
B12,2241.0,0.97046916
B12,2242.0,0.97234778
B12,2243.0,0.97422228
B12,2244.0,0.9759326
B12,2245.0,0.97713045
B12,2246.0,0.97892333
B12,2247.0,0.98039008
B12,2248.0,0.98147316
B12,2249.0,0.98248415
B12,2250.0,0.9832885
B12,2251.0,0.98458694
B12,2252.0,0.9866985
B12,2253.0,0.98911057
B12,2254.0,0.99119702
B12,2255.0,0.99315819
B12,2256.0,0.99524701
B12,2257.0,0.99668121
B12,2258.0,0.99826512
B12,2259.0,0.99959594
B12,2260.0,1.0
B12,2261.0,0.99866374
B12,2262.0,0.99576531
B12,2263.0,0.99062502
B12,2264.0,0.98155399
B12,2265.0,0.96876193
B12,2266.0,0.95174168
B12,2267.0,0.92942389
B12,2268.0,0.90240499
B12,2269.0,0.8705554
B12,2270.0,0.83207693
B12,2271.0,0.78626172
B12,2272.0,0.73649625
B12,2273.0,0.68202115
B12,2274.0,0.62329799
B12,2275.0,0.56418429
B12,2276.0,0.50680538
B12,2277.0,0.4515209
B12,2278.0,0.4006232
B12,2279.0,0.35430248
B12,2280.0,0.30995212
B12,2281.0,0.26941268
B12,2282.0,0.23418861
B12,2283.0,0.20232924
B12,2284.0,0.17373524
B12,2285.0,0.14941215
B12,2286.0,0.1290062
B12,2287.0,0.11157271
B12,2288.0,0.09693492
B12,2289.0,0.08490613
B12,2290.0,0.07409041
B12,2291.0,0.06449244
B12,2292.0,0.056343
B12,2293.0,0.0493999
B12,2294.0,0.04321207
B12,2295.0,0.03800099
B12,2296.0,0.03348242
B12,2297.0,0.02900748
B12,2298.0,0.0251013
B12,2299.0,0.02003645
B12,2300.0,0.01384563
B12,2301.0,0.00850471
B12,2302.0,0.00443484
B12,2303.0,0.00085324
B12,2304.0,0.0
B12,2305.0,0.0
B12,2306.0,0.0
B12,2307.0,0.0
B12,2308.0,0.0
B12,2309.0,0.0
B12,2310.0,0.0
B12,2311.0,0.0
B12,2312.0,0.0
B12,2313.0,0.0
B12,2314.0,0.0
B12,2315.0,0.0
B12,2316.0,0.0
B12,2317.0,0.0
B12,2318.0,0.0
B12,2319.0,0.0
B12,2320.0,0.0
B12,2321.0,0.0
B12,2322.0,0.0
B12,2323.0,0.0
B12,2324.0,0.0
B12,2325.0,0.0
B12,2326.0,0.0
B12,2327.0,0.0
B12,2328.0,0.0
B12,2329.0,0.0
B12,2330.0,0.0
B12,2331.0,0.0
B12,2332.0,0.0
B12,2333.0,0.0
B12,2334.0,0.0
B12,2335.0,0.0
B12,2336.0,0.0
B12,2337.0,0.0
B12,2338.0,0.0
B12,2339.0,0.0
B12,2340.0,0.0
B12,2341.0,0.0
B12,2342.0,0.0
B12,2343.0,0.0
B12,2344.0,0.0
B12,2345.0,0.0
B12,2346.0,0.0
B12,2347.0,0.0
B12,2348.0,0.0
B12,2349.0,0.0
B12,2350.0,0.0
B12,2351.0,0.0
B12,2352.0,0.0
B12,2353.0,0.0
B12,2354.0,0.0
B12,2355.0,0.0
B12,2356.0,0.0
B12,2357.0,0.0
B12,2358.0,0.0
B12,2359.0,0.0
B12,2360.0,0.0
B12,2361.0,0.0
B12,2362.0,0.0
B12,2363.0,0.0
B12,2364.0,0.0
B12,2365.0,0.0
B12,2366.0,0.0
B12,2367.0,0.0
B12,2368.0,0.0
B12,2369.0,0.0
B12,2370.0,0.0
B12,2371.0,0.0
B12,2372.0,0.0
B12,2373.0,0.0
B12,2374.0,0.0
B12,2375.0,0.0
B12,2376.0,0.0
B12,2377.0,0.0
B12,2378.0,0.0
B12,2379.0,0.0
B12,2380.0,0.0
B12,2381.0,0.0
B12,2382.0,0.0
B12,2383.0,0.0
B12,2384.0,0.0
B12,2385.0,0.0
B12,2386.0,0.0
B12,2387.0,0.0
B12,2388.0,0.0
B12,2389.0,0.0
B12,2390.0,0.0
B12,2391.0,0.0
B12,2392.0,0.0
B12,2393.0,0.0
B12,2394.0,0.0
B12,2395.0,0.0
B12,2396.0,0.0
B12,2397.0,0.0
B12,2398.0,0.0
B12,2399.0,0.0
B12,2400.0,0.0
B12,2401.0,0.0
B12,2402.0,0.0
B12,2403.0,0.0
B12,2404.0,0.0
B12,2405.0,0.0
B12,2406.0,0.0
B12,2407.0,0.0
B12,2408.0,0.0
B12,2409.0,0.0
B12,2410.0,0.0
B12,2411.0,0.0
B12,2412.0,0.0
B12,2413.0,0.0
B12,2414.0,0.0
B12,2415.0,0.0
B12,2416.0,0.0
B12,2417.0,0.0
B12,2418.0,0.0
B12,2419.0,0.0
B12,2420.0,0.0
B12,2421.0,0.0
B12,2422.0,0.0
B12,2423.0,0.0
B12,2424.0,0.0
B12,2425.0,0.0
B12,2426.0,0.0
B12,2427.0,0.0
B12,2428.0,0.0
B12,2429.0,0.0
B12,2430.0,0.0
B12,2431.0,0.0
B12,2432.0,0.0
B12,2433.0,0.0
B12,2434.0,0.0
B12,2435.0,0.0
B12,2436.0,0.0
B12,2437.0,0.0
B12,2438.0,0.0
B12,2439.0,0.0
B12,2440.0,0.0
B12,2441.0,0.0
B12,2442.0,0.0
B12,2443.0,0.0
B12,2444.0,0.0
B12,2445.0,0.0
B12,2446.0,0.0
B12,2447.0,0.0
B12,2448.0,0.0
B12,2449.0,0.0
B12,2450.0,0.0
B12,2451.0,0.0
B12,2452.0,0.0
B12,2453.0,0.0
B12,2454.0,0.0
B12,2455.0,0.0
B12,2456.0,0.0
B12,2457.0,0.0
B12,2458.0,0.0
B12,2459.0,0.0
B12,2460.0,0.0
B12,2461.0,0.0
B12,2462.0,0.0
B12,2463.0,0.0
B12,2464.0,0.0
B12,2465.0,0.0
B12,2466.0,0.0
B12,2467.0,0.0
B12,2468.0,0.0
B12,2469.0,0.0
B12,2470.0,0.0
B12,2471.0,0.0
B12,2472.0,0.0
B12,2473.0,0.0
B12,2474.0,0.0
B12,2475.0,0.0
B12,2476.0,0.0
B12,2477.0,0.0
B12,2478.0,0.0
B12,2479.0,0.0
B12,2480.0,0.0
B12,2481.0,0.0
B12,2482.0,0.0
B12,2483.0,0.0
B12,2484.0,0.0
B12,2485.0,0.0
B12,2486.0,0.0
B12,2487.0,0.0
B12,2488.0,0.0
B12,2489.0,0.0
B12,2490.0,0.0
B12,2491.0,0.0
B12,2492.0,0.0
B12,2493.0,0.0
B12,2494.0,0.0
B12,2495.0,0.0
B12,2496.0,0.0
B12,2497.0,0.0
B12,2498.0,0.0
B12,2499.0,0.0
B12,2500.0,0.0
B12,2501.0,0.0
B12,2502.0,0.0
B12,2503.0,0.0
B12,2504.0,0.0
B12,2505.0,0.0
B12,2506.0,0.0
B12,2507.0,0.0
B12,2508.0,0.0
B12,2509.0,0.0
B12,2510.0,0.0
B12,2511.0,0.0
B12,2512.0,0.0
B12,2513.0,0.0
B12,2514.0,0.0
B12,2515.0,0.0
B12,2516.0,0.0
B12,2517.0,0.0
B12,2518.0,0.0
B12,2519.0,0.0
B12,2520.0,0.0
B12,2521.0,0.0
B12,2522.0,0.0
B12,2523.0,0.0
B12,2524.0,0.0
B12,2525.0,0.0
B12,2526.0,0.0
B12,2527.0,0.0
B12,2528.0,0.0
B12,2529.0,0.0
B12,2530.0,0.0
B12,2531.0,0.0
B12,2532.0,0.0
B12,2533.0,0.0
B12,2534.0,0.0
B12,2535.0,0.0
B12,2536.0,0.0
B12,2537.0,0.0
B12,2538.0,0.0
B12,2539.0,0.0
B12,2540.0,0.0
B12,2541.0,0.0
B12,2542.0,0.0
B12,2543.0,0.0
B12,2544.0,0.0
B12,2545.0,0.0
B12,2546.0,0.0
B12,2547.0,0.0
B12,2548.0,0.0
B12,2549.0,0.0
B12,2550.0,0.0
B12,2551.0,0.0
B12,2552.0,0.0
B12,2553.0,0.0
B12,2554.0,0.0
B12,2555.0,0.0
B12,2556.0,0.0
B12,2557.0,0.0
B12,2558.0,0.0
B12,2559.0,0.0
B12,2560.0,0.0
B12,2561.0,0.0
B12,2562.0,0.0
B12,2563.0,0.0
B12,2564.0,0.0
B12,2565.0,0.0
B12,2566.0,0.0
B12,2567.0,0.0
B12,2568.0,0.0
B12,2569.0,0.0
B12,2570.0,0.0
B12,2571.0,0.0
B12,2572.0,0.0
B12,2573.0,0.0
B12,2574.0,0.0
B12,2575.0,0.0
B12,2576.0,0.0
B12,2577.0,0.0
B12,2578.0,0.0
B12,2579.0,0.0
B12,2580.0,0.0
B12,2581.0,0.0
B12,2582.0,0.0
B12,2583.0,0.0
B12,2584.0,0.0
B12,2585.0,0.0
B12,2586.0,0.0
B12,2587.0,0.0
B12,2588.0,0.0
B12,2589.0,0.0
B12,2590.0,0.0
B12,2591.0,0.0
B12,2592.0,0.0
B12,2593.0,0.0
B12,2594.0,0.0
B12,2595.0,0.0
B12,2596.0,0.0
B12,2597.0,0.0
B12,2598.0,0.0
B12,2599.0,0.0
B12,2600.0,0.0
B8A,300.0,0.0
B8A,301.0,0.0
B8A,302.0,0.0
B8A,303.0,0.0
B8A,304.0,0.0
B8A,305.0,0.0
B8A,306.0,0.0
B8A,307.0,0.0
B8A,308.0,0.0
B8A,309.0,0.0
B8A,310.0,0.0
B8A,311.0,0.0
B8A,312.0,0.0
B8A,313.0,0.0
B8A,314.0,0.0
B8A,315.0,0.0
B8A,316.0,0.0
B8A,317.0,0.0
B8A,318.0,0.0
B8A,319.0,0.0
B8A,320.0,0.0
B8A,321.0,0.0
B8A,322.0,0.0
B8A,323.0,0.0
B8A,324.0,0.0
B8A,325.0,0.0
B8A,326.0,0.0
B8A,327.0,0.0
B8A,328.0,0.0
B8A,329.0,0.0
B8A,330.0,0.0
B8A,331.0,0.0
B8A,332.0,0.0
B8A,333.0,0.0
B8A,334.0,0.0
B8A,335.0,0.0
B8A,336.0,0.0
B8A,337.0,0.0
B8A,338.0,0.0
B8A,339.0,0.0
B8A,340.0,0.0
B8A,341.0,0.0
B8A,342.0,0.0
B8A,343.0,0.0
B8A,344.0,0.0
B8A,345.0,0.0
B8A,346.0,0.0
B8A,347.0,0.0
B8A,348.0,0.0
B8A,349.0,0.0
B8A,350.0,0.0
B8A,351.0,0.0
B8A,352.0,0.0
B8A,353.0,0.0
B8A,354.0,0.0
B8A,355.0,0.0
B8A,356.0,0.0
B8A,357.0,0.0
B8A,358.0,0.0
B8A,359.0,0.0
B8A,360.0,0.0
B8A,361.0,0.0
B8A,362.0,0.0
B8A,363.0,0.0
B8A,364.0,0.0
B8A,365.0,0.0
B8A,366.0,0.0
B8A,367.0,0.0
B8A,368.0,0.0
B8A,369.0,0.0
B8A,370.0,0.0
B8A,371.0,0.0
B8A,372.0,0.0
B8A,373.0,0.0
B8A,374.0,0.0
B8A,375.0,0.0
B8A,376.0,0.0
B8A,377.0,0.0
B8A,378.0,0.0
B8A,379.0,0.0
B8A,380.0,0.0
B8A,381.0,0.0
B8A,382.0,0.0
B8A,383.0,0.0
B8A,384.0,0.0
B8A,385.0,0.0
B8A,386.0,0.0
B8A,387.0,0.0
B8A,388.0,0.0
B8A,389.0,0.0
B8A,390.0,0.0
B8A,391.0,0.0
B8A,392.0,0.0
B8A,393.0,0.0
B8A,394.0,0.0
B8A,395.0,0.0
B8A,396.0,0.0
B8A,397.0,0.0
B8A,398.0,0.0
B8A,399.0,0.0
B8A,400.0,0.0
B8A,401.0,0.0
B8A,402.0,0.0
B8A,403.0,0.0
B8A,404.0,0.0
B8A,405.0,0.0
B8A,406.0,0.0
B8A,407.0,0.0
B8A,408.0,0.0
B8A,409.0,0.0
B8A,410.0,0.0
B8A,411.0,0.0
B8A,412.0,0.0
B8A,413.0,0.0
B8A,414.0,0.0
B8A,415.0,0.0
B8A,416.0,0.0
B8A,417.0,0.0
B8A,418.0,0.0
B8A,419.0,0.0
B8A,420.0,0.0
B8A,421.0,0.0
B8A,422.0,0.0
B8A,423.0,0.0
B8A,424.0,0.0
B8A,425.0,0.0
B8A,426.0,0.0
B8A,427.0,0.0
B8A,428.0,0.0
B8A,429.0,0.0
B8A,430.0,0.0
B8A,431.0,0.0
B8A,432.0,0.0
B8A,433.0,0.0
B8A,434.0,0.0
B8A,435.0,0.0
B8A,436.0,0.0
B8A,437.0,0.0
B8A,438.0,0.0
B8A,439.0,0.0
B8A,440.0,0.0
B8A,441.0,0.0
B8A,442.0,0.0
B8A,443.0,0.0
B8A,444.0,0.0
B8A,445.0,0.0
B8A,446.0,0.0
B8A,447.0,0.0
B8A,448.0,0.0
B8A,449.0,0.0
B8A,450.0,0.0
B8A,451.0,0.0
B8A,452.0,0.0
B8A,453.0,0.0
B8A,454.0,0.0
B8A,455.0,0.0
B8A,456.0,0.0
B8A,457.0,0.0
B8A,458.0,0.0
B8A,459.0,0.0
B8A,460.0,0.0
B8A,461.0,0.0
B8A,462.0,0.0
B8A,463.0,0.0
B8A,464.0,0.0
B8A,465.0,0.0
B8A,466.0,0.0
B8A,467.0,0.0
B8A,468.0,0.0
B8A,469.0,0.0
B8A,470.0,0.0
B8A,471.0,0.0
B8A,472.0,0.0
B8A,473.0,0.0
B8A,474.0,0.0
B8A,475.0,0.0
B8A,476.0,0.0
B8A,477.0,0.0
B8A,478.0,0.0
B8A,479.0,0.0
B8A,480.0,0.0
B8A,481.0,0.0
B8A,482.0,0.0
B8A,483.0,0.0
B8A,484.0,0.0
B8A,485.0,0.0
B8A,486.0,0.0
B8A,487.0,0.0
B8A,488.0,0.0
B8A,489.0,0.0
B8A,490.0,0.0
B8A,491.0,0.0
B8A,492.0,0.0
B8A,493.0,0.0
B8A,494.0,0.0
B8A,495.0,0.0
B8A,496.0,0.0
B8A,497.0,0.0
B8A,498.0,0.0
B8A,499.0,0.0
B8A,500.0,0.0
B8A,501.0,0.0
B8A,502.0,0.0
B8A,503.0,0.0
B8A,504.0,0.0
B8A,505.0,0.0
B8A,506.0,0.0
B8A,507.0,0.0
B8A,508.0,0.0
B8A,509.0,0.0
B8A,510.0,0.0
B8A,511.0,0.0
B8A,512.0,0.0
B8A,513.0,0.0
B8A,514.0,0.0
B8A,515.0,0.0
B8A,516.0,0.0
B8A,517.0,0.0
B8A,518.0,0.0
B8A,519.0,0.0
B8A,520.0,0.0
B8A,521.0,0.0
B8A,522.0,0.0
B8A,523.0,0.0
B8A,524.0,0.0
B8A,525.0,0.0
B8A,526.0,0.0
B8A,527.0,0.0
B8A,528.0,0.0
B8A,529.0,0.0
B8A,530.0,0.0
B8A,531.0,0.0
B8A,532.0,0.0
B8A,533.0,0.0
B8A,534.0,0.0
B8A,535.0,0.0
B8A,536.0,0.0
B8A,537.0,0.0
B8A,538.0,0.0
B8A,539.0,0.0
B8A,540.0,0.0
B8A,541.0,0.0
B8A,542.0,0.0
B8A,543.0,0.0
B8A,544.0,0.0
B8A,545.0,0.0
B8A,546.0,0.0
B8A,547.0,0.0
B8A,548.0,0.0
B8A,549.0,0.0
B8A,550.0,0.0
B8A,551.0,0.0
B8A,552.0,0.0
B8A,553.0,0.0
B8A,554.0,0.0
B8A,555.0,0.0
B8A,556.0,0.0
B8A,557.0,0.0
B8A,558.0,0.0
B8A,559.0,0.0
B8A,560.0,0.0
B8A,561.0,0.0
B8A,562.0,0.0
B8A,563.0,0.0
B8A,564.0,0.0
B8A,565.0,0.0
B8A,566.0,0.0
B8A,567.0,0.0
B8A,568.0,0.0
B8A,569.0,0.0
B8A,570.0,0.0
B8A,571.0,0.0
B8A,572.0,0.0
B8A,573.0,0.0
B8A,574.0,0.0
B8A,575.0,0.0
B8A,576.0,0.0
B8A,577.0,0.0
B8A,578.0,0.0
B8A,579.0,0.0
B8A,580.0,0.0
B8A,581.0,0.0
B8A,582.0,0.0
B8A,583.0,0.0
B8A,584.0,0.0
B8A,585.0,0.0
B8A,586.0,0.0
B8A,587.0,0.0
B8A,588.0,0.0
B8A,589.0,0.0
B8A,590.0,0.0
B8A,591.0,0.0
B8A,592.0,0.0
B8A,593.0,0.0
B8A,594.0,0.0
B8A,595.0,0.0
B8A,596.0,0.0
B8A,597.0,0.0
B8A,598.0,0.0
B8A,599.0,0.0
B8A,600.0,0.0
B8A,601.0,0.0
B8A,602.0,0.0
B8A,603.0,0.0
B8A,604.0,0.0
B8A,605.0,0.0
B8A,606.0,0.0
B8A,607.0,0.0
B8A,608.0,0.0
B8A,609.0,0.0
B8A,610.0,0.0
B8A,611.0,0.0
B8A,612.0,0.0
B8A,613.0,0.0
B8A,614.0,0.0
B8A,615.0,0.0
B8A,616.0,0.0
B8A,617.0,0.0
B8A,618.0,0.0
B8A,619.0,0.0
B8A,620.0,0.0
B8A,621.0,0.0
B8A,622.0,0.0
B8A,623.0,0.0
B8A,624.0,0.0
B8A,625.0,0.0
B8A,626.0,0.0
B8A,627.0,0.0
B8A,628.0,0.0
B8A,629.0,0.0
B8A,630.0,0.0
B8A,631.0,0.0
B8A,632.0,0.0
B8A,633.0,0.0
B8A,634.0,0.0
B8A,635.0,0.0
B8A,636.0,0.0
B8A,637.0,0.0
B8A,638.0,0.0
B8A,639.0,0.0
B8A,640.0,0.0
B8A,641.0,0.0
B8A,642.0,0.0
B8A,643.0,0.0
B8A,644.0,0.0
B8A,645.0,0.0
B8A,646.0,0.0
B8A,647.0,0.0
B8A,648.0,0.0
B8A,649.0,0.0
B8A,650.0,0.0
B8A,651.0,0.0
B8A,652.0,0.0
B8A,653.0,0.0
B8A,654.0,0.0
B8A,655.0,0.0
B8A,656.0,0.0
B8A,657.0,0.0
B8A,658.0,0.0
B8A,659.0,0.0
B8A,660.0,0.0
B8A,661.0,0.0
B8A,662.0,0.0
B8A,663.0,0.0
B8A,664.0,0.0
B8A,665.0,0.0
B8A,666.0,0.0
B8A,667.0,0.0
B8A,668.0,0.0
B8A,669.0,0.0
B8A,670.0,0.0
B8A,671.0,0.0
B8A,672.0,0.0
B8A,673.0,0.0
B8A,674.0,0.0
B8A,675.0,0.0
B8A,676.0,0.0
B8A,677.0,0.0
B8A,678.0,0.0
B8A,679.0,0.0
B8A,680.0,0.0
B8A,681.0,0.0
B8A,682.0,0.0
B8A,683.0,0.0
B8A,684.0,0.0
B8A,685.0,0.0
B8A,686.0,0.0
B8A,687.0,0.0
B8A,688.0,0.0
B8A,689.0,0.0
B8A,690.0,0.0
B8A,691.0,0.0
B8A,692.0,0.0
B8A,693.0,0.0
B8A,694.0,0.0
B8A,695.0,0.0
B8A,696.0,0.0
B8A,697.0,0.0
B8A,698.0,0.0
B8A,699.0,0.0
B8A,700.0,0.0
B8A,701.0,0.0
B8A,702.0,0.0
B8A,703.0,0.0
B8A,704.0,0.0
B8A,705.0,0.0
B8A,706.0,0.0
B8A,707.0,0.0
B8A,708.0,0.0
B8A,709.0,0.0
B8A,710.0,0.0
B8A,711.0,0.0
B8A,712.0,0.0
B8A,713.0,0.0
B8A,714.0,0.0
B8A,715.0,0.0
B8A,716.0,0.0
B8A,717.0,0.0
B8A,718.0,0.0
B8A,719.0,0.0
B8A,720.0,0.0
B8A,721.0,0.0
B8A,722.0,0.0
B8A,723.0,0.0
B8A,724.0,0.0
B8A,725.0,0.0
B8A,726.0,0.0
B8A,727.0,0.0
B8A,728.0,0.0
B8A,729.0,0.0
B8A,730.0,0.0
B8A,731.0,0.0
B8A,732.0,0.0
B8A,733.0,0.0
B8A,734.0,0.0
B8A,735.0,0.0
B8A,736.0,0.0
B8A,737.0,0.0
B8A,738.0,0.0
B8A,739.0,0.0
B8A,740.0,0.0
B8A,741.0,0.0
B8A,742.0,0.0
B8A,743.0,0.0
B8A,744.0,0.0
B8A,745.0,0.0
B8A,746.0,0.0
B8A,747.0,0.0
B8A,748.0,0.0
B8A,749.0,0.0
B8A,750.0,0.0
B8A,751.0,0.0
B8A,752.0,0.0
B8A,753.0,0.0
B8A,754.0,0.0
B8A,755.0,0.0
B8A,756.0,0.0
B8A,757.0,0.0
B8A,758.0,0.0
B8A,759.0,0.0
B8A,760.0,0.0
B8A,761.0,0.0
B8A,762.0,0.0
B8A,763.0,0.0
B8A,764.0,0.0
B8A,765.0,0.0
B8A,766.0,0.0
B8A,767.0,0.0
B8A,768.0,0.0
B8A,769.0,0.0
B8A,770.0,0.0
B8A,771.0,0.0
B8A,772.0,0.0
B8A,773.0,0.0
B8A,774.0,0.0
B8A,775.0,0.0
B8A,776.0,0.0
B8A,777.0,0.0
B8A,778.0,0.0
B8A,779.0,0.0
B8A,780.0,0.0
B8A,781.0,0.0
B8A,782.0,0.0
B8A,783.0,0.0
B8A,784.0,0.0
B8A,785.0,0.0
B8A,786.0,0.0
B8A,787.0,0.0
B8A,788.0,0.0
B8A,789.0,0.0
B8A,790.0,0.0
B8A,791.0,0.0
B8A,792.0,0.0
B8A,793.0,0.0
B8A,794.0,0.0
B8A,795.0,0.0
B8A,796.0,0.0
B8A,797.0,0.0
B8A,798.0,0.0
B8A,799.0,0.0
B8A,800.0,0.0
B8A,801.0,0.0
B8A,802.0,0.0
B8A,803.0,0.0
B8A,804.0,0.0
B8A,805.0,0.0
B8A,806.0,0.0
B8A,807.0,0.0
B8A,808.0,0.0
B8A,809.0,0.0
B8A,810.0,0.0
B8A,811.0,0.0
B8A,812.0,0.0
B8A,813.0,0.0
B8A,814.0,0.0
B8A,815.0,0.0
B8A,816.0,0.0
B8A,817.0,0.0
B8A,818.0,0.0
B8A,819.0,0.0
B8A,820.0,0.0
B8A,821.0,0.0
B8A,822.0,0.0
B8A,823.0,0.0
B8A,824.0,0.0
B8A,825.0,0.0
B8A,826.0,0.0
B8A,827.0,0.0
B8A,828.0,0.0
B8A,829.0,0.0
B8A,830.0,0.0
B8A,831.0,0.0
B8A,832.0,0.0
B8A,833.0,0.0
B8A,834.0,0.0
B8A,835.0,0.0
B8A,836.0,0.0
B8A,837.0,0.0
B8A,838.0,0.0
B8A,839.0,0.0
B8A,840.0,0.0
B8A,841.0,0.0
B8A,842.0,0.0
B8A,843.0,0.0
B8A,844.0,0.0
B8A,845.0,0.0
B8A,846.0,0.0
B8A,847.0,0.0
B8A,848.0,0.00167523
B8A,849.0,0.01602231
B8A,850.0,0.03225867
B8A,851.0,0.07345268
B8A,852.0,0.1689243
B8A,853.0,0.34543042
B8A,854.0,0.56923369
B8A,855.0,0.79611745
B8A,856.0,0.93749188
B8A,857.0,0.98102805
B8A,858.0,0.98742384
B8A,859.0,0.99457226
B8A,860.0,0.99912415
B8A,861.0,0.99993652
B8A,862.0,1.0
B8A,863.0,0.99437257
B8A,864.0,0.98756135
B8A,865.0,0.98263615
B8A,866.0,0.9790323
B8A,867.0,0.97397518
B8A,868.0,0.97130259
B8A,869.0,0.9645338
B8A,870.0,0.95610202
B8A,871.0,0.93941552
B8A,872.0,0.89155652
B8A,873.0,0.77601041
B8A,874.0,0.5951886
B8A,875.0,0.37588812
B8A,876.0,0.18394037
B8A,877.0,0.07870072
B8A,878.0,0.0332686
B8A,879.0,0.01575167
B8A,880.0,0.00159818
B8A,881.0,0.0
B8A,882.0,0.0
B8A,883.0,0.0
B8A,884.0,0.0
B8A,885.0,0.0
B8A,886.0,0.0
B8A,887.0,0.0
B8A,888.0,0.0
B8A,889.0,0.0
B8A,890.0,0.0
B8A,891.0,0.0
B8A,892.0,0.0
B8A,893.0,0.0
B8A,894.0,0.0
B8A,895.0,0.0
B8A,896.0,0.0
B8A,897.0,0.0
B8A,898.0,0.0
B8A,899.0,0.0
B8A,900.0,0.0
B8A,901.0,0.0
B8A,902.0,0.0
B8A,903.0,0.0
B8A,904.0,0.0
B8A,905.0,0.0
B8A,906.0,0.0
B8A,907.0,0.0
B8A,908.0,0.0
B8A,909.0,0.0
B8A,910.0,0.0
B8A,911.0,0.0
B8A,912.0,0.0
B8A,913.0,0.0
B8A,914.0,0.0
B8A,915.0,0.0
B8A,916.0,0.0
B8A,917.0,0.0
B8A,918.0,0.0
B8A,919.0,0.0
B8A,920.0,0.0
B8A,921.0,0.0
B8A,922.0,0.0
B8A,923.0,0.0
B8A,924.0,0.0
B8A,925.0,0.0
B8A,926.0,0.0
B8A,927.0,0.0
B8A,928.0,0.0
B8A,929.0,0.0
B8A,930.0,0.0
B8A,931.0,0.0
B8A,932.0,0.0
B8A,933.0,0.0
B8A,934.0,0.0
B8A,935.0,0.0
B8A,936.0,0.0
B8A,937.0,0.0
B8A,938.0,0.0
B8A,939.0,0.0
B8A,940.0,0.0
B8A,941.0,0.0
B8A,942.0,0.0
B8A,943.0,0.0
B8A,944.0,0.0
B8A,945.0,0.0
B8A,946.0,0.0
B8A,947.0,0.0
B8A,948.0,0.0
B8A,949.0,0.0
B8A,950.0,0.0
B8A,951.0,0.0
B8A,952.0,0.0
B8A,953.0,0.0
B8A,954.0,0.0
B8A,955.0,0.0
B8A,956.0,0.0
B8A,957.0,0.0
B8A,958.0,0.0
B8A,959.0,0.0
B8A,960.0,0.0
B8A,961.0,0.0
B8A,962.0,0.0
B8A,963.0,0.0
B8A,964.0,0.0
B8A,965.0,0.0
B8A,966.0,0.0
B8A,967.0,0.0
B8A,968.0,0.0
B8A,969.0,0.0
B8A,970.0,0.0
B8A,971.0,0.0
B8A,972.0,0.0
B8A,973.0,0.0
B8A,974.0,0.0
B8A,975.0,0.0
B8A,976.0,0.0
B8A,977.0,0.0
B8A,978.0,0.0
B8A,979.0,0.0
B8A,980.0,0.0
B8A,981.0,0.0
B8A,982.0,0.0
B8A,983.0,0.0
B8A,984.0,0.0
B8A,985.0,0.0
B8A,986.0,0.0
B8A,987.0,0.0
B8A,988.0,0.0
B8A,989.0,0.0
B8A,990.0,0.0
B8A,991.0,0.0
B8A,992.0,0.0
B8A,993.0,0.0
B8A,994.0,0.0
B8A,995.0,0.0
B8A,996.0,0.0
B8A,997.0,0.0
B8A,998.0,0.0
B8A,999.0,0.0
B8A,1000.0,0.0
B8A,1001.0,0.0
B8A,1002.0,0.0
B8A,1003.0,0.0
B8A,1004.0,0.0
B8A,1005.0,0.0
B8A,1006.0,0.0
B8A,1007.0,0.0
B8A,1008.0,0.0
B8A,1009.0,0.0
B8A,1010.0,0.0
B8A,1011.0,0.0
B8A,1012.0,0.0
B8A,1013.0,0.0
B8A,1014.0,0.0
B8A,1015.0,0.0
B8A,1016.0,0.0
B8A,1017.0,0.0
B8A,1018.0,0.0
B8A,1019.0,0.0
B8A,1020.0,0.0
B8A,1021.0,0.0
B8A,1022.0,0.0
B8A,1023.0,0.0
B8A,1024.0,0.0
B8A,1025.0,0.0
B8A,1026.0,0.0
B8A,1027.0,0.0
B8A,1028.0,0.0
B8A,1029.0,0.0
B8A,1030.0,0.0
B8A,1031.0,0.0
B8A,1032.0,0.0
B8A,1033.0,0.0
B8A,1034.0,0.0
B8A,1035.0,0.0
B8A,1036.0,0.0
B8A,1037.0,0.0
B8A,1038.0,0.0
B8A,1039.0,0.0
B8A,1040.0,0.0
B8A,1041.0,0.0
B8A,1042.0,0.0
B8A,1043.0,0.0
B8A,1044.0,0.0
B8A,1045.0,0.0
B8A,1046.0,0.0
B8A,1047.0,0.0
B8A,1048.0,0.0
B8A,1049.0,0.0
B8A,1050.0,0.0
B8A,1051.0,0.0
B8A,1052.0,0.0
B8A,1053.0,0.0
B8A,1054.0,0.0
B8A,1055.0,0.0
B8A,1056.0,0.0
B8A,1057.0,0.0
B8A,1058.0,0.0
B8A,1059.0,0.0
B8A,1060.0,0.0
B8A,1061.0,0.0
B8A,1062.0,0.0
B8A,1063.0,0.0
B8A,1064.0,0.0
B8A,1065.0,0.0
B8A,1066.0,0.0
B8A,1067.0,0.0
B8A,1068.0,0.0
B8A,1069.0,0.0
B8A,1070.0,0.0
B8A,1071.0,0.0
B8A,1072.0,0.0
B8A,1073.0,0.0
B8A,1074.0,0.0
B8A,1075.0,0.0
B8A,1076.0,0.0
B8A,1077.0,0.0
B8A,1078.0,0.0
B8A,1079.0,0.0
B8A,1080.0,0.0
B8A,1081.0,0.0
B8A,1082.0,0.0
B8A,1083.0,0.0
B8A,1084.0,0.0
B8A,1085.0,0.0
B8A,1086.0,0.0
B8A,1087.0,0.0
B8A,1088.0,0.0
B8A,1089.0,0.0
B8A,1090.0,0.0
B8A,1091.0,0.0
B8A,1092.0,0.0
B8A,1093.0,0.0
B8A,1094.0,0.0
B8A,1095.0,0.0
B8A,1096.0,0.0
B8A,1097.0,0.0
B8A,1098.0,0.0
B8A,1099.0,0.0
B8A,1100.0,0.0
B8A,1101.0,0.0
B8A,1102.0,0.0
B8A,1103.0,0.0
B8A,1104.0,0.0
B8A,1105.0,0.0
B8A,1106.0,0.0
B8A,1107.0,0.0
B8A,1108.0,0.0
B8A,1109.0,0.0
B8A,1110.0,0.0
B8A,1111.0,0.0
B8A,1112.0,0.0
B8A,1113.0,0.0
B8A,1114.0,0.0
B8A,1115.0,0.0
B8A,1116.0,0.0
B8A,1117.0,0.0
B8A,1118.0,0.0
B8A,1119.0,0.0
B8A,1120.0,0.0
B8A,1121.0,0.0
B8A,1122.0,0.0
B8A,1123.0,0.0
B8A,1124.0,0.0
B8A,1125.0,0.0
B8A,1126.0,0.0
B8A,1127.0,0.0
B8A,1128.0,0.0
B8A,1129.0,0.0
B8A,1130.0,0.0
B8A,1131.0,0.0
B8A,1132.0,0.0
B8A,1133.0,0.0
B8A,1134.0,0.0
B8A,1135.0,0.0
B8A,1136.0,0.0
B8A,1137.0,0.0
B8A,1138.0,0.0
B8A,1139.0,0.0
B8A,1140.0,0.0
B8A,1141.0,0.0
B8A,1142.0,0.0
B8A,1143.0,0.0
B8A,1144.0,0.0
B8A,1145.0,0.0
B8A,1146.0,0.0
B8A,1147.0,0.0
B8A,1148.0,0.0
B8A,1149.0,0.0
B8A,1150.0,0.0
B8A,1151.0,0.0
B8A,1152.0,0.0
B8A,1153.0,0.0
B8A,1154.0,0.0
B8A,1155.0,0.0
B8A,1156.0,0.0
B8A,1157.0,0.0
B8A,1158.0,0.0
B8A,1159.0,0.0
B8A,1160.0,0.0
B8A,1161.0,0.0
B8A,1162.0,0.0
B8A,1163.0,0.0
B8A,1164.0,0.0
B8A,1165.0,0.0
B8A,1166.0,0.0
B8A,1167.0,0.0
B8A,1168.0,0.0
B8A,1169.0,0.0
B8A,1170.0,0.0
B8A,1171.0,0.0
B8A,1172.0,0.0
B8A,1173.0,0.0
B8A,1174.0,0.0
B8A,1175.0,0.0
B8A,1176.0,0.0
B8A,1177.0,0.0
B8A,1178.0,0.0
B8A,1179.0,0.0
B8A,1180.0,0.0
B8A,1181.0,0.0
B8A,1182.0,0.0
B8A,1183.0,0.0
B8A,1184.0,0.0
B8A,1185.0,0.0
B8A,1186.0,0.0
B8A,1187.0,0.0
B8A,1188.0,0.0
B8A,1189.0,0.0
B8A,1190.0,0.0
B8A,1191.0,0.0
B8A,1192.0,0.0
B8A,1193.0,0.0
B8A,1194.0,0.0
B8A,1195.0,0.0
B8A,1196.0,0.0
B8A,1197.0,0.0
B8A,1198.0,0.0
B8A,1199.0,0.0
B8A,1200.0,0.0
B8A,1201.0,0.0
B8A,1202.0,0.0
B8A,1203.0,0.0
B8A,1204.0,0.0
B8A,1205.0,0.0
B8A,1206.0,0.0
B8A,1207.0,0.0
B8A,1208.0,0.0
B8A,1209.0,0.0
B8A,1210.0,0.0
B8A,1211.0,0.0
B8A,1212.0,0.0
B8A,1213.0,0.0
B8A,1214.0,0.0
B8A,1215.0,0.0
B8A,1216.0,0.0
B8A,1217.0,0.0
B8A,1218.0,0.0
B8A,1219.0,0.0
B8A,1220.0,0.0
B8A,1221.0,0.0
B8A,1222.0,0.0
B8A,1223.0,0.0
B8A,1224.0,0.0
B8A,1225.0,0.0
B8A,1226.0,0.0
B8A,1227.0,0.0
B8A,1228.0,0.0
B8A,1229.0,0.0
B8A,1230.0,0.0
B8A,1231.0,0.0
B8A,1232.0,0.0
B8A,1233.0,0.0
B8A,1234.0,0.0
B8A,1235.0,0.0
B8A,1236.0,0.0
B8A,1237.0,0.0
B8A,1238.0,0.0
B8A,1239.0,0.0
B8A,1240.0,0.0
B8A,1241.0,0.0
B8A,1242.0,0.0
B8A,1243.0,0.0
B8A,1244.0,0.0
B8A,1245.0,0.0
B8A,1246.0,0.0
B8A,1247.0,0.0
B8A,1248.0,0.0
B8A,1249.0,0.0
B8A,1250.0,0.0
B8A,1251.0,0.0
B8A,1252.0,0.0
B8A,1253.0,0.0
B8A,1254.0,0.0
B8A,1255.0,0.0
B8A,1256.0,0.0
B8A,1257.0,0.0
B8A,1258.0,0.0
B8A,1259.0,0.0
B8A,1260.0,0.0
B8A,1261.0,0.0
B8A,1262.0,0.0
B8A,1263.0,0.0
B8A,1264.0,0.0
B8A,1265.0,0.0
B8A,1266.0,0.0
B8A,1267.0,0.0
B8A,1268.0,0.0
B8A,1269.0,0.0
B8A,1270.0,0.0
B8A,1271.0,0.0
B8A,1272.0,0.0
B8A,1273.0,0.0
B8A,1274.0,0.0
B8A,1275.0,0.0
B8A,1276.0,0.0
B8A,1277.0,0.0
B8A,1278.0,0.0
B8A,1279.0,0.0
B8A,1280.0,0.0
B8A,1281.0,0.0
B8A,1282.0,0.0
B8A,1283.0,0.0
B8A,1284.0,0.0
B8A,1285.0,0.0
B8A,1286.0,0.0
B8A,1287.0,0.0
B8A,1288.0,0.0
B8A,1289.0,0.0
B8A,1290.0,0.0
B8A,1291.0,0.0
B8A,1292.0,0.0
B8A,1293.0,0.0
B8A,1294.0,0.0
B8A,1295.0,0.0
B8A,1296.0,0.0
B8A,1297.0,0.0
B8A,1298.0,0.0
B8A,1299.0,0.0
B8A,1300.0,0.0
B8A,1301.0,0.0
B8A,1302.0,0.0
B8A,1303.0,0.0
B8A,1304.0,0.0
B8A,1305.0,0.0
B8A,1306.0,0.0
B8A,1307.0,0.0
B8A,1308.0,0.0
B8A,1309.0,0.0
B8A,1310.0,0.0
B8A,1311.0,0.0
B8A,1312.0,0.0
B8A,1313.0,0.0
B8A,1314.0,0.0
B8A,1315.0,0.0
B8A,1316.0,0.0
B8A,1317.0,0.0
B8A,1318.0,0.0
B8A,1319.0,0.0
B8A,1320.0,0.0
B8A,1321.0,0.0
B8A,1322.0,0.0
B8A,1323.0,0.0
B8A,1324.0,0.0
B8A,1325.0,0.0
B8A,1326.0,0.0
B8A,1327.0,0.0
B8A,1328.0,0.0
B8A,1329.0,0.0
B8A,1330.0,0.0
B8A,1331.0,0.0
B8A,1332.0,0.0
B8A,1333.0,0.0
B8A,1334.0,0.0
B8A,1335.0,0.0
B8A,1336.0,0.0
B8A,1337.0,0.0
B8A,1338.0,0.0
B8A,1339.0,0.0
B8A,1340.0,0.0
B8A,1341.0,0.0
B8A,1342.0,0.0
B8A,1343.0,0.0
B8A,1344.0,0.0
B8A,1345.0,0.0
B8A,1346.0,0.0
B8A,1347.0,0.0
B8A,1348.0,0.0
B8A,1349.0,0.0
B8A,1350.0,0.0
B8A,1351.0,0.0
B8A,1352.0,0.0
B8A,1353.0,0.0
B8A,1354.0,0.0
B8A,1355.0,0.0
B8A,1356.0,0.0
B8A,1357.0,0.0
B8A,1358.0,0.0
B8A,1359.0,0.0
B8A,1360.0,0.0
B8A,1361.0,0.0
B8A,1362.0,0.0
B8A,1363.0,0.0
B8A,1364.0,0.0
B8A,1365.0,0.0
B8A,1366.0,0.0
B8A,1367.0,0.0
B8A,1368.0,0.0
B8A,1369.0,0.0
B8A,1370.0,0.0
B8A,1371.0,0.0
B8A,1372.0,0.0
B8A,1373.0,0.0
B8A,1374.0,0.0
B8A,1375.0,0.0
B8A,1376.0,0.0
B8A,1377.0,0.0
B8A,1378.0,0.0
B8A,1379.0,0.0
B8A,1380.0,0.0
B8A,1381.0,0.0
B8A,1382.0,0.0
B8A,1383.0,0.0
B8A,1384.0,0.0
B8A,1385.0,0.0
B8A,1386.0,0.0
B8A,1387.0,0.0
B8A,1388.0,0.0
B8A,1389.0,0.0
B8A,1390.0,0.0
B8A,1391.0,0.0
B8A,1392.0,0.0
B8A,1393.0,0.0
B8A,1394.0,0.0
B8A,1395.0,0.0
B8A,1396.0,0.0
B8A,1397.0,0.0
B8A,1398.0,0.0
B8A,1399.0,0.0
B8A,1400.0,0.0
B8A,1401.0,0.0
B8A,1402.0,0.0
B8A,1403.0,0.0
B8A,1404.0,0.0
B8A,1405.0,0.0
B8A,1406.0,0.0
B8A,1407.0,0.0
B8A,1408.0,0.0
B8A,1409.0,0.0
B8A,1410.0,0.0
B8A,1411.0,0.0
B8A,1412.0,0.0
B8A,1413.0,0.0
B8A,1414.0,0.0
B8A,1415.0,0.0
B8A,1416.0,0.0
B8A,1417.0,0.0
B8A,1418.0,0.0
B8A,1419.0,0.0
B8A,1420.0,0.0
B8A,1421.0,0.0
B8A,1422.0,0.0
B8A,1423.0,0.0
B8A,1424.0,0.0
B8A,1425.0,0.0
B8A,1426.0,0.0
B8A,1427.0,0.0
B8A,1428.0,0.0
B8A,1429.0,0.0
B8A,1430.0,0.0
B8A,1431.0,0.0
B8A,1432.0,0.0
B8A,1433.0,0.0
B8A,1434.0,0.0
B8A,1435.0,0.0
B8A,1436.0,0.0
B8A,1437.0,0.0
B8A,1438.0,0.0
B8A,1439.0,0.0
B8A,1440.0,0.0
B8A,1441.0,0.0
B8A,1442.0,0.0
B8A,1443.0,0.0
B8A,1444.0,0.0
B8A,1445.0,0.0
B8A,1446.0,0.0
B8A,1447.0,0.0
B8A,1448.0,0.0
B8A,1449.0,0.0
B8A,1450.0,0.0
B8A,1451.0,0.0
B8A,1452.0,0.0
B8A,1453.0,0.0
B8A,1454.0,0.0
B8A,1455.0,0.0
B8A,1456.0,0.0
B8A,1457.0,0.0
B8A,1458.0,0.0
B8A,1459.0,0.0
B8A,1460.0,0.0
B8A,1461.0,0.0
B8A,1462.0,0.0
B8A,1463.0,0.0
B8A,1464.0,0.0
B8A,1465.0,0.0
B8A,1466.0,0.0
B8A,1467.0,0.0
B8A,1468.0,0.0
B8A,1469.0,0.0
B8A,1470.0,0.0
B8A,1471.0,0.0
B8A,1472.0,0.0
B8A,1473.0,0.0
B8A,1474.0,0.0
B8A,1475.0,0.0
B8A,1476.0,0.0
B8A,1477.0,0.0
B8A,1478.0,0.0
B8A,1479.0,0.0
B8A,1480.0,0.0
B8A,1481.0,0.0
B8A,1482.0,0.0
B8A,1483.0,0.0
B8A,1484.0,0.0
B8A,1485.0,0.0
B8A,1486.0,0.0
B8A,1487.0,0.0
B8A,1488.0,0.0
B8A,1489.0,0.0
B8A,1490.0,0.0
B8A,1491.0,0.0
B8A,1492.0,0.0
B8A,1493.0,0.0
B8A,1494.0,0.0
B8A,1495.0,0.0
B8A,1496.0,0.0
B8A,1497.0,0.0
B8A,1498.0,0.0
B8A,1499.0,0.0
B8A,1500.0,0.0
B8A,1501.0,0.0
B8A,1502.0,0.0
B8A,1503.0,0.0
B8A,1504.0,0.0
B8A,1505.0,0.0
B8A,1506.0,0.0
B8A,1507.0,0.0
B8A,1508.0,0.0
B8A,1509.0,0.0
B8A,1510.0,0.0
B8A,1511.0,0.0
B8A,1512.0,0.0
B8A,1513.0,0.0
B8A,1514.0,0.0
B8A,1515.0,0.0
B8A,1516.0,0.0
B8A,1517.0,0.0
B8A,1518.0,0.0
B8A,1519.0,0.0
B8A,1520.0,0.0
B8A,1521.0,0.0
B8A,1522.0,0.0
B8A,1523.0,0.0
B8A,1524.0,0.0
B8A,1525.0,0.0
B8A,1526.0,0.0
B8A,1527.0,0.0
B8A,1528.0,0.0
B8A,1529.0,0.0
B8A,1530.0,0.0
B8A,1531.0,0.0
B8A,1532.0,0.0
B8A,1533.0,0.0
B8A,1534.0,0.0
B8A,1535.0,0.0
B8A,1536.0,0.0
B8A,1537.0,0.0
B8A,1538.0,0.0
B8A,1539.0,0.0
B8A,1540.0,0.0
B8A,1541.0,0.0
B8A,1542.0,0.0
B8A,1543.0,0.0
B8A,1544.0,0.0
B8A,1545.0,0.0
B8A,1546.0,0.0
B8A,1547.0,0.0
B8A,1548.0,0.0
B8A,1549.0,0.0
B8A,1550.0,0.0
B8A,1551.0,0.0
B8A,1552.0,0.0
B8A,1553.0,0.0
B8A,1554.0,0.0
B8A,1555.0,0.0
B8A,1556.0,0.0
B8A,1557.0,0.0
B8A,1558.0,0.0
B8A,1559.0,0.0
B8A,1560.0,0.0
B8A,1561.0,0.0
B8A,1562.0,0.0
B8A,1563.0,0.0
B8A,1564.0,0.0
B8A,1565.0,0.0
B8A,1566.0,0.0
B8A,1567.0,0.0
B8A,1568.0,0.0
B8A,1569.0,0.0
B8A,1570.0,0.0
B8A,1571.0,0.0
B8A,1572.0,0.0
B8A,1573.0,0.0
B8A,1574.0,0.0
B8A,1575.0,0.0
B8A,1576.0,0.0
B8A,1577.0,0.0
B8A,1578.0,0.0
B8A,1579.0,0.0
B8A,1580.0,0.0
B8A,1581.0,0.0
B8A,1582.0,0.0
B8A,1583.0,0.0
B8A,1584.0,0.0
B8A,1585.0,0.0
B8A,1586.0,0.0
B8A,1587.0,0.0
B8A,1588.0,0.0
B8A,1589.0,0.0
B8A,1590.0,0.0
B8A,1591.0,0.0
B8A,1592.0,0.0
B8A,1593.0,0.0
B8A,1594.0,0.0
B8A,1595.0,0.0
B8A,1596.0,0.0
B8A,1597.0,0.0
B8A,1598.0,0.0
B8A,1599.0,0.0
B8A,1600.0,0.0
B8A,1601.0,0.0
B8A,1602.0,0.0
B8A,1603.0,0.0
B8A,1604.0,0.0
B8A,1605.0,0.0
B8A,1606.0,0.0
B8A,1607.0,0.0
B8A,1608.0,0.0
B8A,1609.0,0.0
B8A,1610.0,0.0
B8A,1611.0,0.0
B8A,1612.0,0.0
B8A,1613.0,0.0
B8A,1614.0,0.0
B8A,1615.0,0.0
B8A,1616.0,0.0
B8A,1617.0,0.0
B8A,1618.0,0.0
B8A,1619.0,0.0
B8A,1620.0,0.0
B8A,1621.0,0.0
B8A,1622.0,0.0
B8A,1623.0,0.0
B8A,1624.0,0.0
B8A,1625.0,0.0
B8A,1626.0,0.0
B8A,1627.0,0.0
B8A,1628.0,0.0
B8A,1629.0,0.0
B8A,1630.0,0.0
B8A,1631.0,0.0
B8A,1632.0,0.0
B8A,1633.0,0.0
B8A,1634.0,0.0
B8A,1635.0,0.0
B8A,1636.0,0.0
B8A,1637.0,0.0
B8A,1638.0,0.0
B8A,1639.0,0.0
B8A,1640.0,0.0
B8A,1641.0,0.0
B8A,1642.0,0.0
B8A,1643.0,0.0
B8A,1644.0,0.0
B8A,1645.0,0.0
B8A,1646.0,0.0
B8A,1647.0,0.0
B8A,1648.0,0.0
B8A,1649.0,0.0
B8A,1650.0,0.0
B8A,1651.0,0.0
B8A,1652.0,0.0
B8A,1653.0,0.0
B8A,1654.0,0.0
B8A,1655.0,0.0
B8A,1656.0,0.0
B8A,1657.0,0.0
B8A,1658.0,0.0
B8A,1659.0,0.0
B8A,1660.0,0.0
B8A,1661.0,0.0
B8A,1662.0,0.0
B8A,1663.0,0.0
B8A,1664.0,0.0
B8A,1665.0,0.0
B8A,1666.0,0.0
B8A,1667.0,0.0
B8A,1668.0,0.0
B8A,1669.0,0.0
B8A,1670.0,0.0
B8A,1671.0,0.0
B8A,1672.0,0.0
B8A,1673.0,0.0
B8A,1674.0,0.0
B8A,1675.0,0.0
B8A,1676.0,0.0
B8A,1677.0,0.0
B8A,1678.0,0.0
B8A,1679.0,0.0
B8A,1680.0,0.0
B8A,1681.0,0.0
B8A,1682.0,0.0
B8A,1683.0,0.0
B8A,1684.0,0.0
B8A,1685.0,0.0
B8A,1686.0,0.0
B8A,1687.0,0.0
B8A,1688.0,0.0
B8A,1689.0,0.0
B8A,1690.0,0.0
B8A,1691.0,0.0
B8A,1692.0,0.0
B8A,1693.0,0.0
B8A,1694.0,0.0
B8A,1695.0,0.0
B8A,1696.0,0.0
B8A,1697.0,0.0
B8A,1698.0,0.0
B8A,1699.0,0.0
B8A,1700.0,0.0
B8A,1701.0,0.0
B8A,1702.0,0.0
B8A,1703.0,0.0
B8A,1704.0,0.0
B8A,1705.0,0.0
B8A,1706.0,0.0
B8A,1707.0,0.0
B8A,1708.0,0.0
B8A,1709.0,0.0
B8A,1710.0,0.0
B8A,1711.0,0.0
B8A,1712.0,0.0
B8A,1713.0,0.0
B8A,1714.0,0.0
B8A,1715.0,0.0
B8A,1716.0,0.0
B8A,1717.0,0.0
B8A,1718.0,0.0
B8A,1719.0,0.0
B8A,1720.0,0.0
B8A,1721.0,0.0
B8A,1722.0,0.0
B8A,1723.0,0.0
B8A,1724.0,0.0
B8A,1725.0,0.0
B8A,1726.0,0.0
B8A,1727.0,0.0
B8A,1728.0,0.0
B8A,1729.0,0.0
B8A,1730.0,0.0
B8A,1731.0,0.0
B8A,1732.0,0.0
B8A,1733.0,0.0
B8A,1734.0,0.0
B8A,1735.0,0.0
B8A,1736.0,0.0
B8A,1737.0,0.0
B8A,1738.0,0.0
B8A,1739.0,0.0
B8A,1740.0,0.0
B8A,1741.0,0.0
B8A,1742.0,0.0
B8A,1743.0,0.0
B8A,1744.0,0.0
B8A,1745.0,0.0
B8A,1746.0,0.0
B8A,1747.0,0.0
B8A,1748.0,0.0
B8A,1749.0,0.0
B8A,1750.0,0.0
B8A,1751.0,0.0
B8A,1752.0,0.0
B8A,1753.0,0.0
B8A,1754.0,0.0
B8A,1755.0,0.0
B8A,1756.0,0.0
B8A,1757.0,0.0
B8A,1758.0,0.0
B8A,1759.0,0.0
B8A,1760.0,0.0
B8A,1761.0,0.0
B8A,1762.0,0.0
B8A,1763.0,0.0
B8A,1764.0,0.0
B8A,1765.0,0.0
B8A,1766.0,0.0
B8A,1767.0,0.0
B8A,1768.0,0.0
B8A,1769.0,0.0
B8A,1770.0,0.0
B8A,1771.0,0.0
B8A,1772.0,0.0
B8A,1773.0,0.0
B8A,1774.0,0.0
B8A,1775.0,0.0
B8A,1776.0,0.0
B8A,1777.0,0.0
B8A,1778.0,0.0
B8A,1779.0,0.0
B8A,1780.0,0.0
B8A,1781.0,0.0
B8A,1782.0,0.0
B8A,1783.0,0.0
B8A,1784.0,0.0
B8A,1785.0,0.0
B8A,1786.0,0.0
B8A,1787.0,0.0
B8A,1788.0,0.0
B8A,1789.0,0.0
B8A,1790.0,0.0
B8A,1791.0,0.0
B8A,1792.0,0.0
B8A,1793.0,0.0
B8A,1794.0,0.0
B8A,1795.0,0.0
B8A,1796.0,0.0
B8A,1797.0,0.0
B8A,1798.0,0.0
B8A,1799.0,0.0
B8A,1800.0,0.0
B8A,1801.0,0.0
B8A,1802.0,0.0
B8A,1803.0,0.0
B8A,1804.0,0.0
B8A,1805.0,0.0
B8A,1806.0,0.0
B8A,1807.0,0.0
B8A,1808.0,0.0
B8A,1809.0,0.0
B8A,1810.0,0.0
B8A,1811.0,0.0
B8A,1812.0,0.0
B8A,1813.0,0.0
B8A,1814.0,0.0
B8A,1815.0,0.0
B8A,1816.0,0.0
B8A,1817.0,0.0
B8A,1818.0,0.0
B8A,1819.0,0.0
B8A,1820.0,0.0
B8A,1821.0,0.0
B8A,1822.0,0.0
B8A,1823.0,0.0
B8A,1824.0,0.0
B8A,1825.0,0.0
B8A,1826.0,0.0
B8A,1827.0,0.0
B8A,1828.0,0.0
B8A,1829.0,0.0
B8A,1830.0,0.0
B8A,1831.0,0.0
B8A,1832.0,0.0
B8A,1833.0,0.0
B8A,1834.0,0.0
B8A,1835.0,0.0
B8A,1836.0,0.0
B8A,1837.0,0.0
B8A,1838.0,0.0
B8A,1839.0,0.0
B8A,1840.0,0.0
B8A,1841.0,0.0
B8A,1842.0,0.0
B8A,1843.0,0.0
B8A,1844.0,0.0
B8A,1845.0,0.0
B8A,1846.0,0.0
B8A,1847.0,0.0
B8A,1848.0,0.0
B8A,1849.0,0.0
B8A,1850.0,0.0
B8A,1851.0,0.0
B8A,1852.0,0.0
B8A,1853.0,0.0
B8A,1854.0,0.0
B8A,1855.0,0.0
B8A,1856.0,0.0
B8A,1857.0,0.0
B8A,1858.0,0.0
B8A,1859.0,0.0
B8A,1860.0,0.0
B8A,1861.0,0.0
B8A,1862.0,0.0
B8A,1863.0,0.0
B8A,1864.0,0.0
B8A,1865.0,0.0
B8A,1866.0,0.0
B8A,1867.0,0.0
B8A,1868.0,0.0
B8A,1869.0,0.0
B8A,1870.0,0.0
B8A,1871.0,0.0
B8A,1872.0,0.0
B8A,1873.0,0.0
B8A,1874.0,0.0
B8A,1875.0,0.0
B8A,1876.0,0.0
B8A,1877.0,0.0
B8A,1878.0,0.0
B8A,1879.0,0.0
B8A,1880.0,0.0
B8A,1881.0,0.0
B8A,1882.0,0.0
B8A,1883.0,0.0
B8A,1884.0,0.0
B8A,1885.0,0.0
B8A,1886.0,0.0
B8A,1887.0,0.0
B8A,1888.0,0.0
B8A,1889.0,0.0
B8A,1890.0,0.0
B8A,1891.0,0.0
B8A,1892.0,0.0
B8A,1893.0,0.0
B8A,1894.0,0.0
B8A,1895.0,0.0
B8A,1896.0,0.0
B8A,1897.0,0.0
B8A,1898.0,0.0
B8A,1899.0,0.0
B8A,1900.0,0.0
B8A,1901.0,0.0
B8A,1902.0,0.0
B8A,1903.0,0.0
B8A,1904.0,0.0
B8A,1905.0,0.0
B8A,1906.0,0.0
B8A,1907.0,0.0
B8A,1908.0,0.0
B8A,1909.0,0.0
B8A,1910.0,0.0
B8A,1911.0,0.0
B8A,1912.0,0.0
B8A,1913.0,0.0
B8A,1914.0,0.0
B8A,1915.0,0.0
B8A,1916.0,0.0
B8A,1917.0,0.0
B8A,1918.0,0.0
B8A,1919.0,0.0
B8A,1920.0,0.0
B8A,1921.0,0.0
B8A,1922.0,0.0
B8A,1923.0,0.0
B8A,1924.0,0.0
B8A,1925.0,0.0
B8A,1926.0,0.0
B8A,1927.0,0.0
B8A,1928.0,0.0
B8A,1929.0,0.0
B8A,1930.0,0.0
B8A,1931.0,0.0
B8A,1932.0,0.0
B8A,1933.0,0.0
B8A,1934.0,0.0
B8A,1935.0,0.0
B8A,1936.0,0.0
B8A,1937.0,0.0
B8A,1938.0,0.0
B8A,1939.0,0.0
B8A,1940.0,0.0
B8A,1941.0,0.0
B8A,1942.0,0.0
B8A,1943.0,0.0
B8A,1944.0,0.0
B8A,1945.0,0.0
B8A,1946.0,0.0
B8A,1947.0,0.0
B8A,1948.0,0.0
B8A,1949.0,0.0
B8A,1950.0,0.0
B8A,1951.0,0.0
B8A,1952.0,0.0
B8A,1953.0,0.0
B8A,1954.0,0.0
B8A,1955.0,0.0
B8A,1956.0,0.0
B8A,1957.0,0.0
B8A,1958.0,0.0
B8A,1959.0,0.0
B8A,1960.0,0.0
B8A,1961.0,0.0
B8A,1962.0,0.0
B8A,1963.0,0.0
B8A,1964.0,0.0
B8A,1965.0,0.0
B8A,1966.0,0.0
B8A,1967.0,0.0
B8A,1968.0,0.0
B8A,1969.0,0.0
B8A,1970.0,0.0
B8A,1971.0,0.0
B8A,1972.0,0.0
B8A,1973.0,0.0
B8A,1974.0,0.0
B8A,1975.0,0.0
B8A,1976.0,0.0
B8A,1977.0,0.0
B8A,1978.0,0.0
B8A,1979.0,0.0
B8A,1980.0,0.0
B8A,1981.0,0.0
B8A,1982.0,0.0
B8A,1983.0,0.0
B8A,1984.0,0.0
B8A,1985.0,0.0
B8A,1986.0,0.0
B8A,1987.0,0.0
B8A,1988.0,0.0
B8A,1989.0,0.0
B8A,1990.0,0.0
B8A,1991.0,0.0
B8A,1992.0,0.0
B8A,1993.0,0.0
B8A,1994.0,0.0
B8A,1995.0,0.0
B8A,1996.0,0.0
B8A,1997.0,0.0
B8A,1998.0,0.0
B8A,1999.0,0.0
B8A,2000.0,0.0
B8A,2001.0,0.0
B8A,2002.0,0.0
B8A,2003.0,0.0
B8A,2004.0,0.0
B8A,2005.0,0.0
B8A,2006.0,0.0
B8A,2007.0,0.0
B8A,2008.0,0.0
B8A,2009.0,0.0
B8A,2010.0,0.0
B8A,2011.0,0.0
B8A,2012.0,0.0
B8A,2013.0,0.0
B8A,2014.0,0.0
B8A,2015.0,0.0
B8A,2016.0,0.0
B8A,2017.0,0.0
B8A,2018.0,0.0
B8A,2019.0,0.0
B8A,2020.0,0.0
B8A,2021.0,0.0
B8A,2022.0,0.0
B8A,2023.0,0.0
B8A,2024.0,0.0
B8A,2025.0,0.0
B8A,2026.0,0.0
B8A,2027.0,0.0
B8A,2028.0,0.0
B8A,2029.0,0.0
B8A,2030.0,0.0
B8A,2031.0,0.0
B8A,2032.0,0.0
B8A,2033.0,0.0
B8A,2034.0,0.0
B8A,2035.0,0.0
B8A,2036.0,0.0
B8A,2037.0,0.0
B8A,2038.0,0.0
B8A,2039.0,0.0
B8A,2040.0,0.0
B8A,2041.0,0.0
B8A,2042.0,0.0
B8A,2043.0,0.0
B8A,2044.0,0.0
B8A,2045.0,0.0
B8A,2046.0,0.0
B8A,2047.0,0.0
B8A,2048.0,0.0
B8A,2049.0,0.0
B8A,2050.0,0.0
B8A,2051.0,0.0
B8A,2052.0,0.0
B8A,2053.0,0.0
B8A,2054.0,0.0
B8A,2055.0,0.0
B8A,2056.0,0.0
B8A,2057.0,0.0
B8A,2058.0,0.0
B8A,2059.0,0.0
B8A,2060.0,0.0
B8A,2061.0,0.0
B8A,2062.0,0.0
B8A,2063.0,0.0
B8A,2064.0,0.0
B8A,2065.0,0.0
B8A,2066.0,0.0
B8A,2067.0,0.0
B8A,2068.0,0.0
B8A,2069.0,0.0
B8A,2070.0,0.0
B8A,2071.0,0.0
B8A,2072.0,0.0
B8A,2073.0,0.0
B8A,2074.0,0.0
B8A,2075.0,0.0
B8A,2076.0,0.0
B8A,2077.0,0.0
B8A,2078.0,0.0
B8A,2079.0,0.0
B8A,2080.0,0.0
B8A,2081.0,0.0
B8A,2082.0,0.0
B8A,2083.0,0.0
B8A,2084.0,0.0
B8A,2085.0,0.0
B8A,2086.0,0.0
B8A,2087.0,0.0
B8A,2088.0,0.0
B8A,2089.0,0.0
B8A,2090.0,0.0
B8A,2091.0,0.0
B8A,2092.0,0.0
B8A,2093.0,0.0
B8A,2094.0,0.0
B8A,2095.0,0.0
B8A,2096.0,0.0
B8A,2097.0,0.0
B8A,2098.0,0.0
B8A,2099.0,0.0
B8A,2100.0,0.0
B8A,2101.0,0.0
B8A,2102.0,0.0
B8A,2103.0,0.0
B8A,2104.0,0.0
B8A,2105.0,0.0
B8A,2106.0,0.0
B8A,2107.0,0.0
B8A,2108.0,0.0
B8A,2109.0,0.0
B8A,2110.0,0.0
B8A,2111.0,0.0
B8A,2112.0,0.0
B8A,2113.0,0.0
B8A,2114.0,0.0
B8A,2115.0,0.0
B8A,2116.0,0.0
B8A,2117.0,0.0
B8A,2118.0,0.0
B8A,2119.0,0.0
B8A,2120.0,0.0
B8A,2121.0,0.0
B8A,2122.0,0.0
B8A,2123.0,0.0
B8A,2124.0,0.0
B8A,2125.0,0.0
B8A,2126.0,0.0
B8A,2127.0,0.0
B8A,2128.0,0.0
B8A,2129.0,0.0
B8A,2130.0,0.0
B8A,2131.0,0.0
B8A,2132.0,0.0
B8A,2133.0,0.0
B8A,2134.0,0.0
B8A,2135.0,0.0
B8A,2136.0,0.0
B8A,2137.0,0.0
B8A,2138.0,0.0
B8A,2139.0,0.0
B8A,2140.0,0.0
B8A,2141.0,0.0
B8A,2142.0,0.0
B8A,2143.0,0.0
B8A,2144.0,0.0
B8A,2145.0,0.0
B8A,2146.0,0.0
B8A,2147.0,0.0
B8A,2148.0,0.0
B8A,2149.0,0.0
B8A,2150.0,0.0
B8A,2151.0,0.0
B8A,2152.0,0.0
B8A,2153.0,0.0
B8A,2154.0,0.0
B8A,2155.0,0.0
B8A,2156.0,0.0
B8A,2157.0,0.0
B8A,2158.0,0.0
B8A,2159.0,0.0
B8A,2160.0,0.0
B8A,2161.0,0.0
B8A,2162.0,0.0
B8A,2163.0,0.0
B8A,2164.0,0.0
B8A,2165.0,0.0
B8A,2166.0,0.0
B8A,2167.0,0.0
B8A,2168.0,0.0
B8A,2169.0,0.0
B8A,2170.0,0.0
B8A,2171.0,0.0
B8A,2172.0,0.0
B8A,2173.0,0.0
B8A,2174.0,0.0
B8A,2175.0,0.0
B8A,2176.0,0.0
B8A,2177.0,0.0
B8A,2178.0,0.0
B8A,2179.0,0.0
B8A,2180.0,0.0
B8A,2181.0,0.0
B8A,2182.0,0.0
B8A,2183.0,0.0
B8A,2184.0,0.0
B8A,2185.0,0.0
B8A,2186.0,0.0
B8A,2187.0,0.0
B8A,2188.0,0.0
B8A,2189.0,0.0
B8A,2190.0,0.0
B8A,2191.0,0.0
B8A,2192.0,0.0
B8A,2193.0,0.0
B8A,2194.0,0.0
B8A,2195.0,0.0
B8A,2196.0,0.0
B8A,2197.0,0.0
B8A,2198.0,0.0
B8A,2199.0,0.0
B8A,2200.0,0.0
B8A,2201.0,0.0
B8A,2202.0,0.0
B8A,2203.0,0.0
B8A,2204.0,0.0
B8A,2205.0,0.0
B8A,2206.0,0.0
B8A,2207.0,0.0
B8A,2208.0,0.0
B8A,2209.0,0.0
B8A,2210.0,0.0
B8A,2211.0,0.0
B8A,2212.0,0.0
B8A,2213.0,0.0
B8A,2214.0,0.0
B8A,2215.0,0.0
B8A,2216.0,0.0
B8A,2217.0,0.0
B8A,2218.0,0.0
B8A,2219.0,0.0
B8A,2220.0,0.0
B8A,2221.0,0.0
B8A,2222.0,0.0
B8A,2223.0,0.0
B8A,2224.0,0.0
B8A,2225.0,0.0
B8A,2226.0,0.0
B8A,2227.0,0.0
B8A,2228.0,0.0
B8A,2229.0,0.0
B8A,2230.0,0.0
B8A,2231.0,0.0
B8A,2232.0,0.0
B8A,2233.0,0.0
B8A,2234.0,0.0
B8A,2235.0,0.0
B8A,2236.0,0.0
B8A,2237.0,0.0
B8A,2238.0,0.0
B8A,2239.0,0.0
B8A,2240.0,0.0
B8A,2241.0,0.0
B8A,2242.0,0.0
B8A,2243.0,0.0
B8A,2244.0,0.0
B8A,2245.0,0.0
B8A,2246.0,0.0
B8A,2247.0,0.0
B8A,2248.0,0.0
B8A,2249.0,0.0
B8A,2250.0,0.0
B8A,2251.0,0.0
B8A,2252.0,0.0
B8A,2253.0,0.0
B8A,2254.0,0.0
B8A,2255.0,0.0
B8A,2256.0,0.0
B8A,2257.0,0.0
B8A,2258.0,0.0
B8A,2259.0,0.0
B8A,2260.0,0.0
B8A,2261.0,0.0
B8A,2262.0,0.0
B8A,2263.0,0.0
B8A,2264.0,0.0
B8A,2265.0,0.0
B8A,2266.0,0.0
B8A,2267.0,0.0
B8A,2268.0,0.0
B8A,2269.0,0.0
B8A,2270.0,0.0
B8A,2271.0,0.0
B8A,2272.0,0.0
B8A,2273.0,0.0
B8A,2274.0,0.0
B8A,2275.0,0.0
B8A,2276.0,0.0
B8A,2277.0,0.0
B8A,2278.0,0.0
B8A,2279.0,0.0
B8A,2280.0,0.0
B8A,2281.0,0.0
B8A,2282.0,0.0
B8A,2283.0,0.0
B8A,2284.0,0.0
B8A,2285.0,0.0
B8A,2286.0,0.0
B8A,2287.0,0.0
B8A,2288.0,0.0
B8A,2289.0,0.0
B8A,2290.0,0.0
B8A,2291.0,0.0
B8A,2292.0,0.0
B8A,2293.0,0.0
B8A,2294.0,0.0
B8A,2295.0,0.0
B8A,2296.0,0.0
B8A,2297.0,0.0
B8A,2298.0,0.0
B8A,2299.0,0.0
B8A,2300.0,0.0
B8A,2301.0,0.0
B8A,2302.0,0.0
B8A,2303.0,0.0
B8A,2304.0,0.0
B8A,2305.0,0.0
B8A,2306.0,0.0
B8A,2307.0,0.0
B8A,2308.0,0.0
B8A,2309.0,0.0
B8A,2310.0,0.0
B8A,2311.0,0.0
B8A,2312.0,0.0
B8A,2313.0,0.0
B8A,2314.0,0.0
B8A,2315.0,0.0
B8A,2316.0,0.0
B8A,2317.0,0.0
B8A,2318.0,0.0
B8A,2319.0,0.0
B8A,2320.0,0.0
B8A,2321.0,0.0
B8A,2322.0,0.0
B8A,2323.0,0.0
B8A,2324.0,0.0
B8A,2325.0,0.0
B8A,2326.0,0.0
B8A,2327.0,0.0
B8A,2328.0,0.0
B8A,2329.0,0.0
B8A,2330.0,0.0
B8A,2331.0,0.0
B8A,2332.0,0.0
B8A,2333.0,0.0
B8A,2334.0,0.0
B8A,2335.0,0.0
B8A,2336.0,0.0
B8A,2337.0,0.0
B8A,2338.0,0.0
B8A,2339.0,0.0
B8A,2340.0,0.0
B8A,2341.0,0.0
B8A,2342.0,0.0
B8A,2343.0,0.0
B8A,2344.0,0.0
B8A,2345.0,0.0
B8A,2346.0,0.0
B8A,2347.0,0.0
B8A,2348.0,0.0
B8A,2349.0,0.0
B8A,2350.0,0.0
B8A,2351.0,0.0
B8A,2352.0,0.0
B8A,2353.0,0.0
B8A,2354.0,0.0
B8A,2355.0,0.0
B8A,2356.0,0.0
B8A,2357.0,0.0
B8A,2358.0,0.0
B8A,2359.0,0.0
B8A,2360.0,0.0
B8A,2361.0,0.0
B8A,2362.0,0.0
B8A,2363.0,0.0
B8A,2364.0,0.0
B8A,2365.0,0.0
B8A,2366.0,0.0
B8A,2367.0,0.0
B8A,2368.0,0.0
B8A,2369.0,0.0
B8A,2370.0,0.0
B8A,2371.0,0.0
B8A,2372.0,0.0
B8A,2373.0,0.0
B8A,2374.0,0.0
B8A,2375.0,0.0
B8A,2376.0,0.0
B8A,2377.0,0.0
B8A,2378.0,0.0
B8A,2379.0,0.0
B8A,2380.0,0.0
B8A,2381.0,0.0
B8A,2382.0,0.0
B8A,2383.0,0.0
B8A,2384.0,0.0
B8A,2385.0,0.0
B8A,2386.0,0.0
B8A,2387.0,0.0
B8A,2388.0,0.0
B8A,2389.0,0.0
B8A,2390.0,0.0
B8A,2391.0,0.0
B8A,2392.0,0.0
B8A,2393.0,0.0
B8A,2394.0,0.0
B8A,2395.0,0.0
B8A,2396.0,0.0
B8A,2397.0,0.0
B8A,2398.0,0.0
B8A,2399.0,0.0
B8A,2400.0,0.0
B8A,2401.0,0.0
B8A,2402.0,0.0
B8A,2403.0,0.0
B8A,2404.0,0.0
B8A,2405.0,0.0
B8A,2406.0,0.0
B8A,2407.0,0.0
B8A,2408.0,0.0
B8A,2409.0,0.0
B8A,2410.0,0.0
B8A,2411.0,0.0
B8A,2412.0,0.0
B8A,2413.0,0.0
B8A,2414.0,0.0
B8A,2415.0,0.0
B8A,2416.0,0.0
B8A,2417.0,0.0
B8A,2418.0,0.0
B8A,2419.0,0.0
B8A,2420.0,0.0
B8A,2421.0,0.0
B8A,2422.0,0.0
B8A,2423.0,0.0
B8A,2424.0,0.0
B8A,2425.0,0.0
B8A,2426.0,0.0
B8A,2427.0,0.0
B8A,2428.0,0.0
B8A,2429.0,0.0
B8A,2430.0,0.0
B8A,2431.0,0.0
B8A,2432.0,0.0
B8A,2433.0,0.0
B8A,2434.0,0.0
B8A,2435.0,0.0
B8A,2436.0,0.0
B8A,2437.0,0.0
B8A,2438.0,0.0
B8A,2439.0,0.0
B8A,2440.0,0.0
B8A,2441.0,0.0
B8A,2442.0,0.0
B8A,2443.0,0.0
B8A,2444.0,0.0
B8A,2445.0,0.0
B8A,2446.0,0.0
B8A,2447.0,0.0
B8A,2448.0,0.0
B8A,2449.0,0.0
B8A,2450.0,0.0
B8A,2451.0,0.0
B8A,2452.0,0.0
B8A,2453.0,0.0
B8A,2454.0,0.0
B8A,2455.0,0.0
B8A,2456.0,0.0
B8A,2457.0,0.0
B8A,2458.0,0.0
B8A,2459.0,0.0
B8A,2460.0,0.0
B8A,2461.0,0.0
B8A,2462.0,0.0
B8A,2463.0,0.0
B8A,2464.0,0.0
B8A,2465.0,0.0
B8A,2466.0,0.0
B8A,2467.0,0.0
B8A,2468.0,0.0
B8A,2469.0,0.0
B8A,2470.0,0.0
B8A,2471.0,0.0
B8A,2472.0,0.0
B8A,2473.0,0.0
B8A,2474.0,0.0
B8A,2475.0,0.0
B8A,2476.0,0.0
B8A,2477.0,0.0
B8A,2478.0,0.0
B8A,2479.0,0.0
B8A,2480.0,0.0
B8A,2481.0,0.0
B8A,2482.0,0.0
B8A,2483.0,0.0
B8A,2484.0,0.0
B8A,2485.0,0.0
B8A,2486.0,0.0
B8A,2487.0,0.0
B8A,2488.0,0.0
B8A,2489.0,0.0
B8A,2490.0,0.0
B8A,2491.0,0.0
B8A,2492.0,0.0
B8A,2493.0,0.0
B8A,2494.0,0.0
B8A,2495.0,0.0
B8A,2496.0,0.0
B8A,2497.0,0.0
B8A,2498.0,0.0
B8A,2499.0,0.0
B8A,2500.0,0.0
B8A,2501.0,0.0
B8A,2502.0,0.0
B8A,2503.0,0.0
B8A,2504.0,0.0
B8A,2505.0,0.0
B8A,2506.0,0.0
B8A,2507.0,0.0
B8A,2508.0,0.0
B8A,2509.0,0.0
B8A,2510.0,0.0
B8A,2511.0,0.0
B8A,2512.0,0.0
B8A,2513.0,0.0
B8A,2514.0,0.0
B8A,2515.0,0.0
B8A,2516.0,0.0
B8A,2517.0,0.0
B8A,2518.0,0.0
B8A,2519.0,0.0
B8A,2520.0,0.0
B8A,2521.0,0.0
B8A,2522.0,0.0
B8A,2523.0,0.0
B8A,2524.0,0.0
B8A,2525.0,0.0
B8A,2526.0,0.0
B8A,2527.0,0.0
B8A,2528.0,0.0
B8A,2529.0,0.0
B8A,2530.0,0.0
B8A,2531.0,0.0
B8A,2532.0,0.0
B8A,2533.0,0.0
B8A,2534.0,0.0
B8A,2535.0,0.0
B8A,2536.0,0.0
B8A,2537.0,0.0
B8A,2538.0,0.0
B8A,2539.0,0.0
B8A,2540.0,0.0
B8A,2541.0,0.0
B8A,2542.0,0.0
B8A,2543.0,0.0
B8A,2544.0,0.0
B8A,2545.0,0.0
B8A,2546.0,0.0
B8A,2547.0,0.0
B8A,2548.0,0.0
B8A,2549.0,0.0
B8A,2550.0,0.0
B8A,2551.0,0.0
B8A,2552.0,0.0
B8A,2553.0,0.0
B8A,2554.0,0.0
B8A,2555.0,0.0
B8A,2556.0,0.0
B8A,2557.0,0.0
B8A,2558.0,0.0
B8A,2559.0,0.0
B8A,2560.0,0.0
B8A,2561.0,0.0
B8A,2562.0,0.0
B8A,2563.0,0.0
B8A,2564.0,0.0
B8A,2565.0,0.0
B8A,2566.0,0.0
B8A,2567.0,0.0
B8A,2568.0,0.0
B8A,2569.0,0.0
B8A,2570.0,0.0
B8A,2571.0,0.0
B8A,2572.0,0.0
B8A,2573.0,0.0
B8A,2574.0,0.0
B8A,2575.0,0.0
B8A,2576.0,0.0
B8A,2577.0,0.0
B8A,2578.0,0.0
B8A,2579.0,0.0
B8A,2580.0,0.0
B8A,2581.0,0.0
B8A,2582.0,0.0
B8A,2583.0,0.0
B8A,2584.0,0.0
B8A,2585.0,0.0
B8A,2586.0,0.0
B8A,2587.0,0.0
B8A,2588.0,0.0
B8A,2589.0,0.0
B8A,2590.0,0.0
B8A,2591.0,0.0
B8A,2592.0,0.0
B8A,2593.0,0.0
B8A,2594.0,0.0
B8A,2595.0,0.0
B8A,2596.0,0.0
B8A,2597.0,0.0
B8A,2598.0,0.0
B8A,2599.0,0.0
B8A,2600.0,0.0
